报账点名称,报账点编码,缴费单编码,缴费期始,缴费期终,电表编码,电表户号,电表倍率,实际分摊比例,上次分摊比例,电表上期读数,本期读数,电表耗电量,分摊后度数,单价1,电量1,电损电量1,平上期读数,平本期读数,平归零次数,单价2,电量2,电损电量2,峰上期读数,峰本期读数,峰归零次数,单价3,电量3,电损电量3,谷上期读数,谷本期读数,谷归零次数,单价4,电量4,电损电量4,尖上期读数,尖本期读数,尖归零次数,电费不含税金额,电费税金,电损不含税金额,电损税金
鑫龙家园莲花六号小区位置点,"ZDBZD-JS-2025-002255	","JFZDPT-JS-20250211-05461	",2022-02-01,2022-02-28,"1534337708	","3205104313087	",1.000000,100,100.000000,1981.480000,2024.470000,42.99,42.99,0.7269,42.99,-,-,-,-,-,-,-,-,-,-,-,-,-,-,-,-,-,-,-,-,-,-,27.65,3.6,-,-
鑫龙家园莲花六号小区位置点,"ZDBZD-JS-2025-002255	","JFZDPT-JS-20250211-05461	",2022-02-01,2022-02-28,"1534339435	","3205104313426	",1.000000,100,100.000000,1374.380000,1404.380000,30,30,0.7267,30,-,-,-,-,-,-,-,-,-,-,-,-,-,-,-,-,-,-,-,-,-,-,19.29,2.51,-,-
鑫龙家园莲花六号小区位置点,"ZDBZD-JS-2025-002255	","JFZDPT-JS-20250211-05461	",2022-02-01,2022-02-28,"1534349171	","3205104313433	",1.000000,100,100.000000,1362.460000,1392.070000,29.61,29.61,0.7362,29.61,-,-,-,-,-,-,-,-,-,-,-,-,-,-,-,-,-,-,-,-,-,-,19.29,2.51,-,-
鑫龙家园莲花六号小区位置点,"ZDBZD-JS-2025-002255	","JFZDPT-JS-20250211-05461	",2022-02-01,2022-02-28,"1554157659	","3205104313437	",1.000000,100,100.000000,1377.130000,1406.980000,29.85,29.85,0.7303,29.85,-,-,-,-,-,-,-,-,-,-,-,-,-,-,-,-,-,-,-,-,-,-,19.29,2.51,-,-
鑫龙家园莲花六号小区位置点,"ZDBZD-JS-2025-002255	","JFZDPT-JS-20250211-05461	",2022-02-01,2022-02-28,"1534339430	","3205104313446	",1.000000,100,100.000000,1292.530000,1322.280000,29.75,29.75,0.7328,29.75,-,-,-,-,-,-,-,-,-,-,-,-,-,-,-,-,-,-,-,-,-,-,19.29,2.51,-,-
鑫龙家园莲花六号小区位置点,"ZDBZD-JS-2025-002255	","JFZDPT-JS-20250211-05461	",2022-02-01,2022-02-28,"1534337522	","3205104313451	",1.000000,100,100.000000,1454.030000,1484.610000,30.58,30.58,0.7368,30.58,-,-,-,-,-,-,-,-,-,-,-,-,-,-,-,-,-,-,-,-,-,-,19.94,2.59,-,-
鑫龙家园莲花六号小区位置点,"ZDBZD-JS-2025-002255	","JFZDPT-JS-20250211-05461	",2022-02-01,2022-02-28,"1528107567	","3205104315707	",1.000000,100,100.000000,1950.040000,1992.630000,42.59,42.59,0.7337,42.59,-,-,-,-,-,-,-,-,-,-,-,-,-,-,-,-,-,-,-,-,-,-,27.65,3.6,-,-
鑫龙家园莲花六号小区位置点,"ZDBZD-JS-2025-002255	","JFZDPT-JS-20250211-05461	",2022-02-01,2022-02-28,"1556867474	","3205104315719	",1.000000,100,100.000000,1427.160000,1456.940000,29.78,29.78,0.732,29.78,-,-,-,-,-,-,-,-,-,-,-,-,-,-,-,-,-,-,-,-,-,-,19.29,2.51,-,-
鑫龙家园莲花六号小区位置点,"ZDBZD-JS-2025-002255	","JFZDPT-JS-20250211-05461	",2022-02-01,2022-02-28,"1528102930	","3205104315726	",1.000000,100,100.000000,1404.520000,1435.160000,30.64,30.64,0.7353,30.64,-,-,-,-,-,-,-,-,-,-,-,-,-,-,-,-,-,-,-,-,-,-,19.94,2.59,-,-
鑫龙家园莲花六号小区位置点,"ZDBZD-JS-2025-002255	","JFZDPT-JS-20250211-05461	",2022-02-01,2022-02-28,"1559570474	","3205104353226	",1.000000,100,100.000000,641.280000,797.310000,156.03,156.03,0.7265,156.03,-,-,-,-,-,-,-,-,-,-,-,-,-,-,-,-,-,-,-,-,-,-,100.32,13.04,-,-
鑫龙家园莲花六号小区位置点,"ZDBZD-JS-2025-002255	","JFZDPT-JS-20250211-05461	",2022-02-01,2022-02-28,"1547726877	","3205104472953	",1.000000,100,100.000000,1745.180000,1810.670000,65.49,65.49,0.7212,65.49,-,-,-,-,-,-,-,-,-,-,-,-,-,-,-,-,-,-,-,-,-,-,41.8,5.43,-,-
鑫龙家园莲花六号小区位置点,"ZDBZD-JS-2025-002255	","JFZDPT-JS-20250211-05461	",2022-02-01,2022-02-28,"1547633945	","3205104472957	",1.000000,100,100.000000,2178.980000,2246.210000,67.23,67.23,0.7241,67.23,-,-,-,-,-,-,-,-,-,-,-,-,-,-,-,-,-,-,-,-,-,-,43.08,5.6,-,-
鑫龙家园莲花六号小区位置点,"ZDBZD-JS-2025-002255	","JFZDPT-JS-20250211-05461	",2022-02-01,2022-02-28,"1547633944	","3205104472959	",1.000000,100,100.000000,1722.180000,1785.970000,63.79,63.79,0.7291,63.79,-,-,-,-,-,-,-,-,-,-,-,-,-,-,-,-,-,-,-,-,-,-,41.16,5.35,-,-
鑫龙家园莲花六号小区位置点,"ZDBZD-JS-2025-002255	","JFZDPT-JS-20250211-05461	",2022-02-01,2022-02-28,"1547633946	","3205104472963	",1.000000,100,100.000000,1533.970000,1600.580000,66.61,66.61,0.7308,66.61,-,-,-,-,-,-,-,-,-,-,-,-,-,-,-,-,-,-,-,-,-,-,43.08,5.6,-,-
鑫龙家园莲花六号小区位置点,"ZDBZD-JS-2025-002255	","JFZDPT-JS-20250211-05461	",2022-02-01,2022-02-28,"1547634578	","3205104472970	",1.000000,100,100.000000,1492.110000,1539.810000,47.7,47.7,0.7312,47.7,-,-,-,-,-,-,-,-,-,-,-,-,-,-,-,-,-,-,-,-,-,-,30.87,4.01,-,-
鑫龙家园莲花六号小区位置点,"ZDBZD-JS-2025-002255	","JFZDPT-JS-20250211-05461	",2022-02-01,2022-02-28,"1547728488	","3205104474427	",1.000000,100,100.000000,1730.900000,1796.020000,65.12,65.12,0.7253,65.12,-,-,-,-,-,-,-,-,-,-,-,-,-,-,-,-,-,-,-,-,-,-,41.8,5.43,-,-
鑫龙家园莲花六号小区位置点,"ZDBZD-JS-2025-002255	","JFZDPT-JS-20250211-05461	",2022-02-01,2022-02-28,"1547719754	","3205104474457	",1.000000,100,100.000000,4512.920000,4676.060000,163.14,163.14,0.726,163.14,-,-,-,-,-,-,-,-,-,-,-,-,-,-,-,-,-,-,-,-,-,-,104.81,13.63,-,-
鑫龙家园莲花六号小区位置点,"ZDBZD-JS-2025-002255	","JFZDPT-JS-20250211-05461	",2022-02-01,2022-02-28,"1547728484	","3205104474463	",1.000000,100,100.000000,1741.670000,1807.300000,65.63,65.63,0.7308,65.63,-,-,-,-,-,-,-,-,-,-,-,-,-,-,-,-,-,-,-,-,-,-,42.44,5.52,-,-
鑫龙家园莲花六号小区位置点,"ZDBZD-JS-2025-002255	","JFZDPT-JS-20250211-05461	",2022-02-01,2022-02-28,"1547719759	","3205104474467	",1.000000,100,100.000000,1853.350000,1918.470000,65.12,65.12,0.7253,65.12,-,-,-,-,-,-,-,-,-,-,-,-,-,-,-,-,-,-,-,-,-,-,41.8,5.43,-,-
鑫龙家园莲花六号小区位置点,"ZDBZD-JS-2025-002255	","JFZDPT-JS-20250211-05461	",2022-02-01,2022-02-28,"1534271368	","3205104476753	",1.000000,100,100.000000,1671.980000,1734.860000,62.88,62.88,0.7281,62.88,-,-,-,-,-,-,-,-,-,-,-,-,-,-,-,-,-,-,-,-,-,-,40.51,5.27,-,-
鑫龙家园莲花六号小区位置点,"ZDBZD-JS-2025-002255	","JFZDPT-JS-20250211-05461	",2022-02-01,2022-02-28,"1542462053	","3205104476756	",1.000000,100,100.000000,1596.190000,1647.000000,50.81,50.81,0.7294,50.81,-,-,-,-,-,-,-,-,-,-,-,-,-,-,-,-,-,-,-,-,-,-,32.8,4.26,-,-
鑫龙家园莲花六号小区位置点,"ZDBZD-JS-2025-002255	","JFZDPT-JS-20250211-05461	",2022-02-01,2022-02-28,"1534365028	","3205104476757	",1.000000,100,100.000000,1727.160000,1793.530000,66.37,66.37,0.7226,66.37,-,-,-,-,-,-,-,-,-,-,-,-,-,-,-,-,-,-,-,-,-,-,42.44,5.52,-,-
鑫龙家园莲花六号小区位置点,"ZDBZD-JS-2025-002255	","JFZDPT-JS-20250211-05461	",2022-02-01,2022-02-28,"1535669055	","3205104476759	",1.000000,100,100.000000,2443.230000,2533.800000,90.57,90.57,0.73,90.57,-,-,-,-,-,-,-,-,-,-,-,-,-,-,-,-,-,-,-,-,-,-,58.51,7.61,-,-
鑫龙家园莲花六号小区位置点,"ZDBZD-JS-2025-002255	","JFZDPT-JS-20250211-05461	",2022-02-01,2022-02-28,"1535960714	","3205104476763	",1.000000,100,100.000000,3880.020000,4016.540000,136.52,136.52,0.7292,136.52,-,-,-,-,-,-,-,-,-,-,-,-,-,-,-,-,-,-,-,-,-,-,88.1,11.45,-,-
鑫龙家园莲花六号小区位置点,"ZDBZD-JS-2025-002255	","JFZDPT-JS-20250211-05461	",2022-02-01,2022-02-28,"1543218796	","3205104476766	",1.000000,100,100.000000,1880.710000,1946.570000,65.86,65.86,0.7282,65.86,-,-,-,-,-,-,-,-,-,-,-,-,-,-,-,-,-,-,-,-,-,-,42.44,5.52,-,-
鑫龙家园莲花六号小区位置点,"ZDBZD-JS-2025-002255	","JFZDPT-JS-20250211-05461	",2022-02-01,2022-02-28,"1539721710	","3205104476768	",1.000000,100,100.000000,1827.290000,1890.380000,63.09,63.09,0.7256,63.09,-,-,-,-,-,-,-,-,-,-,-,-,-,-,-,-,-,-,-,-,-,-,40.51,5.27,-,-
鑫龙家园莲花六号小区位置点,"ZDBZD-JS-2025-002255	","JFZDPT-JS-20250211-05461	",2022-02-01,2022-02-28,"1534340339	","3205104476772	",1.000000,100,100.000000,1268.910000,1311.740000,42.83,42.83,0.7296,42.83,-,-,-,-,-,-,-,-,-,-,-,-,-,-,-,-,-,-,-,-,-,-,27.65,3.6,-,-
鑫龙家园莲花六号小区位置点,"ZDBZD-JS-2025-002255	","JFZDPT-JS-20250211-05461	",2022-02-01,2022-02-28,"1542222948	","3205104476774	",1.000000,100,100.000000,1738.920000,1804.330000,65.41,65.41,0.7221,65.41,-,-,-,-,-,-,-,-,-,-,-,-,-,-,-,-,-,-,-,-,-,-,41.8,5.43,-,-
鑫龙家园莲花六号小区位置点,"ZDBZD-JS-2025-002255	","JFZDPT-JS-20250211-05461	",2022-02-01,2022-02-28,"1536674431	","3205104477226	",1.000000,100,100.000000,2058.050000,2127.570000,69.52,69.52,0.7316,69.52,-,-,-,-,-,-,-,-,-,-,-,-,-,-,-,-,-,-,-,-,-,-,45.01,5.85,-,-
鑫龙家园莲花六号小区位置点,"ZDBZD-JS-2025-002255	","JFZDPT-JS-20250211-05461	",2022-02-01,2022-02-28,"1536129515	","3205104477228	",1.000000,100,100.000000,1835.840000,1900.680000,64.84,64.84,0.7284,64.84,-,-,-,-,-,-,-,-,-,-,-,-,-,-,-,-,-,-,-,-,-,-,41.8,5.43,-,-
鑫龙家园莲花六号小区位置点,"ZDBZD-JS-2025-002255	","JFZDPT-JS-20250211-05461	",2022-02-01,2022-02-28,"1539373623	","3205104477230	",1.000000,100,100.000000,1765.680000,1831.390000,65.71,65.71,0.7299,65.71,-,-,-,-,-,-,-,-,-,-,-,-,-,-,-,-,-,-,-,-,-,-,42.44,5.52,-,-
鑫龙家园莲花六号小区位置点,"ZDBZD-JS-2025-002255	","JFZDPT-JS-20250211-05461	",2022-02-01,2022-02-28,"1543105444	","3205104477232	",1.000000,100,100.000000,1742.580000,1783.440000,40.86,40.86,0.7291,40.86,-,-,-,-,-,-,-,-,-,-,-,-,-,-,-,-,-,-,-,-,-,-,26.36,3.43,-,-
鑫龙家园莲花六号小区位置点,"ZDBZD-JS-2025-002255	","JFZDPT-JS-20250211-05461	",2022-02-01,2022-02-28,"1544951755	","3205104477235	",1.000000,100,100.000000,1840.230000,1905.820000,65.59,65.59,0.7312,65.59,-,-,-,-,-,-,-,-,-,-,-,-,-,-,-,-,-,-,-,-,-,-,42.44,5.52,-,-
鑫龙家园莲花六号小区位置点,"ZDBZD-JS-2025-002255	","JFZDPT-JS-20250211-05461	",2022-02-01,2022-02-28,"1544684094	","3205104477238	",1.000000,100,100.000000,1814.800000,1878.090000,63.29,63.29,0.7233,63.29,-,-,-,-,-,-,-,-,-,-,-,-,-,-,-,-,-,-,-,-,-,-,40.51,5.27,-,-
鑫龙家园莲花六号小区位置点,"ZDBZD-JS-2025-002255	","JFZDPT-JS-20250211-05461	",2022-02-01,2022-02-28,"1539602549	","3205104477339	",1.000000,100,100.000000,1900.060000,1966.440000,66.38,66.38,0.7225,66.38,-,-,-,-,-,-,-,-,-,-,-,-,-,-,-,-,-,-,-,-,-,-,42.44,5.52,-,-
鑫龙家园莲花六号小区位置点,"ZDBZD-JS-2025-002255	","JFZDPT-JS-20250211-05461	",2022-02-01,2022-02-28,"1546160843	","3205104477340	",1.000000,100,100.000000,1874.020000,1939.540000,65.52,65.52,0.732,65.52,-,-,-,-,-,-,-,-,-,-,-,-,-,-,-,-,-,-,-,-,-,-,42.44,5.52,-,-
鑫龙家园莲花六号小区位置点,"ZDBZD-JS-2025-002255	","JFZDPT-JS-20250211-05461	",2022-02-01,2022-02-28,"1546168926	","3205104477341	",1.000000,100,100.000000,2154.930000,2228.730000,73.8,73.8,0.7286,73.8,-,-,-,-,-,-,-,-,-,-,-,-,-,-,-,-,-,-,-,-,-,-,47.58,6.19,-,-
鑫龙家园莲花六号小区位置点,"ZDBZD-JS-2025-002255	","JFZDPT-JS-20250211-05461	",2022-02-01,2022-02-28,"1542466276	","3205104477344	",1.000000,100,100.000000,1465.880000,1528.450000,62.57,62.57,0.7317,62.57,-,-,-,-,-,-,-,-,-,-,-,-,-,-,-,-,-,-,-,-,-,-,40.51,5.27,-,-
鑫龙家园莲花六号小区位置点,"ZDBZD-JS-2025-002255	","JFZDPT-JS-20250211-05461	",2022-02-01,2022-02-28,"1536129516	","3205104477350	",1.000000,100,100.000000,2377.880000,2474.580000,96.7,96.7,0.7289,96.7,-,-,-,-,-,-,-,-,-,-,-,-,-,-,-,-,-,-,-,-,-,-,62.37,8.11,-,-
鑫龙家园莲花六号小区位置点,"ZDBZD-JS-2025-002255	","JFZDPT-JS-20260323-13582	",2026-02-01,2026-02-28,"1534337708	","3205104313087	",1.000000,100,100.000000,4069.120000,4101.960000,32.84,32.84,0.707202,32.84,-,-,-,-,-,-,-,-,-,-,-,-,-,-,-,-,-,-,-,-,-,-,20.552667,2.671847,-,-
鑫龙家园莲花六号小区位置点,"ZDBZD-JS-2025-002255	","JFZDPT-JS-20260323-13582	",2026-02-01,2026-02-28,"1534339435	","3205104313426	",1.000000,100,100.000000,2998.060000,3023.330000,25.27,25.27,0.695966,25.27,-,-,-,-,-,-,-,-,-,-,-,-,-,-,-,-,-,-,-,-,-,-,15.563771,2.02329,-,-
鑫龙家园莲花六号小区位置点,"ZDBZD-JS-2025-002255	","JFZDPT-JS-20260323-13582	",2026-02-01,2026-02-28,"1534349171	","3205104313433	",1.000000,100,100.000000,2794.630000,2814.790000,20.16,20.16,0.697783,20.16,-,-,-,-,-,-,-,-,-,-,-,-,-,-,-,-,-,-,-,-,-,-,12.448942,1.618363,-,-
鑫龙家园莲花六号小区位置点,"ZDBZD-JS-2025-002255	","JFZDPT-JS-20260323-13582	",2026-02-01,2026-02-28,"1554157659	","3205104313437	",1.000000,100,100.000000,382.940000,403.500000,20.56,20.56,0.719627,20.56,-,-,-,-,-,-,-,-,-,-,-,-,-,-,-,-,-,-,-,-,-,-,13.09339,1.702141,-,-
鑫龙家园莲花六号小区位置点,"ZDBZD-JS-2025-002255	","JFZDPT-JS-20260323-13582	",2026-02-01,2026-02-28,"1534339430	","3205104313446	",1.000000,100,100.000000,2724.480000,2744.670000,20.19,20.19,0.696702,20.19,-,-,-,-,-,-,-,-,-,-,-,-,-,-,-,-,-,-,-,-,-,-,12.448153,1.61826,-,-
鑫龙家园莲花六号小区位置点,"ZDBZD-JS-2025-002255	","JFZDPT-JS-20260323-13582	",2026-02-01,2026-02-28,"1534337522	","3205104313451	",1.000000,100,100.000000,2957.350000,2977.990000,20.64,20.64,0.716724,20.64,-,-,-,-,-,-,-,-,-,-,-,-,-,-,-,-,-,-,-,-,-,-,13.091312,1.701871,-,-
鑫龙家园莲花六号小区位置点,"ZDBZD-JS-2025-002255	","JFZDPT-JS-20260323-13582	",2026-02-01,2026-02-28,"1528107567	","3205104315707	",1.000000,100,100.000000,3978.640000,4011.170000,32.53,32.53,0.714221,32.53,-,-,-,-,-,-,-,-,-,-,-,-,-,-,-,-,-,-,-,-,-,-,20.560716,2.672893,-,-
鑫龙家园莲花六号小区位置点,"ZDBZD-JS-2025-002255	","JFZDPT-JS-20260323-13582	",2026-02-01,2026-02-28,"1556867474	","3205104315719	",1.000000,100,100.000000,1283.600000,1305.180000,21.58,21.58,0.718051,21.58,-,-,-,-,-,-,-,-,-,-,-,-,-,-,-,-,-,-,-,-,-,-,13.712868,1.782673,-,-
鑫龙家园莲花六号小区位置点,"ZDBZD-JS-2025-002255	","JFZDPT-JS-20260323-13582	",2026-02-01,2026-02-28,"1528102930	","3205104315726	",1.000000,100,100.000000,2905.850000,2931.180000,25.33,25.33,0.694248,25.33,-,-,-,-,-,-,-,-,-,-,-,-,-,-,-,-,-,-,-,-,-,-,15.562214,2.023088,-,-
鑫龙家园莲花六号小区位置点,"ZDBZD-JS-2025-002255	","JFZDPT-JS-20260323-13582	",2026-02-01,2026-02-28,"1559570474	","3205104353226	",1.000000,100,100.000000,5622.290000,5746.080000,123.79,123.79,0.704989,123.79,-,-,-,-,-,-,-,-,-,-,-,-,-,-,-,-,-,-,-,-,-,-,77.230609,10.039979,-,-
鑫龙家园莲花六号小区位置点,"ZDBZD-JS-2025-002255	","JFZDPT-JS-20260323-13582	",2026-02-01,2026-02-28,"1547726877	","3205104472953	",1.000000,100,100.000000,5180.730000,5246.320000,65.59,65.59,0.708365,65.59,-,-,-,-,-,-,-,-,-,-,-,-,-,-,-,-,-,-,-,-,-,-,41.116513,5.345147,-,-
鑫龙家园莲花六号小区位置点,"ZDBZD-JS-2025-002255	","JFZDPT-JS-20260323-13582	",2026-02-01,2026-02-28,"1547633945	","3205104472957	",1.000000,100,100.000000,6542.890000,6632.280000,89.39,89.39,0.700547,89.39,-,-,-,-,-,-,-,-,-,-,-,-,-,-,-,-,-,-,-,-,-,-,55.417607,7.204289,-,-
鑫龙家园莲花六号小区位置点,"ZDBZD-JS-2025-002255	","JFZDPT-JS-20260323-13582	",2026-02-01,2026-02-28,"1547633944	","3205104472959	",1.000000,100,100.000000,5065.420000,5129.130000,63.71,63.71,0.707062,63.71,-,-,-,-,-,-,-,-,-,-,-,-,-,-,-,-,-,-,-,-,-,-,39.864531,5.182389,-,-
鑫龙家园莲花六号小区位置点,"ZDBZD-JS-2025-002255	","JFZDPT-JS-20260323-13582	",2026-02-01,2026-02-28,"1547633946	","3205104472963	",1.000000,100,100.000000,4921.400000,4987.850000,66.45,66.45,0.698817,66.45,-,-,-,-,-,-,-,-,-,-,-,-,-,-,-,-,-,-,-,-,-,-,41.09415,5.34224,-,-
鑫龙家园莲花六号小区位置点,"ZDBZD-JS-2025-002255	","JFZDPT-JS-20260323-13582	",2026-02-01,2026-02-28,"1547634578	","3205104472970	",1.000000,100,100.000000,3842.300000,3882.800000,40.5,40.5,0.712822,40.5,-,-,-,-,-,-,-,-,-,-,-,-,-,-,-,-,-,-,-,-,-,-,25.548045,3.321246,-,-
鑫龙家园莲花六号小区位置点,"ZDBZD-JS-2025-002255	","JFZDPT-JS-20260323-13582	",2026-02-01,2026-02-28,"1547728488	","3205104474427	",1.000000,100,100.000000,5071.760000,5133.790000,62.03,62.03,0.70331,62.03,-,-,-,-,-,-,-,-,-,-,-,-,-,-,-,-,-,-,-,-,-,-,38.607362,5.018957,-,-
鑫龙家园莲花六号小区位置点,"ZDBZD-JS-2025-002255	","JFZDPT-JS-20260323-13582	",2026-02-01,2026-02-28,"1547719754	","3205104474457	",1.000000,100,100.000000,12282.690000,12425.600000,142.91,142.91,0.704139,142.91,-,-,-,-,-,-,-,-,-,-,-,-,-,-,-,-,-,-,-,-,-,-,89.051773,11.576731,-,-
鑫龙家园莲花六号小区位置点,"ZDBZD-JS-2025-002255	","JFZDPT-JS-20260323-13582	",2026-02-01,2026-02-28,"1547728484	","3205104474463	",1.000000,100,100.000000,4305.590000,4356.580000,50.99,50.99,0.703881,50.99,-,-,-,-,-,-,-,-,-,-,-,-,-,-,-,-,-,-,-,-,-,-,31.761851,4.129041,-,-
鑫龙家园莲花六号小区位置点,"ZDBZD-JS-2025-002255	","JFZDPT-JS-20260323-13582	",2026-02-01,2026-02-28,"1547719759	","3205104474467	",1.000000,100,100.000000,4976.830000,5044.000000,67.17,67.17,0.701879,67.17,-,-,-,-,-,-,-,-,-,-,-,-,-,-,-,-,-,-,-,-,-,-,41.721427,5.423785,-,-
鑫龙家园莲花六号小区位置点,"ZDBZD-JS-2025-002255	","JFZDPT-JS-20260323-13582	",2026-02-01,2026-02-28,"1542462053	","3205104476756	",1.000000,100,100.000000,4221.950000,4272.630000,50.68,50.68,0.708366,50.68,-,-,-,-,-,-,-,-,-,-,-,-,-,-,-,-,-,-,-,-,-,-,31.769902,4.130087,-,-
鑫龙家园莲花六号小区位置点,"ZDBZD-JS-2025-002255	","JFZDPT-JS-20260323-13582	",2026-02-01,2026-02-28,"1534365028	","3205104476757	",1.000000,100,100.000000,4785.700000,4839.500000,53.8,53.8,0.706474,53.8,-,-,-,-,-,-,-,-,-,-,-,-,-,-,-,-,-,-,-,-,-,-,33.635665,4.372636,-,-
鑫龙家园莲花六号小区位置点,"ZDBZD-JS-2025-002255	","JFZDPT-JS-20260323-13582	",2026-02-01,2026-02-28,"1535960714	","3205104476763	",1.000000,100,100.000000,10510.100000,10636.100000,126,126,0.703695,126,-,-,-,-,-,-,-,-,-,-,-,-,-,-,-,-,-,-,-,-,-,-,78.465106,10.200464,-,-
鑫龙家园莲花六号小区位置点,"ZDBZD-JS-2025-002255	","JFZDPT-JS-20260323-13582	",2026-02-01,2026-02-28,"1543218796	","3205104476766	",1.000000,100,100.000000,5292.850000,5358.250000,65.4,65.4,0.699193,65.4,-,-,-,-,-,-,-,-,-,-,-,-,-,-,-,-,-,-,-,-,-,-,40.466568,5.260654,-,-
鑫龙家园莲花六号小区位置点,"ZDBZD-JS-2025-002255	","JFZDPT-JS-20260323-13582	",2026-02-01,2026-02-28,"1539721710	","3205104476768	",1.000000,100,100.000000,5118.590000,5181.460000,62.87,62.87,0.705291,62.87,-,-,-,-,-,-,-,-,-,-,-,-,-,-,-,-,-,-,-,-,-,-,39.240394,5.101251,-,-
鑫龙家园莲花六号小区位置点,"ZDBZD-JS-2025-002255	","JFZDPT-JS-20260323-13582	",2026-02-01,2026-02-28,"1534340339	","3205104476772	",1.000000,100,100.000000,4325.520000,4390.140000,64.62,64.62,0.707988,64.62,-,-,-,-,-,-,-,-,-,-,-,-,-,-,-,-,-,-,-,-,-,-,40.486889,5.263296,-,-
鑫龙家园莲花六号小区位置点,"ZDBZD-JS-2025-002255	","JFZDPT-JS-20260323-13582	",2026-02-01,2026-02-28,"1542222948	","3205104476774	",1.000000,100,100.000000,4601.670000,4651.130000,49.46,49.46,0.696843,49.46,-,-,-,-,-,-,-,-,-,-,-,-,-,-,-,-,-,-,-,-,-,-,30.500757,3.965098,-,-
鑫龙家园莲花六号小区位置点,"ZDBZD-JS-2025-002255	","JFZDPT-JS-20260323-13582	",2026-02-01,2026-02-28,"1536674431	","3205104477226	",1.000000,100,100.000000,5764.380000,5811.280000,46.9,46.9,0.705355,46.9,-,-,-,-,-,-,-,-,-,-,-,-,-,-,-,-,-,-,-,-,-,-,29.275354,3.805796,-,-
鑫龙家园莲花六号小区位置点,"ZDBZD-JS-2025-002255	","JFZDPT-JS-20260323-13582	",2026-02-01,2026-02-28,"1536129515	","3205104477228	",1.000000,100,100.000000,5136.030000,5201.010000,64.98,64.98,0.703903,64.98,-,-,-,-,-,-,-,-,-,-,-,-,-,-,-,-,-,-,-,-,-,-,40.477537,5.26208,-,-
鑫龙家园莲花六号小区位置点,"ZDBZD-JS-2025-002255	","JFZDPT-JS-20260323-13582	",2026-02-01,2026-02-28,"1539373623	","3205104477230	",1.000000,100,100.000000,4744.020000,4792.860000,48.84,48.84,0.706063,48.84,-,-,-,-,-,-,-,-,-,-,-,-,-,-,-,-,-,-,-,-,-,-,30.516918,3.967199,-,-
鑫龙家园莲花六号小区位置点,"ZDBZD-JS-2025-002255	","JFZDPT-JS-20260323-13582	",2026-02-01,2026-02-28,"1543105444	","3205104477232	",1.000000,100,100.000000,3824.710000,3865.690000,40.98,40.98,0.704129,40.98,-,-,-,-,-,-,-,-,-,-,-,-,-,-,-,-,-,-,-,-,-,-,25.535581,3.319625,-,-
鑫龙家园莲花六号小区位置点,"ZDBZD-JS-2025-002255	","JFZDPT-JS-20260323-13582	",2026-02-01,2026-02-28,"1544951755	","3205104477235	",1.000000,100,100.000000,5162.170000,5227.760000,65.59,65.59,0.708365,65.59,-,-,-,-,-,-,-,-,-,-,-,-,-,-,-,-,-,-,-,-,-,-,41.116513,5.345147,-,-
鑫龙家园莲花六号小区位置点,"ZDBZD-JS-2025-002255	","JFZDPT-JS-20260323-13582	",2026-02-01,2026-02-28,"1539602549	","3205104477339	",1.000000,100,100.000000,4449.650000,4513.640000,63.99,63.99,0.70384,63.99,-,-,-,-,-,-,-,-,-,-,-,-,-,-,-,-,-,-,-,-,-,-,39.857276,5.181446,-,-
鑫龙家园莲花六号小区位置点,"ZDBZD-JS-2025-002255	","JFZDPT-JS-20260323-13582	",2026-02-01,2026-02-28,"1546160843	","3205104477340	",1.000000,100,100.000000,5233.970000,5299.090000,65.12,65.12,0.702326,65.12,-,-,-,-,-,-,-,-,-,-,-,-,-,-,-,-,-,-,-,-,-,-,40.473866,5.261603,-,-
鑫龙家园莲花六号小区位置点,"ZDBZD-JS-2025-002255	","JFZDPT-JS-20260323-13582	",2026-02-01,2026-02-28,"1546168926	","3205104477341	",1.000000,100,100.000000,5811.830000,5876.270000,64.44,64.44,0.698719,64.44,-,-,-,-,-,-,-,-,-,-,-,-,-,-,-,-,-,-,-,-,-,-,39.845533,5.179919,-,-
鑫龙家园莲花六号小区位置点,"ZDBZD-JS-2025-002255	","JFZDPT-JS-20260323-13582	",2026-02-01,2026-02-28,"1542466276	","3205104477344	",1.000000,100,100.000000,4709.990000,4772.140000,62.15,62.15,0.701895,62.15,-,-,-,-,-,-,-,-,-,-,-,-,-,-,-,-,-,-,-,-,-,-,38.604225,5.018549,-,-
鑫龙家园莲花六号小区位置点,"ZDBZD-JS-2025-002255	","JFZDPT-JS-20260323-13582	",2026-02-01,2026-02-28,"1536129516	","3205104477350	",1.000000,100,100.000000,6394.400000,6461.790000,67.39,67.39,0.699492,67.39,-,-,-,-,-,-,-,-,-,-,-,-,-,-,-,-,-,-,-,-,-,-,41.715722,5.423044,-,-
鑫龙家园莲花六号小区位置点,"ZDBZD-JS-2025-002255	","JFZDPT-JS-20250214-01739	",2024-09-01,2024-09-30,"1534337708	","3205104313087	",1.000000,100,100.000000,3414.310000,3459.210000,44.9,44.9,0.7563,44.9,-,-,-,-,-,-,-,-,-,-,-,-,-,-,-,-,-,-,-,-,-,-,30.05,3.91,-,-
鑫龙家园莲花六号小区位置点,"ZDBZD-JS-2025-002255	","JFZDPT-JS-20250214-01739	",2024-09-01,2024-09-30,"1534339435	","3205104313426	",1.000000,100,100.000000,2500.770000,2532.700000,31.93,31.93,0.7563,31.93,-,-,-,-,-,-,-,-,-,-,-,-,-,-,-,-,-,-,-,-,-,-,21.37,2.78,-,-
鑫龙家园莲花六号小区位置点,"ZDBZD-JS-2025-002255	","JFZDPT-JS-20250214-01739	",2024-09-01,2024-09-30,"1534349171	","3205104313433	",1.000000,100,100.000000,2365.580000,2397.360000,31.78,31.78,0.7599,31.78,-,-,-,-,-,-,-,-,-,-,-,-,-,-,-,-,-,-,-,-,-,-,21.37,2.78,-,-
鑫龙家园莲花六号小区位置点,"ZDBZD-JS-2025-002255	","JFZDPT-JS-20250214-01739	",2024-09-01,2024-09-30,"1554157659	","3205104313437	",1.000000,100,100.000000,2377.700000,2409.120000,31.42,31.42,0.7447,31.42,-,-,-,-,-,-,-,-,-,-,-,-,-,-,-,-,-,-,-,-,-,-,20.71,2.69,-,-
鑫龙家园莲花六号小区位置点,"ZDBZD-JS-2025-002255	","JFZDPT-JS-20250214-01739	",2024-09-01,2024-09-30,"1534339430	","3205104313446	",1.000000,100,100.000000,2302.550000,2334.460000,31.91,31.91,0.7568,31.91,-,-,-,-,-,-,-,-,-,-,-,-,-,-,-,-,-,-,-,-,-,-,21.37,2.78,-,-
鑫龙家园莲花六号小区位置点,"ZDBZD-JS-2025-002255	","JFZDPT-JS-20250214-01739	",2024-09-01,2024-09-30,"1534337522	","3205104313451	",1.000000,100,100.000000,2507.500000,2540.390000,32.89,32.89,0.7574,32.89,-,-,-,-,-,-,-,-,-,-,-,-,-,-,-,-,-,-,-,-,-,-,22.04,2.87,-,-
鑫龙家园莲花六号小区位置点,"ZDBZD-JS-2025-002255	","JFZDPT-JS-20250214-01739	",2024-09-01,2024-09-30,"1528107567	","3205104315707	",1.000000,100,100.000000,3330.810000,3375.510000,44.7,44.7,0.7597,44.7,-,-,-,-,-,-,-,-,-,-,-,-,-,-,-,-,-,-,-,-,-,-,30.05,3.91,-,-
鑫龙家园莲花六号小区位置点,"ZDBZD-JS-2025-002255	","JFZDPT-JS-20250214-01739	",2024-09-01,2024-09-30,"1556867474	","3205104315719	",1.000000,100,100.000000,823.930000,856.440000,32.51,32.51,0.7662,32.51,-,-,-,-,-,-,-,-,-,-,-,-,-,-,-,-,-,-,-,-,-,-,22.04,2.87,-,-
鑫龙家园莲花六号小区位置点,"ZDBZD-JS-2025-002255	","JFZDPT-JS-20250214-01739	",2024-09-01,2024-09-30,"1528102930	","3205104315726	",1.000000,100,100.000000,2409.370000,2440.770000,31.4,31.4,0.7452,31.4,-,-,-,-,-,-,-,-,-,-,-,-,-,-,-,-,-,-,-,-,-,-,20.71,2.69,-,-
鑫龙家园莲花六号小区位置点,"ZDBZD-JS-2025-002255	","JFZDPT-JS-20250214-01739	",2024-09-01,2024-09-30,"1559570474	","3205104353226	",1.000000,100,100.000000,3291.360000,3424.460000,133.1,133.1,0.7542,133.1,-,-,-,-,-,-,-,-,-,-,-,-,-,-,-,-,-,-,-,-,-,-,88.83,11.55,-,-
鑫龙家园莲花六号小区位置点,"ZDBZD-JS-2025-002255	","JFZDPT-JS-20250214-01739	",2024-09-01,2024-09-30,"1547726877	","3205104472953	",1.000000,100,100.000000,3963.400000,4034.260000,70.86,70.86,0.7563,70.86,-,-,-,-,-,-,-,-,-,-,-,-,-,-,-,-,-,-,-,-,-,-,47.42,6.17,-,-
鑫龙家园莲花六号小区位置点,"ZDBZD-JS-2025-002255	","JFZDPT-JS-20250214-01739	",2024-09-01,2024-09-30,"1547633945	","3205104472957	",1.000000,100,100.000000,4883.700000,4980.340000,96.64,96.64,0.7576,96.64,-,-,-,-,-,-,-,-,-,-,-,-,-,-,-,-,-,-,-,-,-,-,64.79,8.42,-,-
鑫龙家园莲花六号小区位置点,"ZDBZD-JS-2025-002255	","JFZDPT-JS-20250214-01739	",2024-09-01,2024-09-30,"1547633944	","3205104472959	",1.000000,100,100.000000,3882.360000,3951.340000,68.98,68.98,0.755,68.98,-,-,-,-,-,-,-,-,-,-,-,-,-,-,-,-,-,-,-,-,-,-,46.09,5.99,-,-
鑫龙家园莲花六号小区位置点,"ZDBZD-JS-2025-002255	","JFZDPT-JS-20250214-01739	",2024-09-01,2024-09-30,"1547633946	","3205104472963	",1.000000,100,100.000000,3757.670000,3822.800000,65.13,65.13,0.7533,65.13,-,-,-,-,-,-,-,-,-,-,-,-,-,-,-,-,-,-,-,-,-,-,43.42,5.64,-,-
鑫龙家园莲花六号小区位置点,"ZDBZD-JS-2025-002255	","JFZDPT-JS-20250214-01739	",2024-09-01,2024-09-30,"1547634578	","3205104472970	",1.000000,100,100.000000,3093.640000,3137.000000,43.36,43.36,0.7484,43.36,-,-,-,-,-,-,-,-,-,-,-,-,-,-,-,-,-,-,-,-,-,-,28.72,3.73,-,-
鑫龙家园莲花六号小区位置点,"ZDBZD-JS-2025-002255	","JFZDPT-JS-20250214-01739	",2024-09-01,2024-09-30,"1547728488	","3205104474427	",1.000000,100,100.000000,3922.190000,3991.830000,69.64,69.64,0.7586,69.64,-,-,-,-,-,-,-,-,-,-,-,-,-,-,-,-,-,-,-,-,-,-,46.75,6.08,-,-
鑫龙家园莲花六号小区位置点,"ZDBZD-JS-2025-002255	","JFZDPT-JS-20250214-01739	",2024-09-01,2024-09-30,"1547719754	","3205104474457	",1.000000,100,100.000000,9571.930000,9725.110000,153.18,153.18,0.7538,153.18,-,-,-,-,-,-,-,-,-,-,-,-,-,-,-,-,-,-,-,-,-,-,102.19,13.28,-,-
鑫龙家园莲花六号小区位置点,"ZDBZD-JS-2025-002255	","JFZDPT-JS-20250214-01739	",2024-09-01,2024-09-30,"1547728484	","3205104474463	",1.000000,100,100.000000,3254.660000,3317.300000,62.64,62.64,0.7591,62.64,-,-,-,-,-,-,-,-,-,-,-,-,-,-,-,-,-,-,-,-,-,-,42.08,5.47,-,-
鑫龙家园莲花六号小区位置点,"ZDBZD-JS-2025-002255	","JFZDPT-JS-20250214-01739	",2024-09-01,2024-09-30,"1547719759	","3205104474467	",1.000000,100,100.000000,3802.020000,3867.710000,65.69,65.69,0.7583,65.69,-,-,-,-,-,-,-,-,-,-,-,-,-,-,-,-,-,-,-,-,-,-,44.08,5.73,-,-
鑫龙家园莲花六号小区位置点,"ZDBZD-JS-2025-002255	","JFZDPT-JS-20250214-01739	",2024-09-01,2024-09-30,"1534271368	","3205104476753	",1.000000,100,100.000000,2890.970000,2890.970000,0,0,0.7961,0,-,-,-,-,-,-,-,-,-,-,-,-,-,-,-,-,-,-,-,-,-,-,0,0,-,-
鑫龙家园莲花六号小区位置点,"ZDBZD-JS-2025-002255	","JFZDPT-JS-20250214-01739	",2024-09-01,2024-09-30,"1542462053	","3205104476756	",1.000000,100,100.000000,3290.900000,3344.700000,53.8,53.8,0.7576,53.8,-,-,-,-,-,-,-,-,-,-,-,-,-,-,-,-,-,-,-,-,-,-,36.07,4.69,-,-
鑫龙家园莲花六号小区位置点,"ZDBZD-JS-2025-002255	","JFZDPT-JS-20250214-01739	",2024-09-01,2024-09-30,"1534365028	","3205104476757	",1.000000,100,100.000000,3758.960000,3816.880000,57.92,57.92,0.7557,57.92,-,-,-,-,-,-,-,-,-,-,-,-,-,-,-,-,-,-,-,-,-,-,38.73,5.04,-,-
鑫龙家园莲花六号小区位置点,"ZDBZD-JS-2025-002255	","JFZDPT-JS-20250214-01739	",2024-09-01,2024-09-30,"1535669055	","3205104476759	",1.000000,100,100.000000,4840.510000,4843.300000,2.79,2.79,0.753,2.79,-,-,-,-,-,-,-,-,-,-,-,-,-,-,-,-,-,-,-,-,-,-,1.86,0.24,-,-
鑫龙家园莲花六号小区位置点,"ZDBZD-JS-2025-002255	","JFZDPT-JS-20250214-01739	",2024-09-01,2024-09-30,"1535960714	","3205104476763	",1.000000,100,100.000000,8262.610000,8393.070000,130.46,130.46,0.7521,130.46,-,-,-,-,-,-,-,-,-,-,-,-,-,-,-,-,-,-,-,-,-,-,86.83,11.29,-,-
鑫龙家园莲花六号小区位置点,"ZDBZD-JS-2025-002255	","JFZDPT-JS-20250214-01739	",2024-09-01,2024-09-30,"1543218796	","3205104476766	",1.000000,100,100.000000,4085.700000,4155.780000,70.08,70.08,0.7539,70.08,-,-,-,-,-,-,-,-,-,-,-,-,-,-,-,-,-,-,-,-,-,-,46.75,6.08,-,-
鑫龙家园莲花六号小区位置点,"ZDBZD-JS-2025-002255	","JFZDPT-JS-20250214-01739	",2024-09-01,2024-09-30,"1539721710	","3205104476768	",1.000000,100,100.000000,3953.680000,4021.490000,67.81,67.81,0.7568,67.81,-,-,-,-,-,-,-,-,-,-,-,-,-,-,-,-,-,-,-,-,-,-,45.42,5.9,-,-
鑫龙家园莲花六号小区位置点,"ZDBZD-JS-2025-002255	","JFZDPT-JS-20250214-01739	",2024-09-01,2024-09-30,"1534340339	","3205104476772	",1.000000,100,100.000000,3129.540000,3199.110000,69.57,69.57,0.7594,69.57,-,-,-,-,-,-,-,-,-,-,-,-,-,-,-,-,-,-,-,-,-,-,46.75,6.08,-,-
鑫龙家园莲花六号小区位置点,"ZDBZD-JS-2025-002255	","JFZDPT-JS-20250214-01739	",2024-09-01,2024-09-30,"1542222948	","3205104476774	",1.000000,100,100.000000,3668.390000,3725.120000,56.73,56.73,0.7583,56.73,-,-,-,-,-,-,-,-,-,-,-,-,-,-,-,-,-,-,-,-,-,-,38.07,4.95,-,-
鑫龙家园莲花六号小区位置点,"ZDBZD-JS-2025-002255	","JFZDPT-JS-20250214-01739	",2024-09-01,2024-09-30,"1536674431	","3205104477226	",1.000000,100,100.000000,4651.380000,4750.510000,99.13,99.13,0.7538,99.13,-,-,-,-,-,-,-,-,-,-,-,-,-,-,-,-,-,-,-,-,-,-,66.12,8.6,-,-
鑫龙家园莲花六号小区位置点,"ZDBZD-JS-2025-002255	","JFZDPT-JS-20250214-01739	",2024-09-01,2024-09-30,"1536129515	","3205104477228	",1.000000,100,100.000000,4000.980000,4064.350000,63.37,63.37,0.7504,63.37,-,-,-,-,-,-,-,-,-,-,-,-,-,-,-,-,-,-,-,-,-,-,42.08,5.47,-,-
鑫龙家园莲花六号小区位置点,"ZDBZD-JS-2025-002255	","JFZDPT-JS-20250214-01739	",2024-09-01,2024-09-30,"1539373623	","3205104477230	",1.000000,100,100.000000,3741.800000,3796.780000,54.98,54.98,0.755,54.98,-,-,-,-,-,-,-,-,-,-,-,-,-,-,-,-,-,-,-,-,-,-,36.73,4.78,-,-
鑫龙家园莲花六号小区位置点,"ZDBZD-JS-2025-002255	","JFZDPT-JS-20250214-01739	",2024-09-01,2024-09-30,"1543105444	","3205104477232	",1.000000,100,100.000000,3100.800000,3141.460000,40.66,40.66,0.7609,40.66,-,-,-,-,-,-,-,-,-,-,-,-,-,-,-,-,-,-,-,-,-,-,27.38,3.56,-,-
鑫龙家园莲花六号小区位置点,"ZDBZD-JS-2025-002255	","JFZDPT-JS-20250214-01739	",2024-09-01,2024-09-30,"1544951755	","3205104477235	",1.000000,100,100.000000,4020.170000,4083.740000,63.57,63.57,0.7598,63.57,-,-,-,-,-,-,-,-,-,-,-,-,-,-,-,-,-,-,-,-,-,-,42.74,5.56,-,-
鑫龙家园莲花六号小区位置点,"ZDBZD-JS-2025-002255	","JFZDPT-JS-20250214-01739	",2024-09-01,2024-09-30,"1544684094	","3205104477238	",1.000000,100,100.000000,3093.340000,3093.340000,0,0,0.7961,0,-,-,-,-,-,-,-,-,-,-,-,-,-,-,-,-,-,-,-,-,-,-,0,0,-,-
鑫龙家园莲花六号小区位置点,"ZDBZD-JS-2025-002255	","JFZDPT-JS-20250214-01739	",2024-09-01,2024-09-30,"1539602549	","3205104477339	",1.000000,100,100.000000,3266.360000,3335.290000,68.93,68.93,0.7555,68.93,-,-,-,-,-,-,-,-,-,-,-,-,-,-,-,-,-,-,-,-,-,-,46.09,5.99,-,-
鑫龙家园莲花六号小区位置点,"ZDBZD-JS-2025-002255	","JFZDPT-JS-20250214-01739	",2024-09-01,2024-09-30,"1546160843	","3205104477340	",1.000000,100,100.000000,4032.260000,4102.110000,69.85,69.85,0.7563,69.85,-,-,-,-,-,-,-,-,-,-,-,-,-,-,-,-,-,-,-,-,-,-,46.75,6.08,-,-
鑫龙家园莲花六号小区位置点,"ZDBZD-JS-2025-002255	","JFZDPT-JS-20250214-01739	",2024-09-01,2024-09-30,"1546168926	","3205104477341	",1.000000,100,100.000000,4593.050000,4664.970000,71.92,71.92,0.7556,71.92,-,-,-,-,-,-,-,-,-,-,-,-,-,-,-,-,-,-,-,-,-,-,48.09,6.25,-,-
鑫龙家园莲花六号小区位置点,"ZDBZD-JS-2025-002255	","JFZDPT-JS-20250214-01739	",2024-09-01,2024-09-30,"1542466276	","3205104477344	",1.000000,100,100.000000,3564.260000,3630.850000,66.59,66.59,0.7594,66.59,-,-,-,-,-,-,-,-,-,-,-,-,-,-,-,-,-,-,-,-,-,-,44.75,5.82,-,-
鑫龙家园莲花六号小区位置点,"ZDBZD-JS-2025-002255	","JFZDPT-JS-20250214-01739	",2024-09-01,2024-09-30,"1536129516	","3205104477350	",1.000000,100,100.000000,4930.960000,5034.560000,103.6,103.6,0.7576,103.6,-,-,-,-,-,-,-,-,-,-,-,-,-,-,-,-,-,-,-,-,-,-,69.46,9.03,-,-
鑫龙家园莲花六号小区位置点,"ZDBZD-JS-2025-002255	","JFZDPT-JS-20250212-05759	",2022-10-01,2022-10-31,"1534337708	","3205104313087	",1.000000,100,100.000000,2353.250000,2400.790000,47.54,47.54,0.7446,47.54,-,-,-,-,-,-,-,-,-,-,-,-,-,-,-,-,-,-,-,-,-,-,31.33,4.07,-,-
鑫龙家园莲花六号小区位置点,"ZDBZD-JS-2025-002255	","JFZDPT-JS-20250212-05759	",2022-10-01,2022-10-31,"1534339435	","3205104313426	",1.000000,100,100.000000,1637.040000,1670.850000,33.81,33.81,0.7418,33.81,-,-,-,-,-,-,-,-,-,-,-,-,-,-,-,-,-,-,-,-,-,-,22.19,2.89,-,-
鑫龙家园莲花六号小区位置点,"ZDBZD-JS-2025-002255	","JFZDPT-JS-20250212-05759	",2022-10-01,2022-10-31,"1534349171	","3205104313433	",1.000000,100,100.000000,1621.520000,1654.650000,33.13,33.13,0.7347,33.13,-,-,-,-,-,-,-,-,-,-,-,-,-,-,-,-,-,-,-,-,-,-,21.54,2.8,-,-
鑫龙家园莲花六号小区位置点,"ZDBZD-JS-2025-002255	","JFZDPT-JS-20250212-05759	",2022-10-01,2022-10-31,"1554157659	","3205104313437	",1.000000,100,100.000000,1637.690000,1670.890000,33.2,33.2,0.7331,33.2,-,-,-,-,-,-,-,-,-,-,-,-,-,-,-,-,-,-,-,-,-,-,21.54,2.8,-,-
鑫龙家园莲花六号小区位置点,"ZDBZD-JS-2025-002255	","JFZDPT-JS-20250212-05759	",2022-10-01,2022-10-31,"1534339430	","3205104313446	",1.000000,100,100.000000,1553.960000,1587.470000,33.51,33.51,0.7484,33.51,-,-,-,-,-,-,-,-,-,-,-,-,-,-,-,-,-,-,-,-,-,-,22.19,2.89,-,-
鑫龙家园莲花六号小区位置点,"ZDBZD-JS-2025-002255	","JFZDPT-JS-20250212-05759	",2022-10-01,2022-10-31,"1534337522	","3205104313451	",1.000000,100,100.000000,1726.960000,1763.680000,36.72,36.72,0.7432,36.72,-,-,-,-,-,-,-,-,-,-,-,-,-,-,-,-,-,-,-,-,-,-,24.15,3.14,-,-
鑫龙家园莲花六号小区位置点,"ZDBZD-JS-2025-002255	","JFZDPT-JS-20250212-05759	",2022-10-01,2022-10-31,"1528107567	","3205104315707	",1.000000,100,100.000000,2315.120000,2361.720000,46.6,46.6,0.7438,46.6,-,-,-,-,-,-,-,-,-,-,-,-,-,-,-,-,-,-,-,-,-,-,30.67,3.99,-,-
鑫龙家园莲花六号小区位置点,"ZDBZD-JS-2025-002255	","JFZDPT-JS-20250212-05759	",2022-10-01,2022-10-31,"1556867474	","3205104315719	",1.000000,100,100.000000,72.200000,105.680000,33.48,33.48,0.727,33.48,-,-,-,-,-,-,-,-,-,-,-,-,-,-,-,-,-,-,-,-,-,-,21.54,2.8,-,-
鑫龙家园莲花六号小区位置点,"ZDBZD-JS-2025-002255	","JFZDPT-JS-20250212-05759	",2022-10-01,2022-10-31,"1528102930	","3205104315726	",1.000000,100,100.000000,1670.450000,1704.230000,33.78,33.78,0.7425,33.78,-,-,-,-,-,-,-,-,-,-,-,-,-,-,-,-,-,-,-,-,-,-,22.19,2.89,-,-
鑫龙家园莲花六号小区位置点,"ZDBZD-JS-2025-002255	","JFZDPT-JS-20250212-05759	",2022-10-01,2022-10-31,"1559570474	","3205104353226	",1.000000,100,100.000000,1960.970000,2163.670000,202.7,202.7,0.7386,202.7,-,-,-,-,-,-,-,-,-,-,-,-,-,-,-,-,-,-,-,-,-,-,132.49,17.22,-,-
鑫龙家园莲花六号小区位置点,"ZDBZD-JS-2025-002255	","JFZDPT-JS-20250212-05759	",2022-10-01,2022-10-31,"1547726877	","3205104472953	",1.000000,100,100.000000,2315.520000,2388.340000,72.82,72.82,0.7394,72.82,-,-,-,-,-,-,-,-,-,-,-,-,-,-,-,-,-,-,-,-,-,-,47.65,6.19,-,-
鑫龙家园莲花六号小区位置点,"ZDBZD-JS-2025-002255	","JFZDPT-JS-20250212-05759	",2022-10-01,2022-10-31,"1547633945	","3205104472957	",1.000000,100,100.000000,2765.220000,2840.110000,74.89,74.89,0.7385,74.89,-,-,-,-,-,-,-,-,-,-,-,-,-,-,-,-,-,-,-,-,-,-,48.95,6.36,-,-
鑫龙家园莲花六号小区位置点,"ZDBZD-JS-2025-002255	","JFZDPT-JS-20250212-05759	",2022-10-01,2022-10-31,"1547633944	","3205104472959	",1.000000,100,100.000000,2278.840000,2349.810000,70.97,70.97,0.7378,70.97,-,-,-,-,-,-,-,-,-,-,-,-,-,-,-,-,-,-,-,-,-,-,46.34,6.02,-,-
鑫龙家园莲花六号小区位置点,"ZDBZD-JS-2025-002255	","JFZDPT-JS-20250212-05759	",2022-10-01,2022-10-31,"1547633946	","3205104472963	",1.000000,100,100.000000,2113.060000,2186.950000,73.89,73.89,0.7387,73.89,-,-,-,-,-,-,-,-,-,-,-,-,-,-,-,-,-,-,-,-,-,-,48.3,6.28,-,-
鑫龙家园莲花六号小区位置点,"ZDBZD-JS-2025-002255	","JFZDPT-JS-20250212-05759	",2022-10-01,2022-10-31,"1547634578	","3205104472970	",1.000000,100,100.000000,1908.300000,1961.560000,53.26,53.26,0.7339,53.26,-,-,-,-,-,-,-,-,-,-,-,-,-,-,-,-,-,-,-,-,-,-,34.59,4.5,-,-
鑫龙家园莲花六号小区位置点,"ZDBZD-JS-2025-002255	","JFZDPT-JS-20250212-05759	",2022-10-01,2022-10-31,"1547728488	","3205104474427	",1.000000,100,100.000000,2294.750000,2366.750000,72,72,0.7375,72,-,-,-,-,-,-,-,-,-,-,-,-,-,-,-,-,-,-,-,-,-,-,46.99,6.11,-,-
鑫龙家园莲花六号小区位置点,"ZDBZD-JS-2025-002255	","JFZDPT-JS-20250212-05759	",2022-10-01,2022-10-31,"1547719754	","3205104474457	",1.000000,100,100.000000,5887.110000,6050.620000,163.51,163.51,0.7397,163.51,-,-,-,-,-,-,-,-,-,-,-,-,-,-,-,-,-,-,-,-,-,-,107.04,13.91,-,-
鑫龙家园莲花六号小区位置点,"ZDBZD-JS-2025-002255	","JFZDPT-JS-20250212-05759	",2022-10-01,2022-10-31,"1547728484	","3205104474463	",1.000000,100,100.000000,2026.040000,2026.040000,0,0,0.7072,0,-,-,-,-,-,-,-,-,-,-,-,-,-,-,-,-,-,-,-,-,-,-,0,0,-,-
鑫龙家园莲花六号小区位置点,"ZDBZD-JS-2025-002255	","JFZDPT-JS-20250212-05759	",2022-10-01,2022-10-31,"1547719759	","3205104474467	",1.000000,100,100.000000,2419.340000,2491.590000,72.25,72.25,0.7349,72.25,-,-,-,-,-,-,-,-,-,-,-,-,-,-,-,-,-,-,-,-,-,-,46.99,6.11,-,-
鑫龙家园莲花六号小区位置点,"ZDBZD-JS-2025-002255	","JFZDPT-JS-20250212-05759	",2022-10-01,2022-10-31,"1534271368	","3205104476753	",1.000000,100,100.000000,2198.990000,2267.540000,68.55,68.55,0.7424,68.55,-,-,-,-,-,-,-,-,-,-,-,-,-,-,-,-,-,-,-,-,-,-,45.04,5.85,-,-
鑫龙家园莲花六号小区位置点,"ZDBZD-JS-2025-002255	","JFZDPT-JS-20250212-05759	",2022-10-01,2022-10-31,"1542462053	","3205104476756	",1.000000,100,100.000000,2032.890000,2088.720000,55.83,55.83,0.7397,55.83,-,-,-,-,-,-,-,-,-,-,-,-,-,-,-,-,-,-,-,-,-,-,36.55,4.75,-,-
鑫龙家园莲花六号小区位置点,"ZDBZD-JS-2025-002255	","JFZDPT-JS-20250212-05759	",2022-10-01,2022-10-31,"1534365028	","3205104476757	",1.000000,100,100.000000,2282.220000,2354.380000,72.16,72.16,0.7359,72.16,-,-,-,-,-,-,-,-,-,-,-,-,-,-,-,-,-,-,-,-,-,-,46.99,6.11,-,-
鑫龙家园莲花六号小区位置点,"ZDBZD-JS-2025-002255	","JFZDPT-JS-20250212-05759	",2022-10-01,2022-10-31,"1535669055	","3205104476759	",1.000000,100,100.000000,3199.470000,3297.930000,98.46,98.46,0.7341,98.46,-,-,-,-,-,-,-,-,-,-,-,-,-,-,-,-,-,-,-,-,-,-,63.96,8.32,-,-
鑫龙家园莲花六号小区位置点,"ZDBZD-JS-2025-002255	","JFZDPT-JS-20250212-05759	",2022-10-01,2022-10-31,"1535960714	","3205104476763	",1.000000,100,100.000000,5053.060000,5200.050000,146.99,146.99,0.7375,146.99,-,-,-,-,-,-,-,-,-,-,-,-,-,-,-,-,-,-,-,-,-,-,95.94,12.47,-,-
鑫龙家园莲花六号小区位置点,"ZDBZD-JS-2025-002255	","JFZDPT-JS-20250212-05759	",2022-10-01,2022-10-31,"1543218796	","3205104476766	",1.000000,100,100.000000,2449.320000,2521.990000,72.67,72.67,0.7409,72.67,-,-,-,-,-,-,-,-,-,-,-,-,-,-,-,-,-,-,-,-,-,-,47.65,6.19,-,-
鑫龙家园莲花六号小区位置点,"ZDBZD-JS-2025-002255	","JFZDPT-JS-20250212-05759	",2022-10-01,2022-10-31,"1539721710	","3205104476768	",1.000000,100,100.000000,2375.120000,2445.060000,69.94,69.94,0.7382,69.94,-,-,-,-,-,-,-,-,-,-,-,-,-,-,-,-,-,-,-,-,-,-,45.69,5.94,-,-
鑫龙家园莲花六号小区位置点,"ZDBZD-JS-2025-002255	","JFZDPT-JS-20250212-05759	",2022-10-01,2022-10-31,"1534340339	","3205104476772	",1.000000,100,100.000000,1640.480000,1688.050000,47.57,47.57,0.7442,47.57,-,-,-,-,-,-,-,-,-,-,-,-,-,-,-,-,-,-,-,-,-,-,31.33,4.07,-,-
鑫龙家园莲花六号小区位置点,"ZDBZD-JS-2025-002255	","JFZDPT-JS-20250212-05759	",2022-10-01,2022-10-31,"1542222948	","3205104476774	",1.000000,100,100.000000,2270.870000,2329.250000,58.38,58.38,0.7328,58.38,-,-,-,-,-,-,-,-,-,-,-,-,-,-,-,-,-,-,-,-,-,-,37.86,4.92,-,-
鑫龙家园莲花六号小区位置点,"ZDBZD-JS-2025-002255	","JFZDPT-JS-20250212-05759	",2022-10-01,2022-10-31,"1536674431	","3205104477226	",1.000000,100,100.000000,2663.380000,2740.770000,77.39,77.39,0.7338,77.39,-,-,-,-,-,-,-,-,-,-,-,-,-,-,-,-,-,-,-,-,-,-,50.26,6.53,-,-
鑫龙家园莲花六号小区位置点,"ZDBZD-JS-2025-002255	","JFZDPT-JS-20250212-05759	",2022-10-01,2022-10-31,"1536129515	","3205104477228	",1.000000,100,100.000000,2399.440000,2471.340000,71.9,71.9,0.7385,71.9,-,-,-,-,-,-,-,-,-,-,-,-,-,-,-,-,-,-,-,-,-,-,46.99,6.11,-,-
鑫龙家园莲花六号小区位置点,"ZDBZD-JS-2025-002255	","JFZDPT-JS-20250212-05759	",2022-10-01,2022-10-31,"1539373623	","3205104477230	",1.000000,100,100.000000,2313.000000,2384.220000,71.22,71.22,0.7352,71.22,-,-,-,-,-,-,-,-,-,-,-,-,-,-,-,-,-,-,-,-,-,-,46.34,6.02,-,-
鑫龙家园莲花六号小区位置点,"ZDBZD-JS-2025-002255	","JFZDPT-JS-20250212-05759	",2022-10-01,2022-10-31,"1543105444	","3205104477232	",1.000000,100,100.000000,2093.770000,2138.760000,44.99,44.99,0.7377,44.99,-,-,-,-,-,-,-,-,-,-,-,-,-,-,-,-,-,-,-,-,-,-,29.37,3.82,-,-
鑫龙家园莲花六号小区位置点,"ZDBZD-JS-2025-002255	","JFZDPT-JS-20250212-05759	",2022-10-01,2022-10-31,"1544951755	","3205104477235	",1.000000,100,100.000000,2407.230000,2479.750000,72.52,72.52,0.7424,72.52,-,-,-,-,-,-,-,-,-,-,-,-,-,-,-,-,-,-,-,-,-,-,47.65,6.19,-,-
鑫龙家园莲花六号小区位置点,"ZDBZD-JS-2025-002255	","JFZDPT-JS-20250212-05759	",2022-10-01,2022-10-31,"1544684094	","3205104477238	",1.000000,100,100.000000,2367.900000,2438.600000,70.7,70.7,0.7406,70.7,-,-,-,-,-,-,-,-,-,-,-,-,-,-,-,-,-,-,-,-,-,-,46.34,6.02,-,-
鑫龙家园莲花六号小区位置点,"ZDBZD-JS-2025-002255	","JFZDPT-JS-20250212-05759	",2022-10-01,2022-10-31,"1539602549	","3205104477339	",1.000000,100,100.000000,2478.060000,2551.500000,73.44,73.44,0.7331,73.44,-,-,-,-,-,-,-,-,-,-,-,-,-,-,-,-,-,-,-,-,-,-,47.65,6.19,-,-
鑫龙家园莲花六号小区位置点,"ZDBZD-JS-2025-002255	","JFZDPT-JS-20250212-05759	",2022-10-01,2022-10-31,"1546160843	","3205104477340	",1.000000,100,100.000000,2444.190000,2516.790000,72.6,72.6,0.7416,72.6,-,-,-,-,-,-,-,-,-,-,-,-,-,-,-,-,-,-,-,-,-,-,47.65,6.19,-,-
鑫龙家园莲花六号小区位置点,"ZDBZD-JS-2025-002255	","JFZDPT-JS-20250212-05759	",2022-10-01,2022-10-31,"1546168926	","3205104477341	",1.000000,100,100.000000,2810.230000,2894.290000,84.06,84.06,0.737,84.06,-,-,-,-,-,-,-,-,-,-,-,-,-,-,-,-,-,-,-,-,-,-,54.82,7.13,-,-
鑫龙家园莲花六号小区位置点,"ZDBZD-JS-2025-002255	","JFZDPT-JS-20250212-05759	",2022-10-01,2022-10-31,"1542466276	","3205104477344	",1.000000,100,100.000000,2008.970000,2078.280000,69.31,69.31,0.7342,69.31,-,-,-,-,-,-,-,-,-,-,-,-,-,-,-,-,-,-,-,-,-,-,45.04,5.85,-,-
鑫龙家园莲花六号小区位置点,"ZDBZD-JS-2025-002255	","JFZDPT-JS-20250212-05759	",2022-10-01,2022-10-31,"1536129516	","3205104477350	",1.000000,100,100.000000,3154.330000,3230.100000,75.77,75.77,0.7397,75.77,-,-,-,-,-,-,-,-,-,-,-,-,-,-,-,-,-,-,-,-,-,-,49.6,6.45,-,-
鑫龙家园莲花六号小区位置点,"ZDBZD-JS-2025-002255	","JFZDPT-JS-20250915-07118	",2025-08-01,2025-08-31,"1534337708	","3205104313087	",1.000000,100,100.000000,3862.010000,3896.160000,34.15,34.15,0.754,34.15,-,-,-,-,-,-,-,-,-,-,-,-,-,-,-,-,-,-,-,-,-,-,22.786814,2.962286,-,-
鑫龙家园莲花六号小区位置点,"ZDBZD-JS-2025-002255	","JFZDPT-JS-20250915-07118	",2025-08-01,2025-08-31,"1534339435	","3205104313426	",1.000000,100,100.000000,2830.960000,2859.340000,28.38,28.38,0.747,28.38,-,-,-,-,-,-,-,-,-,-,-,-,-,-,-,-,-,-,-,-,-,-,18.760938,2.438922,-,-
鑫龙家园莲花六号小区位置点,"ZDBZD-JS-2025-002255	","JFZDPT-JS-20250915-07118	",2025-08-01,2025-08-31,"1534349171	","3205104313433	",1.000000,100,100.000000,2664.460000,2685.360000,20.9,20.9,0.7608,20.9,-,-,-,-,-,-,-,-,-,-,-,-,-,-,-,-,-,-,-,-,-,-,14.071434,1.829286,-,-
鑫龙家园莲花六号小区位置点,"ZDBZD-JS-2025-002255	","JFZDPT-JS-20250915-07118	",2025-08-01,2025-08-31,"1554157659	","3205104313437	",1.000000,100,100.000000,249.280000,272.280000,23,23,0.7574,23,-,-,-,-,-,-,-,-,-,-,-,-,-,-,-,-,-,-,-,-,-,-,15.416106,2.004094,-,-
鑫龙家园莲花六号小区位置点,"ZDBZD-JS-2025-002255	","JFZDPT-JS-20250915-07118	",2025-08-01,2025-08-31,"1534339430	","3205104313446	",1.000000,100,100.000000,2599.770000,2620.350000,20.58,20.58,0.7726,20.58,-,-,-,-,-,-,-,-,-,-,-,-,-,-,-,-,-,-,-,-,-,-,14.070892,1.829216,-,-
鑫龙家园莲花六号小区位置点,"ZDBZD-JS-2025-002255	","JFZDPT-JS-20250915-07118	",2025-08-01,2025-08-31,"1534337522	","3205104313451	",1.000000,100,100.000000,2821.640000,2844.590000,22.95,22.95,0.759,22.95,-,-,-,-,-,-,-,-,-,-,-,-,-,-,-,-,-,-,-,-,-,-,15.415088,2.003962,-,-
鑫龙家园莲花六号小区位置点,"ZDBZD-JS-2025-002255	","JFZDPT-JS-20250915-07118	",2025-08-01,2025-08-31,"1528107567	","3205104315707	",1.000000,100,100.000000,3773.430000,3807.260000,33.83,33.83,0.7612,33.83,-,-,-,-,-,-,-,-,-,-,-,-,-,-,-,-,-,-,-,-,-,-,22.788846,2.96255,-,-
鑫龙家园莲花六号小区位置点,"ZDBZD-JS-2025-002255	","JFZDPT-JS-20250915-07118	",2025-08-01,2025-08-31,"1556867474	","3205104315719	",1.000000,100,100.000000,1139.030000,1163.450000,24.42,24.42,0.7441,24.42,-,-,-,-,-,-,-,-,-,-,-,-,-,-,-,-,-,-,-,-,-,-,16.080462,2.09046,-,-
鑫龙家园莲花六号小区位置点,"ZDBZD-JS-2025-002255	","JFZDPT-JS-20250915-07118	",2025-08-01,2025-08-31,"1528102930	","3205104315726	",1.000000,100,100.000000,2738.240000,2766.640000,28.4,28.4,0.7465,28.4,-,-,-,-,-,-,-,-,-,-,-,-,-,-,-,-,-,-,-,-,-,-,18.761593,2.439007,-,-
鑫龙家园莲花六号小区位置点,"ZDBZD-JS-2025-002255	","JFZDPT-JS-20250915-07118	",2025-08-01,2025-08-31,"1559570474	","3205104353226	",1.000000,100,100.000000,4801.670000,4934.690000,133.02,133.02,0.7572,133.02,-,-,-,-,-,-,-,-,-,-,-,-,-,-,-,-,-,-,-,-,-,-,89.135172,11.587572,-,-
鑫龙家园莲花六号小区位置点,"ZDBZD-JS-2025-002255	","JFZDPT-JS-20250915-07118	",2025-08-01,2025-08-31,"1547726877	","3205104472953	",1.000000,100,100.000000,4747.700000,4821.110000,73.41,73.41,0.753,73.41,-,-,-,-,-,-,-,-,-,-,-,-,-,-,-,-,-,-,-,-,-,-,48.918345,6.359385,-,-
鑫龙家园莲花六号小区位置点,"ZDBZD-JS-2025-002255	","JFZDPT-JS-20250915-07118	",2025-08-01,2025-08-31,"1547633945	","3205104472957	",1.000000,100,100.000000,5952.290000,6052.550000,100.26,100.26,0.7553,100.26,-,-,-,-,-,-,-,-,-,-,-,-,-,-,-,-,-,-,-,-,-,-,67.014494,8.711884,-,-
鑫龙家园莲花六号小区位置点,"ZDBZD-JS-2025-002255	","JFZDPT-JS-20250915-07118	",2025-08-01,2025-08-31,"1547633944	","3205104472959	",1.000000,100,100.000000,4644.590000,4716.030000,71.44,71.44,0.7527,71.44,-,-,-,-,-,-,-,-,-,-,-,-,-,-,-,-,-,-,-,-,-,-,47.586627,6.186261,-,-
鑫龙家园莲花六号小区位置点,"ZDBZD-JS-2025-002255	","JFZDPT-JS-20250915-07118	",2025-08-01,2025-08-31,"1547633946	","3205104472963	",1.000000,100,100.000000,4504.710000,4567.340000,62.63,62.63,0.7618,62.63,-,-,-,-,-,-,-,-,-,-,-,-,-,-,-,-,-,-,-,-,-,-,42.222596,5.488938,-,-
鑫龙家园莲花六号小区位置点,"ZDBZD-JS-2025-002255	","JFZDPT-JS-20250915-07118	",2025-08-01,2025-08-31,"1547634578	","3205104472970	",1.000000,100,100.000000,3575.530000,3620.730000,45.2,45.2,0.754,45.2,-,-,-,-,-,-,-,-,-,-,-,-,-,-,-,-,-,-,-,-,-,-,30.16,3.9208,-,-
鑫龙家园莲花六号小区位置点,"ZDBZD-JS-2025-002255	","JFZDPT-JS-20250915-07118	",2025-08-01,2025-08-31,"1547728488	","3205104474427	",1.000000,100,100.000000,4687.860000,4752.630000,64.77,64.77,0.7599,64.77,-,-,-,-,-,-,-,-,-,-,-,-,-,-,-,-,-,-,-,-,-,-,43.556392,5.662331,-,-
鑫龙家园莲花六号小区位置点,"ZDBZD-JS-2025-002255	","JFZDPT-JS-20250915-07118	",2025-08-01,2025-08-31,"1547719754	","3205104474457	",1.000000,100,100.000000,11342.410000,11500.340000,157.93,157.93,0.7576,157.93,-,-,-,-,-,-,-,-,-,-,-,-,-,-,-,-,-,-,-,-,-,-,105.882981,13.764787,-,-
鑫龙家园莲花六号小区位置点,"ZDBZD-JS-2025-002255	","JFZDPT-JS-20250915-07118	",2025-08-01,2025-08-31,"1547728484	","3205104474463	",1.000000,100,100.000000,3969.250000,4026.240000,56.99,56.99,0.7573,56.99,-,-,-,-,-,-,-,-,-,-,-,-,-,-,-,-,-,-,-,-,-,-,38.193387,4.96514,-,-
鑫龙家园莲花六号小区位置点,"ZDBZD-JS-2025-002255	","JFZDPT-JS-20250915-07118	",2025-08-01,2025-08-31,"1547719759	","3205104474467	",1.000000,100,100.000000,4556.080000,4619.220000,63.14,63.14,0.7556,63.14,-,-,-,-,-,-,-,-,-,-,-,-,-,-,-,-,-,-,-,-,-,-,42.219986,5.488598,-,-
鑫龙家园莲花六号小区位置点,"ZDBZD-JS-2025-002255	","JFZDPT-JS-20250915-07118	",2025-08-01,2025-08-31,"1534271368	","3205104476753	",1.000000,100,100.000000,2890.970000,2890.970000,0,0,0.7527,0,-,-,-,-,-,-,-,-,-,-,-,-,-,-,-,-,-,-,-,-,-,-,0,0,-,-
鑫龙家园莲花六号小区位置点,"ZDBZD-JS-2025-002255	","JFZDPT-JS-20250915-07118	",2025-08-01,2025-08-31,"1542462053	","3205104476756	",1.000000,100,100.000000,3890.550000,3946.390000,55.84,55.84,0.7595,55.84,-,-,-,-,-,-,-,-,-,-,-,-,-,-,-,-,-,-,-,-,-,-,37.531398,4.879082,-,-
鑫龙家园莲花六号小区位置点,"ZDBZD-JS-2025-002255	","JFZDPT-JS-20250915-07118	",2025-08-01,2025-08-31,"1534365028	","3205104476757	",1.000000,100,100.000000,4431.280000,4491.300000,60.02,60.02,0.7571,60.02,-,-,-,-,-,-,-,-,-,-,-,-,-,-,-,-,-,-,-,-,-,-,40.2134,5.227742,-,-
鑫龙家园莲花六号小区位置点,"ZDBZD-JS-2025-002255	","JFZDPT-JS-20250915-07118	",2025-08-01,2025-08-31,"1535669055	","3205104476759	",1.000000,100,100.000000,4866.150000,4866.150000,0,0,0.7527,0,-,-,-,-,-,-,-,-,-,-,-,-,-,-,-,-,-,-,-,-,-,-,0,0,-,-
鑫龙家园莲花六号小区位置点,"ZDBZD-JS-2025-002255	","JFZDPT-JS-20250915-07118	",2025-08-01,2025-08-31,"1535960714	","3205104476763	",1.000000,100,100.000000,9709.060000,9844.460000,135.4,135.4,0.755,135.4,-,-,-,-,-,-,-,-,-,-,-,-,-,-,-,-,-,-,-,-,-,-,90.466372,11.760628,-,-
鑫龙家园莲花六号小区位置点,"ZDBZD-JS-2025-002255	","JFZDPT-JS-20250915-07118	",2025-08-01,2025-08-31,"1543218796	","3205104476766	",1.000000,100,100.000000,4863.680000,4936.300000,72.62,72.62,0.7612,72.62,-,-,-,-,-,-,-,-,-,-,-,-,-,-,-,-,-,-,-,-,-,-,48.918888,6.359456,-,-
鑫龙家园莲花六号小区位置点,"ZDBZD-JS-2025-002255	","JFZDPT-JS-20250915-07118	",2025-08-01,2025-08-31,"1539721710	","3205104476768	",1.000000,100,100.000000,4704.430000,4774.780000,70.35,70.35,0.7535,70.35,-,-,-,-,-,-,-,-,-,-,-,-,-,-,-,-,-,-,-,-,-,-,46.910376,6.098349,-,-
鑫龙家园莲花六号小区位置点,"ZDBZD-JS-2025-002255	","JFZDPT-JS-20250915-07118	",2025-08-01,2025-08-31,"1534340339	","3205104476772	",1.000000,100,100.000000,3900.260000,3972.350000,72.09,72.09,0.7563,72.09,-,-,-,-,-,-,-,-,-,-,-,-,-,-,-,-,-,-,-,-,-,-,48.249263,6.272404,-,-
鑫龙家园莲花六号小区位置点,"ZDBZD-JS-2025-002255	","JFZDPT-JS-20250915-07118	",2025-08-01,2025-08-31,"1542222948	","3205104476774	",1.000000,100,100.000000,4276.230000,4331.290000,55.06,55.06,0.7564,55.06,-,-,-,-,-,-,-,-,-,-,-,-,-,-,-,-,-,-,-,-,-,-,36.856092,4.791292,-,-
鑫龙家园莲花六号小区位置点,"ZDBZD-JS-2025-002255	","JFZDPT-JS-20250915-07118	",2025-08-01,2025-08-31,"1536674431	","3205104477226	",1.000000,100,100.000000,5455.050000,5507.450000,52.4,52.4,0.7515,52.4,-,-,-,-,-,-,-,-,-,-,-,-,-,-,-,-,-,-,-,-,-,-,34.848319,4.530281,-,-
鑫龙家园莲花六号小区位置点,"ZDBZD-JS-2025-002255	","JFZDPT-JS-20250915-07118	",2025-08-01,2025-08-31,"1536129515	","3205104477228	",1.000000,100,100.000000,4729.150000,4790.160000,61.01,61.01,0.7571,61.01,-,-,-,-,-,-,-,-,-,-,-,-,-,-,-,-,-,-,-,-,-,-,40.8767,5.313971,-,-
鑫龙家园莲花六号小区位置点,"ZDBZD-JS-2025-002255	","JFZDPT-JS-20250915-07118	",2025-08-01,2025-08-31,"1539373623	","3205104477230	",1.000000,100,100.000000,4429.740000,4477.920000,48.18,48.18,0.7545,48.18,-,-,-,-,-,-,-,-,-,-,-,-,-,-,-,-,-,-,-,-,-,-,32.169743,4.182067,-,-
鑫龙家园莲花六号小区位置点,"ZDBZD-JS-2025-002255	","JFZDPT-JS-20250915-07118	",2025-08-01,2025-08-31,"1543105444	","3205104477232	",1.000000,100,100.000000,3566.010000,3605.880000,39.87,39.87,0.7597,39.87,-,-,-,-,-,-,-,-,-,-,-,-,-,-,-,-,-,-,-,-,-,-,26.804636,3.484603,-,-
鑫龙家园莲花六号小区位置点,"ZDBZD-JS-2025-002255	","JFZDPT-JS-20250915-07118	",2025-08-01,2025-08-31,"1544951755	","3205104477235	",1.000000,100,100.000000,4752.930000,4813.970000,61.04,61.04,0.7567,61.04,-,-,-,-,-,-,-,-,-,-,-,-,-,-,-,-,-,-,-,-,-,-,40.875193,5.313775,-,-
鑫龙家园莲花六号小区位置点,"ZDBZD-JS-2025-002255	","JFZDPT-JS-20250915-07118	",2025-08-01,2025-08-31,"1544684094	","3205104477238	",1.000000,100,100.000000,3093.340000,3093.340000,0,0,0.7527,0,-,-,-,-,-,-,-,-,-,-,-,-,-,-,-,-,-,-,-,-,-,-,0,0,-,-
鑫龙家园莲花六号小区位置点,"ZDBZD-JS-2025-002255	","JFZDPT-JS-20250915-07118	",2025-08-01,2025-08-31,"1539602549	","3205104477339	",1.000000,100,100.000000,4028.750000,4100.250000,71.5,71.5,0.7625,71.5,-,-,-,-,-,-,-,-,-,-,-,-,-,-,-,-,-,-,-,-,-,-,48.246681,6.272069,-,-
鑫龙家园莲花六号小区位置点,"ZDBZD-JS-2025-002255	","JFZDPT-JS-20250915-07118	",2025-08-01,2025-08-31,"1546160843	","3205104477340	",1.000000,100,100.000000,4806.480000,4878.930000,72.45,72.45,0.7525,72.45,-,-,-,-,-,-,-,-,-,-,-,-,-,-,-,-,-,-,-,-,-,-,48.246571,6.272054,-,-
鑫龙家园莲花六号小区位置点,"ZDBZD-JS-2025-002255	","JFZDPT-JS-20250915-07118	",2025-08-01,2025-08-31,"1546168926	","3205104477341	",1.000000,100,100.000000,5379.520000,5454.200000,74.68,74.68,0.7604,74.68,-,-,-,-,-,-,-,-,-,-,-,-,-,-,-,-,-,-,-,-,-,-,50.253692,6.53298,-,-
鑫龙家园莲花六号小区位置点,"ZDBZD-JS-2025-002255	","JFZDPT-JS-20250915-07118	",2025-08-01,2025-08-31,"1542466276	","3205104477344	",1.000000,100,100.000000,4302.550000,4371.550000,69,69,0.7572,69,-,-,-,-,-,-,-,-,-,-,-,-,-,-,-,-,-,-,-,-,-,-,46.236106,6.010694,-,-
鑫龙家园莲花六号小区位置点,"ZDBZD-JS-2025-002255	","JFZDPT-JS-20250915-07118	",2025-08-01,2025-08-31,"1536129516	","3205104477350	",1.000000,100,100.000000,5949.560000,6025.320000,75.76,75.76,0.7596,75.76,-,-,-,-,-,-,-,-,-,-,-,-,-,-,-,-,-,-,-,-,-,-,50.926811,6.620485,-,-
鑫龙家园莲花六号小区位置点,"ZDBZD-JS-2025-002255	","JFZDPT-JS-20251016-08849	",2025-09-01,2025-09-30,"1534337708	","3205104313087	",1.000000,100,100.000000,3896.160000,3929.350000,33.19,33.19,0.7261,33.19,-,-,-,-,-,-,-,-,-,-,-,-,-,-,-,-,-,-,-,-,-,-,21.326778,2.772481,-,-
鑫龙家园莲花六号小区位置点,"ZDBZD-JS-2025-002255	","JFZDPT-JS-20251016-08849	",2025-09-01,2025-09-30,"1534339435	","3205104313426	",1.000000,100,100.000000,2859.340000,2886.740000,27.4,27.4,0.7197,27.4,-,-,-,-,-,-,-,-,-,-,-,-,-,-,-,-,-,-,-,-,-,-,17.451133,2.268647,-,-
鑫龙家园莲花六号小区位置点,"ZDBZD-JS-2025-002255	","JFZDPT-JS-20251016-08849	",2025-09-01,2025-09-30,"1534349171	","3205104313433	",1.000000,100,100.000000,2685.360000,2705.920000,20.56,20.56,0.7461,20.56,-,-,-,-,-,-,-,-,-,-,-,-,-,-,-,-,-,-,-,-,-,-,13.575058,1.764758,-,-
鑫龙家园莲花六号小区位置点,"ZDBZD-JS-2025-002255	","JFZDPT-JS-20251016-08849	",2025-09-01,2025-09-30,"1554157659	","3205104313437	",1.000000,100,100.000000,272.280000,292.600000,20.32,20.32,0.719,20.32,-,-,-,-,-,-,-,-,-,-,-,-,-,-,-,-,-,-,-,-,-,-,12.929274,1.680806,-,-
鑫龙家园莲花六号小区位置点,"ZDBZD-JS-2025-002255	","JFZDPT-JS-20251016-08849	",2025-09-01,2025-09-30,"1534339430	","3205104313446	",1.000000,100,100.000000,2620.350000,2640.290000,19.94,19.94,0.7327,19.94,-,-,-,-,-,-,-,-,-,-,-,-,-,-,-,-,-,-,-,-,-,-,12.929237,1.680801,-,-
鑫龙家园莲花六号小区位置点,"ZDBZD-JS-2025-002255	","JFZDPT-JS-20251016-08849	",2025-09-01,2025-09-30,"1534337522	","3205104313451	",1.000000,100,100.000000,2844.590000,2866.710000,22.12,22.12,0.7265,22.12,-,-,-,-,-,-,-,-,-,-,-,-,-,-,-,-,-,-,-,-,-,-,14.221398,1.848782,-,-
鑫龙家园莲花六号小区位置点,"ZDBZD-JS-2025-002255	","JFZDPT-JS-20251016-08849	",2025-09-01,2025-09-30,"1528107567	","3205104315707	",1.000000,100,100.000000,3807.260000,3840.120000,32.86,32.86,0.7334,32.86,-,-,-,-,-,-,-,-,-,-,-,-,-,-,-,-,-,-,-,-,-,-,21.327012,2.772512,-,-
鑫龙家园莲花六号小区位置点,"ZDBZD-JS-2025-002255	","JFZDPT-JS-20251016-08849	",2025-09-01,2025-09-30,"1556867474	","3205104315719	",1.000000,100,100.000000,1163.450000,1187.520000,24.07,24.07,0.7283,24.07,-,-,-,-,-,-,-,-,-,-,-,-,-,-,-,-,-,-,-,-,-,-,15.513435,2.016746,-,-
鑫龙家园莲花六号小区位置点,"ZDBZD-JS-2025-002255	","JFZDPT-JS-20251016-08849	",2025-09-01,2025-09-30,"1528102930	","3205104315726	",1.000000,100,100.000000,2766.640000,2794.050000,27.41,27.41,0.7194,27.41,-,-,-,-,-,-,-,-,-,-,-,-,-,-,-,-,-,-,-,-,-,-,17.450225,2.268529,-,-
鑫龙家园莲花六号小区位置点,"ZDBZD-JS-2025-002255	","JFZDPT-JS-20251016-08849	",2025-09-01,2025-09-30,"1559570474	","3205104353226	",1.000000,100,100.000000,4934.690000,5069.720000,135.03,135.03,0.7301,135.03,-,-,-,-,-,-,-,-,-,-,-,-,-,-,-,-,-,-,-,-,-,-,87.243719,11.341684,-,-
鑫龙家园莲花六号小区位置点,"ZDBZD-JS-2025-002255	","JFZDPT-JS-20251016-08849	",2025-09-01,2025-09-30,"1547726877	","3205104472953	",1.000000,100,100.000000,4821.110000,4892.020000,70.91,70.91,0.7312,70.91,-,-,-,-,-,-,-,-,-,-,-,-,-,-,-,-,-,-,-,-,-,-,45.884418,5.964974,-,-
鑫龙家园莲花六号小区位置点,"ZDBZD-JS-2025-002255	","JFZDPT-JS-20251016-08849	",2025-09-01,2025-09-30,"1547633945	","3205104472957	",1.000000,100,100.000000,6052.550000,6149.290000,96.74,96.74,0.7323,96.74,-,-,-,-,-,-,-,-,-,-,-,-,-,-,-,-,-,-,-,-,-,-,62.692657,8.150045,-,-
鑫龙家园莲花六号小区位置点,"ZDBZD-JS-2025-002255	","JFZDPT-JS-20251016-08849	",2025-09-01,2025-09-30,"1547633944	","3205104472959	",1.000000,100,100.000000,4716.030000,4784.970000,68.94,68.94,0.7309,68.94,-,-,-,-,-,-,-,-,-,-,-,-,-,-,-,-,-,-,-,-,-,-,44.591368,5.796878,-,-
鑫龙家园莲花六号小区位置点,"ZDBZD-JS-2025-002255	","JFZDPT-JS-20251016-08849	",2025-09-01,2025-09-30,"1547633946	","3205104472963	",1.000000,100,100.000000,4567.340000,4633.260000,65.92,65.92,0.7312,65.92,-,-,-,-,-,-,-,-,-,-,-,-,-,-,-,-,-,-,-,-,-,-,42.65549,5.545214,-,-
鑫龙家园莲花六号小区位置点,"ZDBZD-JS-2025-002255	","JFZDPT-JS-20251016-08849	",2025-09-01,2025-09-30,"1547634578	","3205104472970	",1.000000,100,100.000000,3620.730000,3664.340000,43.61,43.61,0.7368,43.61,-,-,-,-,-,-,-,-,-,-,-,-,-,-,-,-,-,-,-,-,-,-,28.435264,3.696584,-,-
鑫龙家园莲花六号小区位置点,"ZDBZD-JS-2025-002255	","JFZDPT-JS-20251016-08849	",2025-09-01,2025-09-30,"1547728488	","3205104474427	",1.000000,100,100.000000,4752.630000,4810.440000,57.81,57.81,0.7327,57.81,-,-,-,-,-,-,-,-,-,-,-,-,-,-,-,-,-,-,-,-,-,-,37.484413,4.872974,-,-
鑫龙家园莲花六号小区位置点,"ZDBZD-JS-2025-002255	","JFZDPT-JS-20251016-08849	",2025-09-01,2025-09-30,"1547719754	","3205104474457	",1.000000,100,100.000000,11500.340000,11653.120000,152.78,152.78,0.7314,152.78,-,-,-,-,-,-,-,-,-,-,-,-,-,-,-,-,-,-,-,-,-,-,98.887869,12.855423,-,-
鑫龙家园莲花六号小区位置点,"ZDBZD-JS-2025-002255	","JFZDPT-JS-20251016-08849	",2025-09-01,2025-09-30,"1547728484	","3205104474463	",1.000000,100,100.000000,4026.240000,4081.270000,55.03,55.03,0.73,55.03,-,-,-,-,-,-,-,-,-,-,-,-,-,-,-,-,-,-,-,-,-,-,35.550354,4.621546,-,-
鑫龙家园莲花六号小区位置点,"ZDBZD-JS-2025-002255	","JFZDPT-JS-20251016-08849	",2025-09-01,2025-09-30,"1547719759	","3205104474467	",1.000000,100,100.000000,4619.220000,4685.730000,66.51,66.51,0.7357,66.51,-,-,-,-,-,-,-,-,-,-,-,-,-,-,-,-,-,-,-,-,-,-,43.30213,5.629277,-,-
鑫龙家园莲花六号小区位置点,"ZDBZD-JS-2025-002255	","JFZDPT-JS-20251016-08849	",2025-09-01,2025-09-30,"1534271368	","3205104476753	",1.000000,100,100.000000,2890.970000,2890.970000,0,0,0.72,0,-,-,-,-,-,-,-,-,-,-,-,-,-,-,-,-,-,-,-,-,-,-,0,0,-,-
鑫龙家园莲花六号小区位置点,"ZDBZD-JS-2025-002255	","JFZDPT-JS-20251016-08849	",2025-09-01,2025-09-30,"1542462053	","3205104476756	",1.000000,100,100.000000,3946.390000,4000.350000,53.96,53.96,0.7309,53.96,-,-,-,-,-,-,-,-,-,-,-,-,-,-,-,-,-,-,-,-,-,-,34.902092,4.537272,-,-
鑫龙家园莲花六号小区位置点,"ZDBZD-JS-2025-002255	","JFZDPT-JS-20251016-08849	",2025-09-01,2025-09-30,"1534365028	","3205104476757	",1.000000,100,100.000000,4491.300000,4549.240000,57.94,57.94,0.7311,57.94,-,-,-,-,-,-,-,-,-,-,-,-,-,-,-,-,-,-,-,-,-,-,37.486667,4.873267,-,-
鑫龙家园莲花六号小区位置点,"ZDBZD-JS-2025-002255	","JFZDPT-JS-20251016-08849	",2025-09-01,2025-09-30,"1535669055	","3205104476759	",1.000000,100,100.000000,4866.150000,4866.150000,0,0,0.72,0,-,-,-,-,-,-,-,-,-,-,-,-,-,-,-,-,-,-,-,-,-,-,0,0,-,-
鑫龙家园莲花六号小区位置点,"ZDBZD-JS-2025-002255	","JFZDPT-JS-20251016-08849	",2025-09-01,2025-09-30,"1535960714	","3205104476763	",1.000000,100,100.000000,9844.460000,9975.420000,130.96,130.96,0.7305,130.96,-,-,-,-,-,-,-,-,-,-,-,-,-,-,-,-,-,-,-,-,-,-,84.660425,11.005855,-,-
鑫龙家园莲花六号小区位置点,"ZDBZD-JS-2025-002255	","JFZDPT-JS-20251016-08849	",2025-09-01,2025-09-30,"1543218796	","3205104476766	",1.000000,100,100.000000,4936.300000,5006.410000,70.11,70.11,0.7291,70.11,-,-,-,-,-,-,-,-,-,-,-,-,-,-,-,-,-,-,-,-,-,-,45.236461,5.88074,-,-
鑫龙家园莲花六号小区位置点,"ZDBZD-JS-2025-002255	","JFZDPT-JS-20251016-08849	",2025-09-01,2025-09-30,"1539721710	","3205104476768	",1.000000,100,100.000000,4774.780000,4842.590000,67.81,67.81,0.7323,67.81,-,-,-,-,-,-,-,-,-,-,-,-,-,-,-,-,-,-,-,-,-,-,43.944481,5.712782,-,-
鑫龙家园莲花六号小区位置点,"ZDBZD-JS-2025-002255	","JFZDPT-JS-20251016-08849	",2025-09-01,2025-09-30,"1534340339	","3205104476772	",1.000000,100,100.000000,3972.350000,4041.950000,69.6,69.6,0.7345,69.6,-,-,-,-,-,-,-,-,-,-,-,-,-,-,-,-,-,-,-,-,-,-,45.24,5.8812,-,-
鑫龙家园莲花六号小区位置点,"ZDBZD-JS-2025-002255	","JFZDPT-JS-20251016-08849	",2025-09-01,2025-09-30,"1542222948	","3205104476774	",1.000000,100,100.000000,4331.290000,4384.440000,53.15,53.15,0.7283,53.15,-,-,-,-,-,-,-,-,-,-,-,-,-,-,-,-,-,-,-,-,-,-,34.255881,4.453264,-,-
鑫龙家园莲花六号小区位置点,"ZDBZD-JS-2025-002255	","JFZDPT-JS-20251016-08849	",2025-09-01,2025-09-30,"1536674431	","3205104477226	",1.000000,100,100.000000,5507.450000,5558.090000,50.64,50.64,0.7356,50.64,-,-,-,-,-,-,-,-,-,-,-,-,-,-,-,-,-,-,-,-,-,-,32.965296,4.285488,-,-
鑫龙家园莲花六号小区位置点,"ZDBZD-JS-2025-002255	","JFZDPT-JS-20251016-08849	",2025-09-01,2025-09-30,"1536129515	","3205104477228	",1.000000,100,100.000000,4790.160000,4854.480000,64.32,64.32,0.7267,64.32,-,-,-,-,-,-,-,-,-,-,-,-,-,-,-,-,-,-,-,-,-,-,41.364021,5.377323,-,-
鑫龙家园莲花六号小区位置点,"ZDBZD-JS-2025-002255	","JFZDPT-JS-20251016-08849	",2025-09-01,2025-09-30,"1539373623	","3205104477230	",1.000000,100,100.000000,4477.920000,4529.180000,51.26,51.26,0.7267,51.26,-,-,-,-,-,-,-,-,-,-,-,-,-,-,-,-,-,-,-,-,-,-,32.96517,4.285472,-,-
鑫龙家园莲花六号小区位置点,"ZDBZD-JS-2025-002255	","JFZDPT-JS-20251016-08849	",2025-09-01,2025-09-30,"1543105444	","3205104477232	",1.000000,100,100.000000,3605.880000,3646.920000,41.04,41.04,0.7295,41.04,-,-,-,-,-,-,-,-,-,-,-,-,-,-,-,-,-,-,-,-,-,-,26.494407,3.444273,-,-
鑫龙家园莲花六号小区位置点,"ZDBZD-JS-2025-002255	","JFZDPT-JS-20251016-08849	",2025-09-01,2025-09-30,"1544951755	","3205104477235	",1.000000,100,100.000000,4813.970000,4878.410000,64.44,64.44,0.7253,64.44,-,-,-,-,-,-,-,-,-,-,-,-,-,-,-,-,-,-,-,-,-,-,41.361356,5.376976,-,-
鑫龙家园莲花六号小区位置点,"ZDBZD-JS-2025-002255	","JFZDPT-JS-20251016-08849	",2025-09-01,2025-09-30,"1544684094	","3205104477238	",1.000000,100,100.000000,3093.340000,3093.340000,0,0,0.72,0,-,-,-,-,-,-,-,-,-,-,-,-,-,-,-,-,-,-,-,-,-,-,0,0,-,-
鑫龙家园莲花六号小区位置点,"ZDBZD-JS-2025-002255	","JFZDPT-JS-20251016-08849	",2025-09-01,2025-09-30,"1539602549	","3205104477339	",1.000000,100,100.000000,4100.250000,4169.250000,69,69,0.7303,69,-,-,-,-,-,-,-,-,-,-,-,-,-,-,-,-,-,-,-,-,-,-,44.59354,5.79716,-,-
鑫龙家园莲花六号小区位置点,"ZDBZD-JS-2025-002255	","JFZDPT-JS-20251016-08849	",2025-09-01,2025-09-30,"1546160843	","3205104477340	",1.000000,100,100.000000,4878.930000,4948.890000,69.96,69.96,0.7307,69.96,-,-,-,-,-,-,-,-,-,-,-,-,-,-,-,-,-,-,-,-,-,-,45.238736,5.881036,-,-
鑫龙家园莲花六号小区位置点,"ZDBZD-JS-2025-002255	","JFZDPT-JS-20251016-08849	",2025-09-01,2025-09-30,"1546168926	","3205104477341	",1.000000,100,100.000000,5454.200000,5526.220000,72.02,72.02,0.7301,72.02,-,-,-,-,-,-,-,-,-,-,-,-,-,-,-,-,-,-,-,-,-,-,46.532568,6.049234,-,-
鑫龙家园莲花六号小区位置点,"ZDBZD-JS-2025-002255	","JFZDPT-JS-20251016-08849	",2025-09-01,2025-09-30,"1542466276	","3205104477344	",1.000000,100,100.000000,4371.550000,4438.170000,66.62,66.62,0.7345,66.62,-,-,-,-,-,-,-,-,-,-,-,-,-,-,-,-,-,-,-,-,-,-,43.303,5.62939,-,-
鑫龙家园莲花六号小区位置点,"ZDBZD-JS-2025-002255	","JFZDPT-JS-20251016-08849	",2025-09-01,2025-09-30,"1536129516	","3205104477350	",1.000000,100,100.000000,6025.320000,6098.440000,73.12,73.12,0.7291,73.12,-,-,-,-,-,-,-,-,-,-,-,-,-,-,-,-,-,-,-,-,-,-,47.178577,6.133215,-,-
鑫龙家园莲花六号小区位置点,"ZDBZD-JS-2025-002255	","JFZDPT-JS-20250213-07023	",2023-05-01,2023-05-31,"1534337708	","3205104313087	",1.000000,100,100.000000,2681.020000,2729.460000,48.44,48.44,0.7289,48.44,-,-,-,-,-,-,-,-,-,-,-,-,-,-,-,-,-,-,-,-,-,-,31.25,4.06,-,-
鑫龙家园莲花六号小区位置点,"ZDBZD-JS-2025-002255	","JFZDPT-JS-20250213-07023	",2023-05-01,2023-05-31,"1534339435	","3205104313426	",1.000000,100,100.000000,1867.370000,1900.920000,33.55,33.55,0.7455,33.55,-,-,-,-,-,-,-,-,-,-,-,-,-,-,-,-,-,-,-,-,-,-,22.13,2.88,-,-
鑫龙家园莲花六号小区位置点,"ZDBZD-JS-2025-002255	","JFZDPT-JS-20250213-07023	",2023-05-01,2023-05-31,"1534349171	","3205104313433	",1.000000,100,100.000000,1848.250000,1881.530000,33.28,33.28,0.7296,33.28,-,-,-,-,-,-,-,-,-,-,-,-,-,-,-,-,-,-,-,-,-,-,21.49,2.79,-,-
鑫龙家园莲花六号小区位置点,"ZDBZD-JS-2025-002255	","JFZDPT-JS-20250213-07023	",2023-05-01,2023-05-31,"1554157659	","3205104313437	",1.000000,100,100.000000,1863.720000,1896.950000,33.23,33.23,0.7307,33.23,-,-,-,-,-,-,-,-,-,-,-,-,-,-,-,-,-,-,-,-,-,-,21.49,2.79,-,-
鑫龙家园莲花六号小区位置点,"ZDBZD-JS-2025-002255	","JFZDPT-JS-20250213-07023	",2023-05-01,2023-05-31,"1534339430	","3205104313446	",1.000000,100,100.000000,1781.260000,1814.570000,33.31,33.31,0.7289,33.31,-,-,-,-,-,-,-,-,-,-,-,-,-,-,-,-,-,-,-,-,-,-,21.49,2.79,-,-
鑫龙家园莲花六号小区位置点,"ZDBZD-JS-2025-002255	","JFZDPT-JS-20250213-07023	",2023-05-01,2023-05-31,"1534337522	","3205104313451	",1.000000,100,100.000000,1975.020000,2010.150000,35.13,35.13,0.733,35.13,-,-,-,-,-,-,-,-,-,-,-,-,-,-,-,-,-,-,-,-,-,-,22.79,2.96,-,-
鑫龙家园莲花六号小区位置点,"ZDBZD-JS-2025-002255	","JFZDPT-JS-20250213-07023	",2023-05-01,2023-05-31,"1528107567	","3205104315707	",1.000000,100,100.000000,2634.280000,2680.760000,46.48,46.48,0.7281,46.48,-,-,-,-,-,-,-,-,-,-,-,-,-,-,-,-,-,-,-,-,-,-,29.95,3.89,-,-
鑫龙家园莲花六号小区位置点,"ZDBZD-JS-2025-002255	","JFZDPT-JS-20250213-07023	",2023-05-01,2023-05-31,"1556867474	","3205104315719	",1.000000,100,100.000000,301.520000,334.940000,33.42,33.42,0.7265,33.42,-,-,-,-,-,-,-,-,-,-,-,-,-,-,-,-,-,-,-,-,-,-,21.49,2.79,-,-
鑫龙家园莲花六号小区位置点,"ZDBZD-JS-2025-002255	","JFZDPT-JS-20250213-07023	",2023-05-01,2023-05-31,"1528102930	","3205104315726	",1.000000,100,100.000000,1899.140000,1932.440000,33.3,33.3,0.7291,33.3,-,-,-,-,-,-,-,-,-,-,-,-,-,-,-,-,-,-,-,-,-,-,21.49,2.79,-,-
鑫龙家园莲花六号小区位置点,"ZDBZD-JS-2025-002255	","JFZDPT-JS-20250213-07023	",2023-05-01,2023-05-31,"1559570474	","3205104353226	",1.000000,100,100.000000,1002.350000,1159.610000,157.26,157.26,0.7345,157.26,-,-,-,-,-,-,-,-,-,-,-,-,-,-,-,-,-,-,-,-,-,-,102.22,13.29,-,-
鑫龙家园莲花六号小区位置点,"ZDBZD-JS-2025-002255	","JFZDPT-JS-20250213-07023	",2023-05-01,2023-05-31,"1547726877	","3205104472953	",1.000000,100,100.000000,2811.810000,2884.760000,72.95,72.95,0.7363,72.95,-,-,-,-,-,-,-,-,-,-,-,-,-,-,-,-,-,-,-,-,-,-,47.53,6.18,-,-
鑫龙家园莲花六号小区位置点,"ZDBZD-JS-2025-002255	","JFZDPT-JS-20250213-07023	",2023-05-01,2023-05-31,"1547633945	","3205104472957	",1.000000,100,100.000000,3314.720000,3414.120000,99.4,99.4,0.7328,99.4,-,-,-,-,-,-,-,-,-,-,-,-,-,-,-,-,-,-,-,-,-,-,64.46,8.38,-,-
鑫龙家园莲花六号小区位置点,"ZDBZD-JS-2025-002255	","JFZDPT-JS-20250213-07023	",2023-05-01,2023-05-31,"1547633944	","3205104472959	",1.000000,100,100.000000,2762.150000,2833.200000,71.05,71.05,0.7353,71.05,-,-,-,-,-,-,-,-,-,-,-,-,-,-,-,-,-,-,-,-,-,-,46.23,6.01,-,-
鑫龙家园莲花六号小区位置点,"ZDBZD-JS-2025-002255	","JFZDPT-JS-20250213-07023	",2023-05-01,2023-05-31,"1547633946	","3205104472963	",1.000000,100,100.000000,2616.760000,2690.620000,73.86,73.86,0.7371,73.86,-,-,-,-,-,-,-,-,-,-,-,-,-,-,-,-,-,-,-,-,-,-,48.18,6.26,-,-
鑫龙家园莲花六号小区位置点,"ZDBZD-JS-2025-002255	","JFZDPT-JS-20250213-07023	",2023-05-01,2023-05-31,"1547634578	","3205104472970	",1.000000,100,100.000000,2270.880000,2324.210000,53.33,53.33,0.7311,53.33,-,-,-,-,-,-,-,-,-,-,-,-,-,-,-,-,-,-,-,-,-,-,34.5,4.49,-,-
鑫龙家园莲花六号小区位置点,"ZDBZD-JS-2025-002255	","JFZDPT-JS-20250213-07023	",2023-05-01,2023-05-31,"1547728488	","3205104474427	",1.000000,100,100.000000,2786.920000,2858.860000,71.94,71.94,0.7363,71.94,-,-,-,-,-,-,-,-,-,-,-,-,-,-,-,-,-,-,-,-,-,-,46.88,6.09,-,-
鑫龙家园莲花六号小区位置点,"ZDBZD-JS-2025-002255	","JFZDPT-JS-20250213-07023	",2023-05-01,2023-05-31,"1547719754	","3205104474457	",1.000000,100,100.000000,7006.270000,7165.780000,159.51,159.51,0.7379,159.51,-,-,-,-,-,-,-,-,-,-,-,-,-,-,-,-,-,-,-,-,-,-,104.16,13.54,-,-
鑫龙家园莲花六号小区位置点,"ZDBZD-JS-2025-002255	","JFZDPT-JS-20250213-07023	",2023-05-01,2023-05-31,"1547728484	","3205104474463	",1.000000,100,100.000000,2155.370000,2226.590000,71.22,71.22,0.7335,71.22,-,-,-,-,-,-,-,-,-,-,-,-,-,-,-,-,-,-,-,-,-,-,46.23,6.01,-,-
鑫龙家园莲花六号小区位置点,"ZDBZD-JS-2025-002255	","JFZDPT-JS-20250213-07023	",2023-05-01,2023-05-31,"1547719759	","3205104474467	",1.000000,100,100.000000,2911.900000,2984.040000,72.14,72.14,0.7343,72.14,-,-,-,-,-,-,-,-,-,-,-,-,-,-,-,-,-,-,-,-,-,-,46.88,6.09,-,-
鑫龙家园莲花六号小区位置点,"ZDBZD-JS-2025-002255	","JFZDPT-JS-20250213-07023	",2023-05-01,2023-05-31,"1534271368	","3205104476753	",1.000000,100,100.000000,2655.190000,2713.030000,57.84,57.84,0.7377,57.84,-,-,-,-,-,-,-,-,-,-,-,-,-,-,-,-,-,-,-,-,-,-,37.76,4.91,-,-
鑫龙家园莲花六号小区位置点,"ZDBZD-JS-2025-002255	","JFZDPT-JS-20250213-07023	",2023-05-01,2023-05-31,"1542462053	","3205104476756	",1.000000,100,100.000000,2413.870000,2469.310000,55.44,55.44,0.7298,55.44,-,-,-,-,-,-,-,-,-,-,-,-,-,-,-,-,-,-,-,-,-,-,35.81,4.65,-,-
鑫龙家园莲花六号小区位置点,"ZDBZD-JS-2025-002255	","JFZDPT-JS-20250213-07023	",2023-05-01,2023-05-31,"1534365028	","3205104476757	",1.000000,100,100.000000,2764.170000,2824.680000,60.51,60.51,0.7417,60.51,-,-,-,-,-,-,-,-,-,-,-,-,-,-,-,-,-,-,-,-,-,-,39.72,5.16,-,-
鑫龙家园莲花六号小区位置点,"ZDBZD-JS-2025-002255	","JFZDPT-JS-20250213-07023	",2023-05-01,2023-05-31,"1535669055	","3205104476759	",1.000000,100,100.000000,3854.020000,3935.960000,81.94,81.94,0.7363,81.94,-,-,-,-,-,-,-,-,-,-,-,-,-,-,-,-,-,-,-,-,-,-,53.39,6.94,-,-
鑫龙家园莲花六号小区位置点,"ZDBZD-JS-2025-002255	","JFZDPT-JS-20250213-07023	",2023-05-01,2023-05-31,"1535960714	","3205104476763	",1.000000,100,100.000000,6009.310000,6145.100000,135.79,135.79,0.7369,135.79,-,-,-,-,-,-,-,-,-,-,-,-,-,-,-,-,-,-,-,-,-,-,88.55,11.51,-,-
鑫龙家园莲花六号小区位置点,"ZDBZD-JS-2025-002255	","JFZDPT-JS-20250213-07023	",2023-05-01,2023-05-31,"1543218796	","3205104476766	",1.000000,100,100.000000,2944.070000,3016.300000,72.23,72.23,0.7334,72.23,-,-,-,-,-,-,-,-,-,-,-,-,-,-,-,-,-,-,-,-,-,-,46.88,6.09,-,-
鑫龙家园莲花六号小区位置点,"ZDBZD-JS-2025-002255	","JFZDPT-JS-20250213-07023	",2023-05-01,2023-05-31,"1539721710	","3205104476768	",1.000000,100,100.000000,2851.090000,2920.840000,69.75,69.75,0.7384,69.75,-,-,-,-,-,-,-,-,-,-,-,-,-,-,-,-,-,-,-,-,-,-,45.58,5.92,-,-
鑫龙家园莲花六号小区位置点,"ZDBZD-JS-2025-002255	","JFZDPT-JS-20250213-07023	",2023-05-01,2023-05-31,"1534340339	","3205104476772	",1.000000,100,100.000000,2000.150000,2071.500000,71.35,71.35,0.7322,71.35,-,-,-,-,-,-,-,-,-,-,-,-,-,-,-,-,-,-,-,-,-,-,46.23,6.01,-,-
鑫龙家园莲花六号小区位置点,"ZDBZD-JS-2025-002255	","JFZDPT-JS-20250213-07023	",2023-05-01,2023-05-31,"1542222948	","3205104476774	",1.000000,100,100.000000,2673.520000,2733.620000,60.1,60.1,0.7344,60.1,-,-,-,-,-,-,-,-,-,-,-,-,-,-,-,-,-,-,-,-,-,-,39.06,5.08,-,-
鑫龙家园莲花六号小区位置点,"ZDBZD-JS-2025-002255	","JFZDPT-JS-20250213-07023	",2023-05-01,2023-05-31,"1536674431	","3205104477226	",1.000000,100,100.000000,3188.930000,3266.130000,77.2,77.2,0.7338,77.2,-,-,-,-,-,-,-,-,-,-,-,-,-,-,-,-,-,-,-,-,-,-,50.13,6.52,-,-
鑫龙家园莲花六号小区位置点,"ZDBZD-JS-2025-002255	","JFZDPT-JS-20250213-07023	",2023-05-01,2023-05-31,"1536129515	","3205104477228	",1.000000,100,100.000000,2889.830000,2961.830000,72,72,0.7357,72,-,-,-,-,-,-,-,-,-,-,-,-,-,-,-,-,-,-,-,-,-,-,46.88,6.09,-,-
鑫龙家园莲花六号小区位置点,"ZDBZD-JS-2025-002255	","JFZDPT-JS-20250213-07023	",2023-05-01,2023-05-31,"1539373623	","3205104477230	",1.000000,100,100.000000,2787.570000,2847.170000,59.6,59.6,0.7406,59.6,-,-,-,-,-,-,-,-,-,-,-,-,-,-,-,-,-,-,-,-,-,-,39.06,5.08,-,-
鑫龙家园莲花六号小区位置点,"ZDBZD-JS-2025-002255	","JFZDPT-JS-20250213-07023	",2023-05-01,2023-05-31,"1543105444	","3205104477232	",1.000000,100,100.000000,2401.770000,2446.660000,44.89,44.89,0.7376,44.89,-,-,-,-,-,-,-,-,-,-,-,-,-,-,-,-,-,-,-,-,-,-,29.3,3.81,-,-
鑫龙家园莲花六号小区位置点,"ZDBZD-JS-2025-002255	","JFZDPT-JS-20250213-07023	",2023-05-01,2023-05-31,"1544951755	","3205104477235	",1.000000,100,100.000000,2902.550000,2974.840000,72.29,72.29,0.7327,72.29,-,-,-,-,-,-,-,-,-,-,-,-,-,-,-,-,-,-,-,-,-,-,46.88,6.09,-,-
鑫龙家园莲花六号小区位置点,"ZDBZD-JS-2025-002255	","JFZDPT-JS-20250213-07023	",2023-05-01,2023-05-31,"1544684094	","3205104477238	",1.000000,100,100.000000,2846.900000,2917.080000,70.18,70.18,0.7338,70.18,-,-,-,-,-,-,-,-,-,-,-,-,-,-,-,-,-,-,-,-,-,-,45.58,5.92,-,-
鑫龙家园莲花六号小区位置点,"ZDBZD-JS-2025-002255	","JFZDPT-JS-20250213-07023	",2023-05-01,2023-05-31,"1539602549	","3205104477339	",1.000000,100,100.000000,2975.230000,3047.910000,72.68,72.68,0.739,72.68,-,-,-,-,-,-,-,-,-,-,-,-,-,-,-,-,-,-,-,-,-,-,47.53,6.18,-,-
鑫龙家园莲花六号小区位置点,"ZDBZD-JS-2025-002255	","JFZDPT-JS-20250213-07023	",2023-05-01,2023-05-31,"1546160843	","3205104477340	",1.000000,100,100.000000,2936.590000,3008.380000,71.79,71.79,0.7378,71.79,-,-,-,-,-,-,-,-,-,-,-,-,-,-,-,-,-,-,-,-,-,-,46.88,6.09,-,-
鑫龙家园莲花六号小区位置点,"ZDBZD-JS-2025-002255	","JFZDPT-JS-20250213-07023	",2023-05-01,2023-05-31,"1546168926	","3205104477341	",1.000000,100,100.000000,3376.180000,3459.590000,83.41,83.41,0.732,83.41,-,-,-,-,-,-,-,-,-,-,-,-,-,-,-,-,-,-,-,-,-,-,54.04,7.02,-,-
鑫龙家园莲花六号小区位置点,"ZDBZD-JS-2025-002255	","JFZDPT-JS-20250213-07023	",2023-05-01,2023-05-31,"1542466276	","3205104477344	",1.000000,100,100.000000,2479.670000,2548.340000,68.67,68.67,0.7392,68.67,-,-,-,-,-,-,-,-,-,-,-,-,-,-,-,-,-,-,-,-,-,-,44.92,5.84,-,-
鑫龙家园莲花六号小区位置点,"ZDBZD-JS-2025-002255	","JFZDPT-JS-20250213-07023	",2023-05-01,2023-05-31,"1536129516	","3205104477350	",1.000000,100,100.000000,3577.300000,3628.020000,50.72,50.72,0.7397,50.72,-,-,-,-,-,-,-,-,-,-,-,-,-,-,-,-,-,-,-,-,-,-,33.2,4.32,-,-
鑫龙家园莲花六号小区位置点,"ZDBZD-JS-2025-002255	","JFZDPT-JS-20250212-07730	",2022-11-01,2022-11-30,"1534337708	","3205104313087	",1.000000,100,100.000000,2400.790000,2448.060000,47.27,47.27,0.7271,47.27,-,-,-,-,-,-,-,-,-,-,-,-,-,-,-,-,-,-,-,-,-,-,30.42,3.95,-,-
鑫龙家园莲花六号小区位置点,"ZDBZD-JS-2025-002255	","JFZDPT-JS-20250212-07730	",2022-11-01,2022-11-30,"1534339435	","3205104313426	",1.000000,100,100.000000,1670.850000,1703.410000,32.56,32.56,0.7411,32.56,-,-,-,-,-,-,-,-,-,-,-,-,-,-,-,-,-,-,-,-,-,-,21.35,2.78,-,-
鑫龙家园莲花六号小区位置点,"ZDBZD-JS-2025-002255	","JFZDPT-JS-20250212-07730	",2022-11-01,2022-11-30,"1534349171	","3205104313433	",1.000000,100,100.000000,1654.650000,1686.630000,31.98,31.98,0.7317,31.98,-,-,-,-,-,-,-,-,-,-,-,-,-,-,-,-,-,-,-,-,-,-,20.71,2.69,-,-
鑫龙家园莲花六号小区位置点,"ZDBZD-JS-2025-002255	","JFZDPT-JS-20250212-07730	",2022-11-01,2022-11-30,"1554157659	","3205104313437	",1.000000,100,100.000000,1670.890000,1702.940000,32.05,32.05,0.7301,32.05,-,-,-,-,-,-,-,-,-,-,-,-,-,-,-,-,-,-,-,-,-,-,20.71,2.69,-,-
鑫龙家园莲花六号小区位置点,"ZDBZD-JS-2025-002255	","JFZDPT-JS-20250212-07730	",2022-11-01,2022-11-30,"1534339430	","3205104313446	",1.000000,100,100.000000,1587.470000,1619.740000,32.27,32.27,0.7251,32.27,-,-,-,-,-,-,-,-,-,-,-,-,-,-,-,-,-,-,-,-,-,-,20.71,2.69,-,-
鑫龙家园莲花六号小区位置点,"ZDBZD-JS-2025-002255	","JFZDPT-JS-20250212-07730	",2022-11-01,2022-11-30,"1534337522	","3205104313451	",1.000000,100,100.000000,1763.680000,1799.290000,35.61,35.61,0.7394,35.61,-,-,-,-,-,-,-,-,-,-,-,-,-,-,-,-,-,-,-,-,-,-,23.3,3.03,-,-
鑫龙家园莲花六号小区位置点,"ZDBZD-JS-2025-002255	","JFZDPT-JS-20250212-07730	",2022-11-01,2022-11-30,"1528107567	","3205104315707	",1.000000,100,100.000000,2361.720000,2406.940000,45.22,45.22,0.7278,45.22,-,-,-,-,-,-,-,-,-,-,-,-,-,-,-,-,-,-,-,-,-,-,29.12,3.79,-,-
鑫龙家园莲花六号小区位置点,"ZDBZD-JS-2025-002255	","JFZDPT-JS-20250212-07730	",2022-11-01,2022-11-30,"1556867474	","3205104315719	",1.000000,100,100.000000,105.680000,138.230000,32.55,32.55,0.7413,32.55,-,-,-,-,-,-,-,-,-,-,-,-,-,-,-,-,-,-,-,-,-,-,21.35,2.78,-,-
鑫龙家园莲花六号小区位置点,"ZDBZD-JS-2025-002255	","JFZDPT-JS-20250212-07730	",2022-11-01,2022-11-30,"1528102930	","3205104315726	",1.000000,100,100.000000,1704.230000,1736.870000,32.64,32.64,0.7393,32.64,-,-,-,-,-,-,-,-,-,-,-,-,-,-,-,-,-,-,-,-,-,-,21.35,2.78,-,-
鑫龙家园莲花六号小区位置点,"ZDBZD-JS-2025-002255	","JFZDPT-JS-20250212-07730	",2022-11-01,2022-11-30,"1559570474	","3205104353226	",1.000000,100,100.000000,2163.670000,2354.820000,191.15,191.15,0.7307,191.15,-,-,-,-,-,-,-,-,-,-,-,-,-,-,-,-,-,-,-,-,-,-,123.6,16.07,-,-
鑫龙家园莲花六号小区位置点,"ZDBZD-JS-2025-002255	","JFZDPT-JS-20250212-07730	",2022-11-01,2022-11-30,"1547726877	","3205104472953	",1.000000,100,100.000000,2388.340000,2458.720000,70.38,70.38,0.7273,70.38,-,-,-,-,-,-,-,-,-,-,-,-,-,-,-,-,-,-,-,-,-,-,45.3,5.89,-,-
鑫龙家园莲花六号小区位置点,"ZDBZD-JS-2025-002255	","JFZDPT-JS-20250212-07730	",2022-11-01,2022-11-30,"1547633945	","3205104472957	",1.000000,100,100.000000,2840.110000,2912.460000,72.35,72.35,0.7277,72.35,-,-,-,-,-,-,-,-,-,-,-,-,-,-,-,-,-,-,-,-,-,-,46.59,6.06,-,-
鑫龙家园莲花六号小区位置点,"ZDBZD-JS-2025-002255	","JFZDPT-JS-20250212-07730	",2022-11-01,2022-11-30,"1547633944	","3205104472959	",1.000000,100,100.000000,2349.810000,2418.420000,68.61,68.61,0.7355,68.61,-,-,-,-,-,-,-,-,-,-,-,-,-,-,-,-,-,-,-,-,-,-,44.65,5.81,-,-
鑫龙家园莲花六号小区位置点,"ZDBZD-JS-2025-002255	","JFZDPT-JS-20250212-07730	",2022-11-01,2022-11-30,"1547633946	","3205104472963	",1.000000,100,100.000000,2186.950000,2258.380000,71.43,71.43,0.7269,71.43,-,-,-,-,-,-,-,-,-,-,-,-,-,-,-,-,-,-,-,-,-,-,45.95,5.97,-,-
鑫龙家园莲花六号小区位置点,"ZDBZD-JS-2025-002255	","JFZDPT-JS-20250212-07730	",2022-11-01,2022-11-30,"1547634578	","3205104472970	",1.000000,100,100.000000,1961.560000,2013.040000,51.48,51.48,0.7246,51.48,-,-,-,-,-,-,-,-,-,-,-,-,-,-,-,-,-,-,-,-,-,-,33.01,4.29,-,-
鑫龙家园莲花六号小区位置点,"ZDBZD-JS-2025-002255	","JFZDPT-JS-20250212-07730	",2022-11-01,2022-11-30,"1547728488	","3205104474427	",1.000000,100,100.000000,2366.750000,2436.420000,69.67,69.67,0.7347,69.67,-,-,-,-,-,-,-,-,-,-,-,-,-,-,-,-,-,-,-,-,-,-,45.3,5.89,-,-
鑫龙家园莲花六号小区位置点,"ZDBZD-JS-2025-002255	","JFZDPT-JS-20250212-07730	",2022-11-01,2022-11-30,"1547719754	","3205104474457	",1.000000,100,100.000000,6050.620000,6208.930000,158.31,158.31,0.7298,158.31,-,-,-,-,-,-,-,-,-,-,-,-,-,-,-,-,-,-,-,-,-,-,102.24,13.29,-,-
鑫龙家园莲花六号小区位置点,"ZDBZD-JS-2025-002255	","JFZDPT-JS-20250212-07730	",2022-11-01,2022-11-30,"1547728484	","3205104474463	",1.000000,100,100.000000,2026.040000,2026.040000,0,0,0.7382,0,-,-,-,-,-,-,-,-,-,-,-,-,-,-,-,-,-,-,-,-,-,-,0,0,-,-
鑫龙家园莲花六号小区位置点,"ZDBZD-JS-2025-002255	","JFZDPT-JS-20250212-07730	",2022-11-01,2022-11-30,"1547719759	","3205104474467	",1.000000,100,100.000000,2491.590000,2561.460000,69.87,69.87,0.7326,69.87,-,-,-,-,-,-,-,-,-,-,-,-,-,-,-,-,-,-,-,-,-,-,45.3,5.89,-,-
鑫龙家园莲花六号小区位置点,"ZDBZD-JS-2025-002255	","JFZDPT-JS-20250212-07730	",2022-11-01,2022-11-30,"1534271368	","3205104476753	",1.000000,100,100.000000,2267.540000,2335.510000,67.97,67.97,0.7316,67.97,-,-,-,-,-,-,-,-,-,-,-,-,-,-,-,-,-,-,-,-,-,-,44.01,5.72,-,-
鑫龙家园莲花六号小区位置点,"ZDBZD-JS-2025-002255	","JFZDPT-JS-20250212-07730	",2022-11-01,2022-11-30,"1542462053	","3205104476756	",1.000000,100,100.000000,2088.720000,2142.760000,54.04,54.04,0.7308,54.04,-,-,-,-,-,-,-,-,-,-,-,-,-,-,-,-,-,-,-,-,-,-,34.95,4.54,-,-
鑫龙家园莲花六号小区位置点,"ZDBZD-JS-2025-002255	","JFZDPT-JS-20250212-07730	",2022-11-01,2022-11-30,"1534365028	","3205104476757	",1.000000,100,100.000000,2354.380000,2425.940000,71.56,71.56,0.7357,71.56,-,-,-,-,-,-,-,-,-,-,-,-,-,-,-,-,-,-,-,-,-,-,46.59,6.06,-,-
鑫龙家园莲花六号小区位置点,"ZDBZD-JS-2025-002255	","JFZDPT-JS-20250212-07730	",2022-11-01,2022-11-30,"1535669055	","3205104476759	",1.000000,100,100.000000,3297.930000,3395.780000,97.85,97.85,0.7324,97.85,-,-,-,-,-,-,-,-,-,-,-,-,-,-,-,-,-,-,-,-,-,-,63.42,8.25,-,-
鑫龙家园莲花六号小区位置点,"ZDBZD-JS-2025-002255	","JFZDPT-JS-20250212-07730	",2022-11-01,2022-11-30,"1535960714	","3205104476763	",1.000000,100,100.000000,5200.050000,5341.640000,141.59,141.59,0.7334,141.59,-,-,-,-,-,-,-,-,-,-,-,-,-,-,-,-,-,-,-,-,-,-,91.89,11.95,-,-
鑫龙家园莲花六号小区位置点,"ZDBZD-JS-2025-002255	","JFZDPT-JS-20250212-07730	",2022-11-01,2022-11-30,"1543218796	","3205104476766	",1.000000,100,100.000000,2521.990000,2592.260000,70.27,70.27,0.7285,70.27,-,-,-,-,-,-,-,-,-,-,-,-,-,-,-,-,-,-,-,-,-,-,45.3,5.89,-,-
鑫龙家园莲花六号小区位置点,"ZDBZD-JS-2025-002255	","JFZDPT-JS-20250212-07730	",2022-11-01,2022-11-30,"1539721710	","3205104476768	",1.000000,100,100.000000,2445.060000,2512.680000,67.62,67.62,0.7354,67.62,-,-,-,-,-,-,-,-,-,-,-,-,-,-,-,-,-,-,-,-,-,-,44.01,5.72,-,-
鑫龙家园莲花六号小区位置点,"ZDBZD-JS-2025-002255	","JFZDPT-JS-20250212-07730	",2022-11-01,2022-11-30,"1534340339	","3205104476772	",1.000000,100,100.000000,1688.050000,1734.020000,45.97,45.97,0.7318,45.97,-,-,-,-,-,-,-,-,-,-,-,-,-,-,-,-,-,-,-,-,-,-,29.77,3.87,-,-
鑫龙家园莲花六号小区位置点,"ZDBZD-JS-2025-002255	","JFZDPT-JS-20250212-07730	",2022-11-01,2022-11-30,"1542222948	","3205104476774	",1.000000,100,100.000000,2329.250000,2385.660000,56.41,56.41,0.7259,56.41,-,-,-,-,-,-,-,-,-,-,-,-,-,-,-,-,-,-,-,-,-,-,36.24,4.71,-,-
鑫龙家园莲花六号小区位置点,"ZDBZD-JS-2025-002255	","JFZDPT-JS-20250212-07730	",2022-11-01,2022-11-30,"1536674431	","3205104477226	",1.000000,100,100.000000,2740.770000,2815.500000,74.73,74.73,0.734,74.73,-,-,-,-,-,-,-,-,-,-,-,-,-,-,-,-,-,-,-,-,-,-,48.54,6.31,-,-
鑫龙家园莲花六号小区位置点,"ZDBZD-JS-2025-002255	","JFZDPT-JS-20250212-07730	",2022-11-01,2022-11-30,"1536129515	","3205104477228	",1.000000,100,100.000000,2471.340000,2540.860000,69.52,69.52,0.7363,69.52,-,-,-,-,-,-,-,-,-,-,-,-,-,-,-,-,-,-,-,-,-,-,45.3,5.89,-,-
鑫龙家园莲花六号小区位置点,"ZDBZD-JS-2025-002255	","JFZDPT-JS-20250212-07730	",2022-11-01,2022-11-30,"1539373623	","3205104477230	",1.000000,100,100.000000,2384.220000,2454.890000,70.67,70.67,0.7347,70.67,-,-,-,-,-,-,-,-,-,-,-,-,-,-,-,-,-,-,-,-,-,-,45.95,5.97,-,-
鑫龙家园莲花六号小区位置点,"ZDBZD-JS-2025-002255	","JFZDPT-JS-20250212-07730	",2022-11-01,2022-11-30,"1543105444	","3205104477232	",1.000000,100,100.000000,2138.760000,2182.320000,43.56,43.56,0.7388,43.56,-,-,-,-,-,-,-,-,-,-,-,-,-,-,-,-,-,-,-,-,-,-,28.48,3.7,-,-
鑫龙家园莲花六号小区位置点,"ZDBZD-JS-2025-002255	","JFZDPT-JS-20250212-07730	",2022-11-01,2022-11-30,"1544951755	","3205104477235	",1.000000,100,100.000000,2479.750000,2549.930000,70.18,70.18,0.7294,70.18,-,-,-,-,-,-,-,-,-,-,-,-,-,-,-,-,-,-,-,-,-,-,45.3,5.89,-,-
鑫龙家园莲花六号小区位置点,"ZDBZD-JS-2025-002255	","JFZDPT-JS-20250212-07730	",2022-11-01,2022-11-30,"1544684094	","3205104477238	",1.000000,100,100.000000,2438.600000,2506.850000,68.25,68.25,0.7286,68.25,-,-,-,-,-,-,-,-,-,-,-,-,-,-,-,-,-,-,-,-,-,-,44.01,5.72,-,-
鑫龙家园莲花六号小区位置点,"ZDBZD-JS-2025-002255	","JFZDPT-JS-20250212-07730	",2022-11-01,2022-11-30,"1539602549	","3205104477339	",1.000000,100,100.000000,2551.500000,2622.410000,70.91,70.91,0.7322,70.91,-,-,-,-,-,-,-,-,-,-,-,-,-,-,-,-,-,-,-,-,-,-,45.95,5.97,-,-
鑫龙家园莲花六号小区位置点,"ZDBZD-JS-2025-002255	","JFZDPT-JS-20250212-07730	",2022-11-01,2022-11-30,"1546160843	","3205104477340	",1.000000,100,100.000000,2516.790000,2586.930000,70.14,70.14,0.7298,70.14,-,-,-,-,-,-,-,-,-,-,-,-,-,-,-,-,-,-,-,-,-,-,45.3,5.89,-,-
鑫龙家园莲花六号小区位置点,"ZDBZD-JS-2025-002255	","JFZDPT-JS-20250212-07730	",2022-11-01,2022-11-30,"1546168926	","3205104477341	",1.000000,100,100.000000,2894.290000,2975.380000,81.09,81.09,0.7304,81.09,-,-,-,-,-,-,-,-,-,-,-,-,-,-,-,-,-,-,-,-,-,-,52.42,6.81,-,-
鑫龙家园莲花六号小区位置点,"ZDBZD-JS-2025-002255	","JFZDPT-JS-20250212-07730	",2022-11-01,2022-11-30,"1542466276	","3205104477344	",1.000000,100,100.000000,2078.280000,2145.280000,67,67,0.7313,67,-,-,-,-,-,-,-,-,-,-,-,-,-,-,-,-,-,-,-,-,-,-,43.36,5.64,-,-
鑫龙家园莲花六号小区位置点,"ZDBZD-JS-2025-002255	","JFZDPT-JS-20250212-07730	",2022-11-01,2022-11-30,"1536129516	","3205104477350	",1.000000,100,100.000000,3230.100000,3303.160000,73.06,73.06,0.7306,73.06,-,-,-,-,-,-,-,-,-,-,-,-,-,-,-,-,-,-,-,-,-,-,47.24,6.14,-,-
鑫龙家园莲花六号小区位置点,"ZDBZD-JS-2025-002255	","JFZDPT-JS-20260206-03354	",2026-01-01,2026-01-31,"1534337708	","3205104313087	",1.000000,100,100.000000,4032.690000,4069.120000,36.43,36.43,0.683777,36.43,-,-,-,-,-,-,-,-,-,-,-,-,-,-,-,-,-,-,-,-,-,-,22.044244,2.865752,-,-
鑫龙家园莲花六号小区位置点,"ZDBZD-JS-2025-002255	","JFZDPT-JS-20260206-03354	",2026-01-01,2026-01-31,"1534339435	","3205104313426	",1.000000,100,100.000000,2970.060000,2998.060000,28,28,0.692143,28,-,-,-,-,-,-,-,-,-,-,-,-,-,-,-,-,-,-,-,-,-,-,17.150446,2.229558,-,-
鑫龙家园莲花六号小区位置点,"ZDBZD-JS-2025-002255	","JFZDPT-JS-20260206-03354	",2026-01-01,2026-01-31,"1534349171	","3205104313433	",1.000000,100,100.000000,2772.330000,2794.630000,22.3,22.3,0.68296,22.3,-,-,-,-,-,-,-,-,-,-,-,-,-,-,-,-,-,-,-,-,-,-,13.477883,1.752125,-,-
鑫龙家园莲花六号小区位置点,"ZDBZD-JS-2025-002255	","JFZDPT-JS-20260206-03354	",2026-01-01,2026-01-31,"1554157659	","3205104313437	",1.000000,100,100.000000,360.180000,382.940000,22.76,22.76,0.699473,22.76,-,-,-,-,-,-,-,-,-,-,-,-,-,-,-,-,-,-,-,-,-,-,14.0885,1.831505,-,-
鑫龙家园莲花六号小区位置点,"ZDBZD-JS-2025-002255	","JFZDPT-JS-20260206-03354	",2026-01-01,2026-01-31,"1534339430	","3205104313446	",1.000000,100,100.000000,2702.110000,2724.480000,22.37,22.37,0.680823,22.37,-,-,-,-,-,-,-,-,-,-,-,-,-,-,-,-,-,-,-,-,-,-,13.477886,1.752125,-,-
鑫龙家园莲花六号小区位置点,"ZDBZD-JS-2025-002255	","JFZDPT-JS-20260206-03354	",2026-01-01,2026-01-31,"1534337522	","3205104313451	",1.000000,100,100.000000,2934.440000,2957.350000,22.91,22.91,0.694893,22.91,-,-,-,-,-,-,-,-,-,-,-,-,-,-,-,-,-,-,-,-,-,-,14.088495,1.831504,-,-
鑫龙家园莲花六号小区位置点,"ZDBZD-JS-2025-002255	","JFZDPT-JS-20260206-03354	",2026-01-01,2026-01-31,"1528107567	","3205104315707	",1.000000,100,100.000000,3942.520000,3978.640000,36.12,36.12,0.689646,36.12,-,-,-,-,-,-,-,-,-,-,-,-,-,-,-,-,-,-,-,-,-,-,22.04426,2.865754,-,-
鑫龙家园莲花六号小区位置点,"ZDBZD-JS-2025-002255	","JFZDPT-JS-20260206-03354	",2026-01-01,2026-01-31,"1556867474	","3205104315719	",1.000000,100,100.000000,1259.600000,1283.600000,24,24,0.692083,24,-,-,-,-,-,-,-,-,-,-,-,-,-,-,-,-,-,-,-,-,-,-,14.699108,1.910884,-,-
鑫龙家园莲花六号小区位置点,"ZDBZD-JS-2025-002255	","JFZDPT-JS-20260206-03354	",2026-01-01,2026-01-31,"1528102930	","3205104315726	",1.000000,100,100.000000,2877.750000,2905.850000,28.1,28.1,0.68968,28.1,-,-,-,-,-,-,-,-,-,-,-,-,-,-,-,-,-,-,-,-,-,-,17.15045,2.229558,-,-
鑫龙家园莲花六号小区位置点,"ZDBZD-JS-2025-002255	","JFZDPT-JS-20260206-03354	",2026-01-01,2026-01-31,"1559570474	","3205104353226	",1.000000,100,100.000000,5483.330000,5622.290000,138.96,138.96,0.692358,138.96,-,-,-,-,-,-,-,-,-,-,-,-,-,-,-,-,-,-,-,-,-,-,85.141653,11.068415,-,-
鑫龙家园莲花六号小区位置点,"ZDBZD-JS-2025-002255	","JFZDPT-JS-20260206-03354	",2026-01-01,2026-01-31,"1547726877	","3205104472953	",1.000000,100,100.000000,5108.140000,5180.730000,72.59,72.59,0.696101,72.59,-,-,-,-,-,-,-,-,-,-,-,-,-,-,-,-,-,-,-,-,-,-,44.716789,5.813183,-,-
鑫龙家园莲花六号小区位置点,"ZDBZD-JS-2025-002255	","JFZDPT-JS-20260206-03354	",2026-01-01,2026-01-31,"1547633945	","3205104472957	",1.000000,100,100.000000,6444.020000,6542.890000,98.87,98.87,0.693132,98.87,-,-,-,-,-,-,-,-,-,-,-,-,-,-,-,-,-,-,-,-,-,-,60.645983,7.883978,-,-
鑫龙家园莲花六号小区位置点,"ZDBZD-JS-2025-002255	","JFZDPT-JS-20260206-03354	",2026-01-01,2026-01-31,"1547633944	","3205104472959	",1.000000,100,100.000000,4994.950000,5065.420000,70.47,70.47,0.687669,70.47,-,-,-,-,-,-,-,-,-,-,-,-,-,-,-,-,-,-,-,-,-,-,42.884986,5.575048,-,-
鑫龙家园莲花六号小区位置点,"ZDBZD-JS-2025-002255	","JFZDPT-JS-20260206-03354	",2026-01-01,2026-01-31,"1547633946	","3205104472963	",1.000000,100,100.000000,4847.800000,4921.400000,73.6,73.6,0.695924,73.6,-,-,-,-,-,-,-,-,-,-,-,-,-,-,-,-,-,-,-,-,-,-,45.327439,5.892567,-,-
鑫龙家园莲花六号小区位置点,"ZDBZD-JS-2025-002255	","JFZDPT-JS-20260206-03354	",2026-01-01,2026-01-31,"1547634578	","3205104472970	",1.000000,100,100.000000,3797.430000,3842.300000,44.87,44.87,0.694228,44.87,-,-,-,-,-,-,-,-,-,-,-,-,-,-,-,-,-,-,-,-,-,-,27.566381,3.583629,-,-
鑫龙家园莲花六号小区位置点,"ZDBZD-JS-2025-002255	","JFZDPT-JS-20260206-03354	",2026-01-01,2026-01-31,"1547728488	","3205104474427	",1.000000,100,100.000000,5006.380000,5071.760000,65.38,65.38,0.688131,65.38,-,-,-,-,-,-,-,-,-,-,-,-,-,-,-,-,-,-,-,-,-,-,39.814164,5.175841,-,-
鑫龙家园莲花六号小区位置点,"ZDBZD-JS-2025-002255	","JFZDPT-JS-20260206-03354	",2026-01-01,2026-01-31,"1547719754	","3205104474457	",1.000000,100,100.000000,12123.810000,12282.690000,158.88,158.88,0.692724,158.88,-,-,-,-,-,-,-,-,-,-,-,-,-,-,-,-,-,-,-,-,-,-,97.39822,12.661769,-,-
鑫龙家园莲花六号小区位置点,"ZDBZD-JS-2025-002255	","JFZDPT-JS-20260206-03354	",2026-01-01,2026-01-31,"1547728484	","3205104474463	",1.000000,100,100.000000,4249.210000,4305.590000,56.38,56.38,0.687478,56.38,-,-,-,-,-,-,-,-,-,-,-,-,-,-,-,-,-,-,-,-,-,-,34.300894,4.459116,-,-
鑫龙家园莲花六号小区位置点,"ZDBZD-JS-2025-002255	","JFZDPT-JS-20260206-03354	",2026-01-01,2026-01-31,"1547719759	","3205104474467	",1.000000,100,100.000000,4902.430000,4976.830000,74.4,74.4,0.688441,74.4,-,-,-,-,-,-,-,-,-,-,-,-,-,-,-,-,-,-,-,-,-,-,45.327442,5.892568,-,-
鑫龙家园莲花六号小区位置点,"ZDBZD-JS-2025-002255	","JFZDPT-JS-20260206-03354	",2026-01-01,2026-01-31,"1542462053	","3205104476756	",1.000000,100,100.000000,4165.990000,4221.950000,55.96,55.96,0.692638,55.96,-,-,-,-,-,-,-,-,-,-,-,-,-,-,-,-,-,-,-,-,-,-,34.300904,4.459118,-,-
鑫龙家园莲花六号小区位置点,"ZDBZD-JS-2025-002255	","JFZDPT-JS-20260206-03354	",2026-01-01,2026-01-31,"1534365028	","3205104476757	",1.000000,100,100.000000,4726.180000,4785.700000,59.52,59.52,0.697749,59.52,-,-,-,-,-,-,-,-,-,-,-,-,-,-,-,-,-,-,-,-,-,-,36.75223,4.77779,-,-
鑫龙家园莲花六号小区位置点,"ZDBZD-JS-2025-002255	","JFZDPT-JS-20260206-03354	",2026-01-01,2026-01-31,"1535960714	","3205104476763	",1.000000,100,100.000000,10375.970000,10510.100000,134.13,134.13,0.691493,134.13,-,-,-,-,-,-,-,-,-,-,-,-,-,-,-,-,-,-,-,-,-,-,82.079607,10.670349,-,-
鑫龙家园莲花六号小区位置点,"ZDBZD-JS-2025-002255	","JFZDPT-JS-20260206-03354	",2026-01-01,2026-01-31,"1543218796	","3205104476766	",1.000000,100,100.000000,5220.610000,5292.850000,72.24,72.24,0.689922,72.24,-,-,-,-,-,-,-,-,-,-,-,-,-,-,-,-,-,-,-,-,-,-,44.106164,5.733801,-,-
鑫龙家园莲花六号小区位置点,"ZDBZD-JS-2025-002255	","JFZDPT-JS-20260206-03354	",2026-01-01,2026-01-31,"1539721710	","3205104476768	",1.000000,100,100.000000,5049.150000,5118.590000,69.44,69.44,0.687788,69.44,-,-,-,-,-,-,-,-,-,-,-,-,-,-,-,-,-,-,-,-,-,-,42.265486,5.494513,-,-
鑫龙家园莲花六号小区位置点,"ZDBZD-JS-2025-002255	","JFZDPT-JS-20260206-03354	",2026-01-01,2026-01-31,"1534340339	","3205104476772	",1.000000,100,100.000000,4254.190000,4325.520000,71.33,71.33,0.689051,71.33,-,-,-,-,-,-,-,-,-,-,-,-,-,-,-,-,-,-,-,-,-,-,43.495582,5.654426,-,-
鑫龙家园莲花六号小区位置点,"ZDBZD-JS-2025-002255	","JFZDPT-JS-20260206-03354	",2026-01-01,2026-01-31,"1542222948	","3205104476774	",1.000000,100,100.000000,4547.000000,4601.670000,54.67,54.67,0.69636,54.67,-,-,-,-,-,-,-,-,-,-,-,-,-,-,-,-,-,-,-,-,-,-,33.690266,4.379735,-,-
鑫龙家园莲花六号小区位置点,"ZDBZD-JS-2025-002255	","JFZDPT-JS-20260206-03354	",2026-01-01,2026-01-31,"1536674431	","3205104477226	",1.000000,100,100.000000,5712.550000,5764.380000,51.83,51.83,0.694385,51.83,-,-,-,-,-,-,-,-,-,-,-,-,-,-,-,-,-,-,-,-,-,-,31.849535,4.14044,-,-
鑫龙家园莲花六号小区位置点,"ZDBZD-JS-2025-002255	","JFZDPT-JS-20260206-03354	",2026-01-01,2026-01-31,"1536129515	","3205104477228	",1.000000,100,100.000000,5064.100000,5136.030000,71.93,71.93,0.692896,71.93,-,-,-,-,-,-,-,-,-,-,-,-,-,-,-,-,-,-,-,-,-,-,44.106203,5.733806,-,-
鑫龙家园莲花六号小区位置点,"ZDBZD-JS-2025-002255	","JFZDPT-JS-20260206-03354	",2026-01-01,2026-01-31,"1539373623	","3205104477230	",1.000000,100,100.000000,4689.980000,4744.020000,54.04,54.04,0.69171,54.04,-,-,-,-,-,-,-,-,-,-,-,-,-,-,-,-,-,-,-,-,-,-,33.079653,4.300355,-,-
鑫龙家园莲花六号小区位置点,"ZDBZD-JS-2025-002255	","JFZDPT-JS-20260206-03354	",2026-01-01,2026-01-31,"1543105444	","3205104477232	",1.000000,100,100.000000,3779.260000,3824.710000,45.45,45.45,0.685369,45.45,-,-,-,-,-,-,-,-,-,-,-,-,-,-,-,-,-,-,-,-,-,-,27.56639,3.583631,-,-
鑫龙家园莲花六号小区位置点,"ZDBZD-JS-2025-002255	","JFZDPT-JS-20260206-03354	",2026-01-01,2026-01-31,"1544951755	","3205104477235	",1.000000,100,100.000000,5089.440000,5162.170000,72.73,72.73,0.694761,72.73,-,-,-,-,-,-,-,-,-,-,-,-,-,-,-,-,-,-,-,-,-,-,44.716786,5.813182,-,-
鑫龙家园莲花六号小区位置点,"ZDBZD-JS-2025-002255	","JFZDPT-JS-20260206-03354	",2026-01-01,2026-01-31,"1539602549	","3205104477339	",1.000000,100,100.000000,4379.310000,4449.650000,70.34,70.34,0.688939,70.34,-,-,-,-,-,-,-,-,-,-,-,-,-,-,-,-,-,-,-,-,-,-,42.884928,5.575041,-,-
鑫龙家园莲花六号小区位置点,"ZDBZD-JS-2025-002255	","JFZDPT-JS-20260206-03354	",2026-01-01,2026-01-31,"1546160843	","3205104477340	",1.000000,100,100.000000,5162.240000,5233.970000,71.73,71.73,0.694828,71.73,-,-,-,-,-,-,-,-,-,-,-,-,-,-,-,-,-,-,-,-,-,-,44.106205,5.733807,-,-
鑫龙家园莲花六号小区位置点,"ZDBZD-JS-2025-002255	","JFZDPT-JS-20260206-03354	",2026-01-01,2026-01-31,"1546168926	","3205104477341	",1.000000,100,100.000000,5742.240000,5811.830000,69.59,69.59,0.696364,69.59,-,-,-,-,-,-,-,-,-,-,-,-,-,-,-,-,-,-,-,-,-,-,42.88493,5.575041,-,-
鑫龙家园莲花六号小区位置点,"ZDBZD-JS-2025-002255	","JFZDPT-JS-20260206-03354	",2026-01-01,2026-01-31,"1542466276	","3205104477344	",1.000000,100,100.000000,4641.610000,4709.990000,68.38,68.38,0.688359,68.38,-,-,-,-,-,-,-,-,-,-,-,-,-,-,-,-,-,-,-,-,-,-,41.654857,5.415131,-,-
鑫龙家园莲花六号小区位置点,"ZDBZD-JS-2025-002255	","JFZDPT-JS-20260206-03354	",2026-01-01,2026-01-31,"1536129516	","3205104477350	",1.000000,100,100.000000,6320.310000,6394.400000,74.09,74.09,0.691321,74.09,-,-,-,-,-,-,-,-,-,-,-,-,-,-,-,-,-,-,-,-,-,-,45.32741,5.892563,-,-
鑫龙家园莲花六号小区位置点,"ZDBZD-JS-2025-002255	","JFZDPT-JS-20260713-09087	",2026-06-01,2026-06-30,"1534337708	","3205104313087	",1.000000,100,100.000000,4123.570000,4123.570000,0,0,0.72,0,-,-,-,-,-,-,-,-,-,-,-,-,-,-,-,-,-,-,-,-,-,-,0,0,-,-
鑫龙家园莲花六号小区位置点,"ZDBZD-JS-2025-002255	","JFZDPT-JS-20260713-09087	",2026-06-01,2026-06-30,"1534339435	","3205104313426	",1.000000,100,100.000000,3107.590000,3135.300000,27.71,27.71,0.677926,27.71,-,-,-,-,-,-,-,-,-,-,-,-,-,-,-,-,-,-,-,-,-,-,16.624185,2.161144,-,-
鑫龙家园莲花六号小区位置点,"ZDBZD-JS-2025-002255	","JFZDPT-JS-20260713-09087	",2026-06-01,2026-06-30,"1534349171	","3205104313433	",1.000000,100,100.000000,2828.050000,2828.050000,0,0,0.72,0,-,-,-,-,-,-,-,-,-,-,-,-,-,-,-,-,-,-,-,-,-,-,0,0,-,-
鑫龙家园莲花六号小区位置点,"ZDBZD-JS-2025-002255	","JFZDPT-JS-20260713-09087	",2026-06-01,2026-06-30,"1554157659	","3205104313437	",1.000000,100,100.000000,417.020000,417.020000,0,0,0.72,0,-,-,-,-,-,-,-,-,-,-,-,-,-,-,-,-,-,-,-,-,-,-,0,0,-,-
鑫龙家园莲花六号小区位置点,"ZDBZD-JS-2025-002255	","JFZDPT-JS-20260713-09087	",2026-06-01,2026-06-30,"1534339430	","3205104313446	",1.000000,100,100.000000,2757.930000,2757.930000,0,0,0.72,0,-,-,-,-,-,-,-,-,-,-,-,-,-,-,-,-,-,-,-,-,-,-,0,0,-,-
鑫龙家园莲花六号小区位置点,"ZDBZD-JS-2025-002255	","JFZDPT-JS-20260713-09087	",2026-06-01,2026-06-30,"1534337522	","3205104313451	",1.000000,100,100.000000,2991.570000,2991.570000,0,0,0.72,0,-,-,-,-,-,-,-,-,-,-,-,-,-,-,-,-,-,-,-,-,-,-,0,0,-,-
鑫龙家园莲花六号小区位置点,"ZDBZD-JS-2025-002255	","JFZDPT-JS-20260713-09087	",2026-06-01,2026-06-30,"1528107567	","3205104315707	",1.000000,100,100.000000,4032.540000,4032.540000,0,0,0.72,0,-,-,-,-,-,-,-,-,-,-,-,-,-,-,-,-,-,-,-,-,-,-,0,0,-,-
鑫龙家园莲花六号小区位置点,"ZDBZD-JS-2025-002255	","JFZDPT-JS-20260713-09087	",2026-06-01,2026-06-30,"1556867474	","3205104315719	",1.000000,100,100.000000,1320.600000,1320.600000,0,0,0.72,0,-,-,-,-,-,-,-,-,-,-,-,-,-,-,-,-,-,-,-,-,-,-,0,0,-,-
鑫龙家园莲花六号小区位置点,"ZDBZD-JS-2025-002255	","JFZDPT-JS-20260713-09087	",2026-06-01,2026-06-30,"1528102930	","3205104315726	",1.000000,100,100.000000,3025.190000,3057.120000,31.93,31.93,0.672135,31.93,-,-,-,-,-,-,-,-,-,-,-,-,-,-,-,-,-,-,-,-,-,-,18.992275,2.468996,-,-
鑫龙家园莲花六号小区位置点,"ZDBZD-JS-2025-002255	","JFZDPT-JS-20260713-09087	",2026-06-01,2026-06-30,"1559570474	","3205104353226	",1.000000,100,100.000000,6149.510000,6279.490000,129.98,129.98,0.670631,129.98,-,-,-,-,-,-,-,-,-,-,-,-,-,-,-,-,-,-,-,-,-,-,77.140369,10.028248,-,-
鑫龙家园莲花六号小区位置点,"ZDBZD-JS-2025-002255	","JFZDPT-JS-20260713-09087	",2026-06-01,2026-06-30,"1547726877	","3205104472953	",1.000000,100,100.000000,5452.140000,5510.800000,58.66,58.66,0.674657,58.66,-,-,-,-,-,-,-,-,-,-,-,-,-,-,-,-,-,-,-,-,-,-,35.02246,4.55292,-,-
鑫龙家园莲花六号小区位置点,"ZDBZD-JS-2025-002255	","JFZDPT-JS-20260713-09087	",2026-06-01,2026-06-30,"1547633945	","3205104472957	",1.000000,100,100.000000,6912.140000,6991.130000,78.99,78.99,0.670562,78.99,-,-,-,-,-,-,-,-,-,-,-,-,-,-,-,-,-,-,-,-,-,-,46.874064,6.093628,-,-
鑫龙家园莲花六号小区位置点,"ZDBZD-JS-2025-002255	","JFZDPT-JS-20260713-09087	",2026-06-01,2026-06-30,"1547633944	","3205104472959	",1.000000,100,100.000000,5329.720000,5387.430000,57.71,57.71,0.674118,57.71,-,-,-,-,-,-,-,-,-,-,-,-,-,-,-,-,-,-,-,-,-,-,34.427743,4.475607,-,-
鑫龙家园莲花六号小区位置点,"ZDBZD-JS-2025-002255	","JFZDPT-JS-20260713-09087	",2026-06-01,2026-06-30,"1547633946	","3205104472963	",1.000000,100,100.000000,5191.100000,5249.970000,58.87,58.87,0.672146,58.87,-,-,-,-,-,-,-,-,-,-,-,-,-,-,-,-,-,-,-,-,-,-,35.017022,4.552213,-,-
鑫龙家园莲花六号小区位置点,"ZDBZD-JS-2025-002255	","JFZDPT-JS-20260713-09087	",2026-06-01,2026-06-30,"1547634578	","3205104472970	",1.000000,100,100.000000,4015.690000,4059.000000,43.31,43.31,0.66559,43.31,-,-,-,-,-,-,-,-,-,-,-,-,-,-,-,-,-,-,-,-,-,-,25.510357,3.316346,-,-
鑫龙家园莲花六号小区位置点,"ZDBZD-JS-2025-002255	","JFZDPT-JS-20260713-09087	",2026-06-01,2026-06-30,"1547728488	","3205104474427	",1.000000,100,100.000000,5320.160000,5376.710000,56.55,56.55,0.67617,56.55,-,-,-,-,-,-,-,-,-,-,-,-,-,-,-,-,-,-,-,-,-,-,33.838419,4.398995,-,-
鑫龙家园莲花六号小区位置点,"ZDBZD-JS-2025-002255	","JFZDPT-JS-20260713-09087	",2026-06-01,2026-06-30,"1547719754	","3205104474457	",1.000000,100,100.000000,12892.290000,13047.450000,155.16,155.16,0.669814,155.16,-,-,-,-,-,-,-,-,-,-,-,-,-,-,-,-,-,-,-,-,-,-,91.971982,11.956358,-,-
鑫龙家园莲花六号小区位置点,"ZDBZD-JS-2025-002255	","JFZDPT-JS-20260713-09087	",2026-06-01,2026-06-30,"1547728484	","3205104474463	",1.000000,100,100.000000,4524.610000,4579.610000,55,55,0.6706,55,-,-,-,-,-,-,-,-,-,-,-,-,-,-,-,-,-,-,-,-,-,-,32.639823,4.243177,-,-
鑫龙家园莲花六号小区位置点,"ZDBZD-JS-2025-002255	","JFZDPT-JS-20260713-09087	",2026-06-01,2026-06-30,"1547719759	","3205104474467	",1.000000,100,100.000000,5249.130000,5308.440000,59.31,59.31,0.666941,59.31,-,-,-,-,-,-,-,-,-,-,-,-,-,-,-,-,-,-,-,-,-,-,35.00555,4.550721,-,-
鑫龙家园莲花六号小区位置点,"ZDBZD-JS-2025-002255	","JFZDPT-JS-20260713-09087	",2026-06-01,2026-06-30,"1542462053	","3205104476756	",1.000000,100,100.000000,4438.380000,4492.480000,54.1,54.1,0.669306,54.1,-,-,-,-,-,-,-,-,-,-,-,-,-,-,-,-,-,-,-,-,-,-,32.043765,4.16569,-,-
鑫龙家园莲花六号小区位置点,"ZDBZD-JS-2025-002255	","JFZDPT-JS-20260713-09087	",2026-06-01,2026-06-30,"1534365028	","3205104476757	",1.000000,100,100.000000,5016.680000,5074.610000,57.93,57.93,0.671446,57.93,-,-,-,-,-,-,-,-,-,-,-,-,-,-,-,-,-,-,-,-,-,-,34.422006,4.474861,-,-
鑫龙家园莲花六号小区位置点,"ZDBZD-JS-2025-002255	","JFZDPT-JS-20260713-09087	",2026-06-01,2026-06-30,"1535960714	","3205104476763	",1.000000,100,100.000000,11048.370000,11185.950000,137.58,137.58,0.672664,137.58,-,-,-,-,-,-,-,-,-,-,-,-,-,-,-,-,-,-,-,-,-,-,81.89833,10.646783,-,-
鑫龙家园莲花六号小区位置点,"ZDBZD-JS-2025-002255	","JFZDPT-JS-20260713-09087	",2026-06-01,2026-06-30,"1543218796	","3205104476766	",1.000000,100,100.000000,5572.630000,5642.800000,70.17,70.17,0.668762,70.17,-,-,-,-,-,-,-,-,-,-,-,-,-,-,-,-,-,-,-,-,-,-,41.528345,5.398685,-,-
鑫龙家园莲花六号小区位置点,"ZDBZD-JS-2025-002255	","JFZDPT-JS-20260713-09087	",2026-06-01,2026-06-30,"1539721710	","3205104476768	",1.000000,100,100.000000,5388.220000,5456.020000,67.8,67.8,0.672517,67.8,-,-,-,-,-,-,-,-,-,-,-,-,-,-,-,-,-,-,-,-,-,-,40.35102,5.245633,-,-
鑫龙家园莲花六号小区位置点,"ZDBZD-JS-2025-002255	","JFZDPT-JS-20260713-09087	",2026-06-01,2026-06-30,"1534340339	","3205104476772	",1.000000,100,100.000000,4602.590000,4672.220000,69.63,69.63,0.674176,69.63,-,-,-,-,-,-,-,-,-,-,-,-,-,-,-,-,-,-,-,-,-,-,41.542367,5.400508,-,-
鑫龙家园莲花六号小区位置点,"ZDBZD-JS-2025-002255	","JFZDPT-JS-20260713-09087	",2026-06-01,2026-06-30,"1542222948	","3205104476774	",1.000000,100,100.000000,4813.910000,4867.070000,53.16,53.16,0.668493,53.16,-,-,-,-,-,-,-,-,-,-,-,-,-,-,-,-,-,-,-,-,-,-,31.44875,4.088338,-,-
鑫龙家园莲花六号小区位置点,"ZDBZD-JS-2025-002255	","JFZDPT-JS-20260713-09087	",2026-06-01,2026-06-30,"1536674431	","3205104477226	",1.000000,100,100.000000,5965.780000,6016.380000,50.6,50.6,0.676134,50.6,-,-,-,-,-,-,-,-,-,-,-,-,-,-,-,-,-,-,-,-,-,-,30.276442,3.935938,-,-
鑫龙家园莲花六号小区位置点,"ZDBZD-JS-2025-002255	","JFZDPT-JS-20260713-09087	",2026-06-01,2026-06-30,"1536129515	","3205104477228	",1.000000,100,100.000000,5399.390000,5456.730000,57.34,57.34,0.666449,57.34,-,-,-,-,-,-,-,-,-,-,-,-,-,-,-,-,-,-,-,-,-,-,33.817864,4.396322,-,-
鑫龙家园莲花六号小区位置点,"ZDBZD-JS-2025-002255	","JFZDPT-JS-20260713-09087	",2026-06-01,2026-06-30,"1539373623	","3205104477230	",1.000000,100,100.000000,4953.600000,5006.120000,52.52,52.52,0.676998,52.52,-,-,-,-,-,-,-,-,-,-,-,-,-,-,-,-,-,-,-,-,-,-,31.465429,4.090506,-,-
鑫龙家园莲花六号小区位置点,"ZDBZD-JS-2025-002255	","JFZDPT-JS-20260713-09087	",2026-06-01,2026-06-30,"1543105444	","3205104477232	",1.000000,100,100.000000,3992.760000,4030.650000,37.89,37.89,0.672632,37.89,-,-,-,-,-,-,-,-,-,-,-,-,-,-,-,-,-,-,-,-,-,-,22.554005,2.932021,-,-
鑫龙家园莲花六号小区位置点,"ZDBZD-JS-2025-002255	","JFZDPT-JS-20260713-09087	",2026-06-01,2026-06-30,"1544951755	","3205104477235	",1.000000,100,100.000000,5427.310000,5484.770000,57.46,57.46,0.664996,57.46,-,-,-,-,-,-,-,-,-,-,-,-,-,-,-,-,-,-,-,-,-,-,33.814752,4.395918,-,-
鑫龙家园莲花六号小区位置点,"ZDBZD-JS-2025-002255	","JFZDPT-JS-20260713-09087	",2026-06-01,2026-06-30,"1539602549	","3205104477339	",1.000000,100,100.000000,4724.940000,4794.380000,69.44,69.44,0.666021,69.44,-,-,-,-,-,-,-,-,-,-,-,-,-,-,-,-,-,-,-,-,-,-,40.927874,5.320624,-,-
鑫龙家园莲花六号小区位置点,"ZDBZD-JS-2025-002255	","JFZDPT-JS-20260713-09087	",2026-06-01,2026-06-30,"1546160843	","3205104477340	",1.000000,100,100.000000,5513.510000,5583.850000,70.34,70.34,0.667074,70.34,-,-,-,-,-,-,-,-,-,-,-,-,-,-,-,-,-,-,-,-,-,-,41.523881,5.398104,-,-
鑫龙家园莲花六号小区位置点,"ZDBZD-JS-2025-002255	","JFZDPT-JS-20260713-09087	",2026-06-01,2026-06-30,"1546168926	","3205104477341	",1.000000,100,100.000000,6094.860000,6167.170000,72.31,72.31,0.667461,72.31,-,-,-,-,-,-,-,-,-,-,-,-,-,-,-,-,-,-,-,-,-,-,42.711597,5.552508,-,-
鑫龙家园莲花六号小区位置点,"ZDBZD-JS-2025-002255	","JFZDPT-JS-20260713-09087	",2026-06-01,2026-06-30,"1542466276	","3205104477344	",1.000000,100,100.000000,4976.780000,5043.880000,67.1,67.1,0.669408,67.1,-,-,-,-,-,-,-,-,-,-,-,-,-,-,-,-,-,-,-,-,-,-,39.749803,5.167474,-,-
鑫龙家园莲花六号小区位置点,"ZDBZD-JS-2025-002255	","JFZDPT-JS-20260713-09087	",2026-06-01,2026-06-30,"1536129516	","3205104477350	",1.000000,100,100.000000,6684.770000,6758.170000,73.4,73.4,0.666649,73.4,-,-,-,-,-,-,-,-,-,-,-,-,-,-,-,-,-,-,-,-,-,-,43.302688,5.629349,-,-
鑫龙家园莲花六号小区位置点,"ZDBZD-JS-2025-002255	","JFZDPT-JS-20250213-08284	",2023-09-01,2023-09-30,"1534337708	","3205104313087	",1.000000,100,100.000000,2867.770000,2912.850000,45.08,45.08,0.7833,45.08,-,-,-,-,-,-,-,-,-,-,-,-,-,-,-,-,-,-,-,-,-,-,31.25,4.06,-,-
鑫龙家园莲花六号小区位置点,"ZDBZD-JS-2025-002255	","JFZDPT-JS-20250213-08284	",2023-09-01,2023-09-30,"1534339435	","3205104313426	",1.000000,100,100.000000,2001.280000,2033.940000,32.66,32.66,0.793,32.66,-,-,-,-,-,-,-,-,-,-,-,-,-,-,-,-,-,-,-,-,-,-,22.92,2.98,-,-
鑫龙家园莲花六号小区位置点,"ZDBZD-JS-2025-002255	","JFZDPT-JS-20250213-08284	",2023-09-01,2023-09-30,"1534349171	","3205104313433	",1.000000,100,100.000000,1980.920000,2013.160000,32.24,32.24,0.7788,32.24,-,-,-,-,-,-,-,-,-,-,-,-,-,-,-,-,-,-,-,-,-,-,22.22,2.89,-,-
鑫龙家园莲花六号小区位置点,"ZDBZD-JS-2025-002255	","JFZDPT-JS-20250213-08284	",2023-09-01,2023-09-30,"1554157659	","3205104313437	",1.000000,100,100.000000,1996.130000,2028.370000,32.24,32.24,0.7788,32.24,-,-,-,-,-,-,-,-,-,-,-,-,-,-,-,-,-,-,-,-,-,-,22.22,2.89,-,-
鑫龙家园莲花六号小区位置点,"ZDBZD-JS-2025-002255	","JFZDPT-JS-20250213-08284	",2023-09-01,2023-09-30,"1534339430	","3205104313446	",1.000000,100,100.000000,1913.670000,1945.850000,32.18,32.18,0.7803,32.18,-,-,-,-,-,-,-,-,-,-,-,-,-,-,-,-,-,-,-,-,-,-,22.22,2.89,-,-
鑫龙家园莲花六号小区位置点,"ZDBZD-JS-2025-002255	","JFZDPT-JS-20250213-08284	",2023-09-01,2023-09-30,"1534337522	","3205104313451	",1.000000,100,100.000000,2113.790000,2147.070000,33.28,33.28,0.7782,33.28,-,-,-,-,-,-,-,-,-,-,-,-,-,-,-,-,-,-,-,-,-,-,22.92,2.98,-,-
鑫龙家园莲花六号小区位置点,"ZDBZD-JS-2025-002255	","JFZDPT-JS-20250213-08284	",2023-09-01,2023-09-30,"1528107567	","3205104315707	",1.000000,100,100.000000,2818.820000,2864.070000,45.25,45.25,0.7803,45.25,-,-,-,-,-,-,-,-,-,-,-,-,-,-,-,-,-,-,-,-,-,-,31.25,4.06,-,-
鑫龙家园莲花六号小区位置点,"ZDBZD-JS-2025-002255	","JFZDPT-JS-20250213-08284	",2023-09-01,2023-09-30,"1556867474	","3205104315719	",1.000000,100,100.000000,435.240000,467.720000,32.48,32.48,0.7731,32.48,-,-,-,-,-,-,-,-,-,-,-,-,-,-,-,-,-,-,-,-,-,-,22.22,2.89,-,-
鑫龙家园莲花六号小区位置点,"ZDBZD-JS-2025-002255	","JFZDPT-JS-20250213-08284	",2023-09-01,2023-09-30,"1528102930	","3205104315726	",1.000000,100,100.000000,2031.790000,2064.070000,32.28,32.28,0.7779,32.28,-,-,-,-,-,-,-,-,-,-,-,-,-,-,-,-,-,-,-,-,-,-,22.22,2.89,-,-
鑫龙家园莲花六号小区位置点,"ZDBZD-JS-2025-002255	","JFZDPT-JS-20250213-08284	",2023-09-01,2023-09-30,"1559570474	","3205104353226	",1.000000,100,100.000000,1599.650000,1743.420000,143.77,143.77,0.786,143.77,-,-,-,-,-,-,-,-,-,-,-,-,-,-,-,-,-,-,-,-,-,-,100,13,-,-
鑫龙家园莲花六号小区位置点,"ZDBZD-JS-2025-002255	","JFZDPT-JS-20250213-08284	",2023-09-01,2023-09-30,"1547726877	","3205104472953	",1.000000,100,100.000000,3102.470000,3173.310000,70.84,70.84,0.7866,70.84,-,-,-,-,-,-,-,-,-,-,-,-,-,-,-,-,-,-,-,-,-,-,49.31,6.41,-,-
鑫龙家园莲花六号小区位置点,"ZDBZD-JS-2025-002255	","JFZDPT-JS-20250213-08284	",2023-09-01,2023-09-30,"1547633945	","3205104472957	",1.000000,100,100.000000,3710.960000,3807.530000,96.57,96.57,0.7882,96.57,-,-,-,-,-,-,-,-,-,-,-,-,-,-,-,-,-,-,-,-,-,-,67.36,8.76,-,-
鑫龙家园莲花六号小区位置点,"ZDBZD-JS-2025-002255	","JFZDPT-JS-20250213-08284	",2023-09-01,2023-09-30,"1547633944	","3205104472959	",1.000000,100,100.000000,3045.260000,3114.230000,68.97,68.97,0.7851,68.97,-,-,-,-,-,-,-,-,-,-,-,-,-,-,-,-,-,-,-,-,-,-,47.92,6.23,-,-
鑫龙家园莲花六号小区位置点,"ZDBZD-JS-2025-002255	","JFZDPT-JS-20250213-08284	",2023-09-01,2023-09-30,"1547633946	","3205104472963	",1.000000,100,100.000000,2910.910000,2982.560000,71.65,71.65,0.7886,71.65,-,-,-,-,-,-,-,-,-,-,-,-,-,-,-,-,-,-,-,-,-,-,50,6.5,-,-
鑫龙家园莲花六号小区位置点,"ZDBZD-JS-2025-002255	","JFZDPT-JS-20250213-08284	",2023-09-01,2023-09-30,"1547634578	","3205104472970	",1.000000,100,100.000000,2483.260000,2535.100000,51.84,51.84,0.7872,51.84,-,-,-,-,-,-,-,-,-,-,-,-,-,-,-,-,-,-,-,-,-,-,36.12,4.69,-,-
鑫龙家园莲花六号小区位置点,"ZDBZD-JS-2025-002255	","JFZDPT-JS-20250213-08284	",2023-09-01,2023-09-30,"1547728488	","3205104474427	",1.000000,100,100.000000,3073.080000,3142.740000,69.66,69.66,0.7885,69.66,-,-,-,-,-,-,-,-,-,-,-,-,-,-,-,-,-,-,-,-,-,-,48.61,6.32,-,-
鑫龙家园莲花六号小区位置点,"ZDBZD-JS-2025-002255	","JFZDPT-JS-20250213-08284	",2023-09-01,2023-09-30,"1547719754	","3205104474457	",1.000000,100,100.000000,7638.240000,7791.090000,152.85,152.85,0.7855,152.85,-,-,-,-,-,-,-,-,-,-,-,-,-,-,-,-,-,-,-,-,-,-,106.25,13.81,-,-
鑫龙家园莲花六号小区位置点,"ZDBZD-JS-2025-002255	","JFZDPT-JS-20250213-08284	",2023-09-01,2023-09-30,"1547728484	","3205104474463	",1.000000,100,100.000000,2439.130000,2508.210000,69.08,69.08,0.7839,69.08,-,-,-,-,-,-,-,-,-,-,-,-,-,-,-,-,-,-,-,-,-,-,47.92,6.23,-,-
鑫龙家园莲花六号小区位置点,"ZDBZD-JS-2025-002255	","JFZDPT-JS-20250213-08284	",2023-09-01,2023-09-30,"1547719759	","3205104474467	",1.000000,100,100.000000,3118.440000,3127.030000,8.59,8.59,0.784,8.59,-,-,-,-,-,-,-,-,-,-,-,-,-,-,-,-,-,-,-,-,-,-,5.96,0.77,-,-
鑫龙家园莲花六号小区位置点,"ZDBZD-JS-2025-002255	","JFZDPT-JS-20250213-08284	",2023-09-01,2023-09-30,"1534271368	","3205104476753	",1.000000,100,100.000000,2884.580000,2890.970000,6.39,6.39,0.7371,6.39,-,-,-,-,-,-,-,-,-,-,-,-,-,-,-,-,-,-,-,-,-,-,4.17,0.54,-,-
鑫龙家园莲花六号小区位置点,"ZDBZD-JS-2025-002255	","JFZDPT-JS-20250213-08284	",2023-09-01,2023-09-30,"1542462053	","3205104476756	",1.000000,100,100.000000,2634.180000,2687.900000,53.72,53.72,0.7889,53.72,-,-,-,-,-,-,-,-,-,-,-,-,-,-,-,-,-,-,-,-,-,-,37.5,4.88,-,-
鑫龙家园莲花六号小区位置点,"ZDBZD-JS-2025-002255	","JFZDPT-JS-20250213-08284	",2023-09-01,2023-09-30,"1534365028	","3205104476757	",1.000000,100,100.000000,3001.870000,3059.600000,57.73,57.73,0.7885,57.73,-,-,-,-,-,-,-,-,-,-,-,-,-,-,-,-,-,-,-,-,-,-,40.28,5.24,-,-
鑫龙家园莲花六号小区位置点,"ZDBZD-JS-2025-002255	","JFZDPT-JS-20250213-08284	",2023-09-01,2023-09-30,"1535669055	","3205104476759	",1.000000,100,100.000000,4178.820000,4259.770000,80.95,80.95,0.7853,80.95,-,-,-,-,-,-,-,-,-,-,-,-,-,-,-,-,-,-,-,-,-,-,56.26,7.31,-,-
鑫龙家园莲花六号小区位置点,"ZDBZD-JS-2025-002255	","JFZDPT-JS-20250213-08284	",2023-09-01,2023-09-30,"1535960714	","3205104476763	",1.000000,100,100.000000,6550.480000,6682.080000,131.6,131.6,0.7872,131.6,-,-,-,-,-,-,-,-,-,-,-,-,-,-,-,-,-,-,-,-,-,-,91.68,11.92,-,-
鑫龙家园莲花六号小区位置点,"ZDBZD-JS-2025-002255	","JFZDPT-JS-20250213-08284	",2023-09-01,2023-09-30,"1543218796	","3205104476766	",1.000000,100,100.000000,3231.710000,3301.800000,70.09,70.09,0.7837,70.09,-,-,-,-,-,-,-,-,-,-,-,-,-,-,-,-,-,-,-,-,-,-,48.61,6.32,-,-
鑫龙家园莲花六号小区位置点,"ZDBZD-JS-2025-002255	","JFZDPT-JS-20250213-08284	",2023-09-01,2023-09-30,"1539721710	","3205104476768	",1.000000,100,100.000000,3129.180000,3196.980000,67.8,67.8,0.787,67.8,-,-,-,-,-,-,-,-,-,-,-,-,-,-,-,-,-,-,-,-,-,-,47.22,6.14,-,-
鑫龙家园莲花六号小区位置点,"ZDBZD-JS-2025-002255	","JFZDPT-JS-20250213-08284	",2023-09-01,2023-09-30,"1534340339	","3205104476772	",1.000000,100,100.000000,2284.550000,2353.930000,69.38,69.38,0.7805,69.38,-,-,-,-,-,-,-,-,-,-,-,-,-,-,-,-,-,-,-,-,-,-,47.92,6.23,-,-
鑫龙家园莲花六号小区位置点,"ZDBZD-JS-2025-002255	","JFZDPT-JS-20250213-08284	",2023-09-01,2023-09-30,"1542222948	","3205104476774	",1.000000,100,100.000000,2911.470000,2970.470000,59,59,0.7847,59,-,-,-,-,-,-,-,-,-,-,-,-,-,-,-,-,-,-,-,-,-,-,40.97,5.33,-,-
鑫龙家园莲花六号小区位置点,"ZDBZD-JS-2025-002255	","JFZDPT-JS-20250213-08284	",2023-09-01,2023-09-30,"1536674431	","3205104477226	",1.000000,100,100.000000,3496.620000,3571.650000,75.03,75.03,0.7845,75.03,-,-,-,-,-,-,-,-,-,-,-,-,-,-,-,-,-,-,-,-,-,-,52.09,6.77,-,-
鑫龙家园莲花六号小区位置点,"ZDBZD-JS-2025-002255	","JFZDPT-JS-20250213-08284	",2023-09-01,2023-09-30,"1536129515	","3205104477228	",1.000000,100,100.000000,3176.560000,3246.360000,69.8,69.8,0.787,69.8,-,-,-,-,-,-,-,-,-,-,-,-,-,-,-,-,-,-,-,-,-,-,48.61,6.32,-,-
鑫龙家园莲花六号小区位置点,"ZDBZD-JS-2025-002255	","JFZDPT-JS-20250213-08284	",2023-09-01,2023-09-30,"1539373623	","3205104477230	",1.000000,100,100.000000,3008.000000,3060.500000,52.5,52.5,0.7922,52.5,-,-,-,-,-,-,-,-,-,-,-,-,-,-,-,-,-,-,-,-,-,-,36.81,4.78,-,-
鑫龙家园莲花六号小区位置点,"ZDBZD-JS-2025-002255	","JFZDPT-JS-20250213-08284	",2023-09-01,2023-09-30,"1543105444	","3205104477232	",1.000000,100,100.000000,2580.120000,2623.620000,43.5,43.5,0.7938,43.5,-,-,-,-,-,-,-,-,-,-,-,-,-,-,-,-,-,-,-,-,-,-,30.56,3.97,-,-
鑫龙家园莲花六号小区位置点,"ZDBZD-JS-2025-002255	","JFZDPT-JS-20250213-08284	",2023-09-01,2023-09-30,"1544951755	","3205104477235	",1.000000,100,100.000000,3189.760000,3259.780000,70.02,70.02,0.7845,70.02,-,-,-,-,-,-,-,-,-,-,-,-,-,-,-,-,-,-,-,-,-,-,48.61,6.32,-,-
鑫龙家园莲花六号小区位置点,"ZDBZD-JS-2025-002255	","JFZDPT-JS-20250213-08284	",2023-09-01,2023-09-30,"1544684094	","3205104477238	",1.000000,100,100.000000,3093.340000,3093.340000,0,0,0.7961,0,-,-,-,-,-,-,-,-,-,-,-,-,-,-,-,-,-,-,-,-,-,-,0,0,-,-
鑫龙家园莲花六号小区位置点,"ZDBZD-JS-2025-002255	","JFZDPT-JS-20250213-08284	",2023-09-01,2023-09-30,"1539602549	","3205104477339	",1.000000,100,100.000000,3129.990000,3132.890000,2.9,2.9,0.783,2.9,-,-,-,-,-,-,-,-,-,-,-,-,-,-,-,-,-,-,-,-,-,-,2.01,0.26,-,-
鑫龙家园莲花六号小区位置点,"ZDBZD-JS-2025-002255	","JFZDPT-JS-20250213-08284	",2023-09-01,2023-09-30,"1546160843	","3205104477340	",1.000000,100,100.000000,3222.660000,3292.370000,69.71,69.71,0.788,69.71,-,-,-,-,-,-,-,-,-,-,-,-,-,-,-,-,-,-,-,-,-,-,48.61,6.32,-,-
鑫龙家园莲花六号小区位置点,"ZDBZD-JS-2025-002255	","JFZDPT-JS-20250213-08284	",2023-09-01,2023-09-30,"1546168926	","3205104477341	",1.000000,100,100.000000,3708.610000,3789.670000,81.06,81.06,0.7842,81.06,-,-,-,-,-,-,-,-,-,-,-,-,-,-,-,-,-,-,-,-,-,-,56.26,7.31,-,-
鑫龙家园莲花六号小区位置点,"ZDBZD-JS-2025-002255	","JFZDPT-JS-20250213-08284	",2023-09-01,2023-09-30,"1542466276	","3205104477344	",1.000000,100,100.000000,2753.160000,2819.740000,66.58,66.58,0.7897,66.58,-,-,-,-,-,-,-,-,-,-,-,-,-,-,-,-,-,-,-,-,-,-,46.53,6.05,-,-
鑫龙家园莲花六号小区位置点,"ZDBZD-JS-2025-002255	","JFZDPT-JS-20250213-08284	",2023-09-01,2023-09-30,"1536129516	","3205104477350	",1.000000,100,100.000000,3779.000000,3828.190000,49.19,49.19,0.7817,49.19,-,-,-,-,-,-,-,-,-,-,-,-,-,-,-,-,-,-,-,-,-,-,34.03,4.42,-,-
鑫龙家园莲花六号小区位置点,"ZDBZD-JS-2025-002255	","JFZDPT-JS-20250813-15095	",2025-07-01,2025-07-31,"1534337708	","3205104313087	",1.000000,100,100.000000,3827.840000,3862.010000,34.17,34.17,0.7498,34.17,-,-,-,-,-,-,-,-,-,-,-,-,-,-,-,-,-,-,-,-,-,-,22.673156,2.94751,-,-
鑫龙家园莲花六号小区位置点,"ZDBZD-JS-2025-002255	","JFZDPT-JS-20250813-15095	",2025-07-01,2025-07-31,"1534339435	","3205104313426	",1.000000,100,100.000000,2802.530000,2830.960000,28.43,28.43,0.7422,28.43,-,-,-,-,-,-,-,-,-,-,-,-,-,-,-,-,-,-,-,-,-,-,18.673227,2.427519,-,-
鑫龙家园莲花六号小区位置点,"ZDBZD-JS-2025-002255	","JFZDPT-JS-20250813-15095	",2025-07-01,2025-07-31,"1534349171	","3205104313433	",1.000000,100,100.000000,2643.580000,2664.460000,20.88,20.88,0.7577,20.88,-,-,-,-,-,-,-,-,-,-,-,-,-,-,-,-,-,-,-,-,-,-,14.000687,1.820089,-,-
鑫龙家园莲花六号小区位置点,"ZDBZD-JS-2025-002255	","JFZDPT-JS-20250813-15095	",2025-07-01,2025-07-31,"1554157659	","3205104313437	",1.000000,100,100.000000,226.330000,249.280000,22.95,22.95,0.7551,22.95,-,-,-,-,-,-,-,-,-,-,-,-,-,-,-,-,-,-,-,-,-,-,15.335881,1.993664,-,-
鑫龙家园莲花六号小区位置点,"ZDBZD-JS-2025-002255	","JFZDPT-JS-20250813-15095	",2025-07-01,2025-07-31,"1534339430	","3205104313446	",1.000000,100,100.000000,2579.220000,2599.770000,20.55,20.55,0.7698,20.55,-,-,-,-,-,-,-,-,-,-,-,-,-,-,-,-,-,-,-,-,-,-,13.99946,1.81993,-,-
鑫龙家园莲花六号小区位置点,"ZDBZD-JS-2025-002255	","JFZDPT-JS-20250813-15095	",2025-07-01,2025-07-31,"1534337522	","3205104313451	",1.000000,100,100.000000,2798.550000,2821.640000,23.09,23.09,0.7505,23.09,-,-,-,-,-,-,-,-,-,-,-,-,-,-,-,-,-,-,-,-,-,-,15.335438,1.993607,-,-
鑫龙家园莲花六号小区位置点,"ZDBZD-JS-2025-002255	","JFZDPT-JS-20250813-15095	",2025-07-01,2025-07-31,"1528107567	","3205104315707	",1.000000,100,100.000000,3739.610000,3773.430000,33.82,33.82,0.7575,33.82,-,-,-,-,-,-,-,-,-,-,-,-,-,-,-,-,-,-,-,-,-,-,22.671372,2.947278,-,-
鑫龙家园莲花六号小区位置点,"ZDBZD-JS-2025-002255	","JFZDPT-JS-20250813-15095	",2025-07-01,2025-07-31,"1556867474	","3205104315719	",1.000000,100,100.000000,1115.330000,1139.030000,23.7,23.7,0.7629,23.7,-,-,-,-,-,-,-,-,-,-,-,-,-,-,-,-,-,-,-,-,-,-,16.000646,2.080084,-,-
鑫龙家园莲花六号小区位置点,"ZDBZD-JS-2025-002255	","JFZDPT-JS-20250813-15095	",2025-07-01,2025-07-31,"1528102930	","3205104315726	",1.000000,100,100.000000,2709.900000,2738.240000,28.34,28.34,0.7445,28.34,-,-,-,-,-,-,-,-,-,-,-,-,-,-,-,-,-,-,-,-,-,-,18.671796,2.427334,-,-
鑫龙家园莲花六号小区位置点,"ZDBZD-JS-2025-002255	","JFZDPT-JS-20250813-15095	",2025-07-01,2025-07-31,"1559570474	","3205104353226	",1.000000,100,100.000000,4664.840000,4801.670000,136.83,136.83,0.7544,136.83,-,-,-,-,-,-,-,-,-,-,-,-,-,-,-,-,-,-,-,-,-,-,91.349161,11.875391,-,-
鑫龙家园莲花六号小区位置点,"ZDBZD-JS-2025-002255	","JFZDPT-JS-20250813-15095	",2025-07-01,2025-07-31,"1547726877	","3205104472953	",1.000000,100,100.000000,4674.370000,4747.700000,73.33,73.33,0.7502,73.33,-,-,-,-,-,-,-,-,-,-,-,-,-,-,-,-,-,-,-,-,-,-,48.683333,6.328833,-,-
鑫龙家园莲花六号小区位置点,"ZDBZD-JS-2025-002255	","JFZDPT-JS-20250813-15095	",2025-07-01,2025-07-31,"1547633945	","3205104472957	",1.000000,100,100.000000,5852.170000,5952.290000,100.12,100.12,0.7526,100.12,-,-,-,-,-,-,-,-,-,-,-,-,-,-,-,-,-,-,-,-,-,-,66.681692,8.66862,-,-
鑫龙家园莲花六号小区位置点,"ZDBZD-JS-2025-002255	","JFZDPT-JS-20250813-15095	",2025-07-01,2025-07-31,"1547633944	","3205104472959	",1.000000,100,100.000000,4573.240000,4644.590000,71.35,71.35,0.7498,71.35,-,-,-,-,-,-,-,-,-,-,-,-,-,-,-,-,-,-,-,-,-,-,47.343566,6.154664,-,-
鑫龙家园莲花六号小区位置点,"ZDBZD-JS-2025-002255	","JFZDPT-JS-20250813-15095	",2025-07-01,2025-07-31,"1547633946	","3205104472963	",1.000000,100,100.000000,4442.640000,4504.710000,62.07,62.07,0.7527,62.07,-,-,-,-,-,-,-,-,-,-,-,-,-,-,-,-,-,-,-,-,-,-,41.345212,5.374877,-,-
鑫龙家园莲花六号小区位置点,"ZDBZD-JS-2025-002255	","JFZDPT-JS-20250813-15095	",2025-07-01,2025-07-31,"1547634578	","3205104472970	",1.000000,100,100.000000,3530.470000,3575.530000,45.06,45.06,0.7526,45.06,-,-,-,-,-,-,-,-,-,-,-,-,-,-,-,-,-,-,-,-,-,-,30.010758,3.901398,-,-
鑫龙家园莲花六号小区位置点,"ZDBZD-JS-2025-002255	","JFZDPT-JS-20250813-15095	",2025-07-01,2025-07-31,"1547728488	","3205104474427	",1.000000,100,100.000000,4623.040000,4687.860000,64.82,64.82,0.7556,64.82,-,-,-,-,-,-,-,-,-,-,-,-,-,-,-,-,-,-,-,-,-,-,43.343356,5.634636,-,-
鑫龙家园莲花六号小区位置点,"ZDBZD-JS-2025-002255	","JFZDPT-JS-20250813-15095	",2025-07-01,2025-07-31,"1547719754	","3205104474457	",1.000000,100,100.000000,11184.160000,11342.410000,158.25,158.25,0.7524,158.25,-,-,-,-,-,-,-,-,-,-,-,-,-,-,-,-,-,-,-,-,-,-,105.369292,13.698008,-,-
鑫龙家园莲花六号小区位置点,"ZDBZD-JS-2025-002255	","JFZDPT-JS-20250813-15095	",2025-07-01,2025-07-31,"1547728484	","3205104474463	",1.000000,100,100.000000,3912.310000,3969.250000,56.94,56.94,0.7543,56.94,-,-,-,-,-,-,-,-,-,-,-,-,-,-,-,-,-,-,-,-,-,-,38.00871,4.941132,-,-
鑫龙家园莲花六号小区位置点,"ZDBZD-JS-2025-002255	","JFZDPT-JS-20250813-15095	",2025-07-01,2025-07-31,"1547719759	","3205104474467	",1.000000,100,100.000000,4493.520000,4556.080000,62.56,62.56,0.7588,62.56,-,-,-,-,-,-,-,-,-,-,-,-,-,-,-,-,-,-,-,-,-,-,42.009317,5.461211,-,-
鑫龙家园莲花六号小区位置点,"ZDBZD-JS-2025-002255	","JFZDPT-JS-20250813-15095	",2025-07-01,2025-07-31,"1534271368	","3205104476753	",1.000000,100,100.000000,2890.970000,2890.970000,0,0,0.72,0,-,-,-,-,-,-,-,-,-,-,-,-,-,-,-,-,-,-,-,-,-,-,0,0,-,-
鑫龙家园莲花六号小区位置点,"ZDBZD-JS-2025-002255	","JFZDPT-JS-20250813-15095	",2025-07-01,2025-07-31,"1542462053	","3205104476756	",1.000000,100,100.000000,3834.770000,3890.550000,55.78,55.78,0.7565,55.78,-,-,-,-,-,-,-,-,-,-,-,-,-,-,-,-,-,-,-,-,-,-,37.342982,4.854588,-,-
鑫龙家园莲花六号小区位置点,"ZDBZD-JS-2025-002255	","JFZDPT-JS-20250813-15095	",2025-07-01,2025-07-31,"1534365028	","3205104476757	",1.000000,100,100.000000,4371.300000,4431.280000,59.98,59.98,0.7538,59.98,-,-,-,-,-,-,-,-,-,-,-,-,-,-,-,-,-,-,-,-,-,-,40.011437,5.201487,-,-
鑫龙家园莲花六号小区位置点,"ZDBZD-JS-2025-002255	","JFZDPT-JS-20250813-15095	",2025-07-01,2025-07-31,"1535669055	","3205104476759	",1.000000,100,100.000000,4866.150000,4866.150000,0,0,0.72,0,-,-,-,-,-,-,-,-,-,-,-,-,-,-,-,-,-,-,-,-,-,-,0,0,-,-
鑫龙家园莲花六号小区位置点,"ZDBZD-JS-2025-002255	","JFZDPT-JS-20250813-15095	",2025-07-01,2025-07-31,"1535960714	","3205104476763	",1.000000,100,100.000000,9573.720000,9709.060000,135.34,135.34,0.7517,135.34,-,-,-,-,-,-,-,-,-,-,-,-,-,-,-,-,-,-,-,-,-,-,90.031042,11.704036,-,-
鑫龙家园莲花六号小区位置点,"ZDBZD-JS-2025-002255	","JFZDPT-JS-20250813-15095	",2025-07-01,2025-07-31,"1543218796	","3205104476766	",1.000000,100,100.000000,4791.100000,4863.680000,72.58,72.58,0.7579,72.58,-,-,-,-,-,-,-,-,-,-,-,-,-,-,-,-,-,-,-,-,-,-,48.679984,6.328398,-,-
鑫龙家园莲花六号小区位置点,"ZDBZD-JS-2025-002255	","JFZDPT-JS-20250813-15095	",2025-07-01,2025-07-31,"1539721710	","3205104476768	",1.000000,100,100.000000,4634.180000,4704.430000,70.25,70.25,0.7509,70.25,-,-,-,-,-,-,-,-,-,-,-,-,-,-,-,-,-,-,-,-,-,-,46.682058,6.068667,-,-
鑫龙家园莲花六号小区位置点,"ZDBZD-JS-2025-002255	","JFZDPT-JS-20250813-15095	",2025-07-01,2025-07-31,"1534340339	","3205104476772	",1.000000,100,100.000000,3828.220000,3900.260000,72.04,72.04,0.7531,72.04,-,-,-,-,-,-,-,-,-,-,-,-,-,-,-,-,-,-,-,-,-,-,48.011791,6.241533,-,-
鑫龙家园莲花六号小区位置点,"ZDBZD-JS-2025-002255	","JFZDPT-JS-20250813-15095	",2025-07-01,2025-07-31,"1542222948	","3205104476774	",1.000000,100,100.000000,4221.240000,4276.230000,54.99,54.99,0.7536,54.99,-,-,-,-,-,-,-,-,-,-,-,-,-,-,-,-,-,-,-,-,-,-,36.672977,4.767487,-,-
鑫龙家园莲花六号小区位置点,"ZDBZD-JS-2025-002255	","JFZDPT-JS-20250813-15095	",2025-07-01,2025-07-31,"1536674431	","3205104477226	",1.000000,100,100.000000,5402.730000,5455.050000,52.32,52.32,0.7489,52.32,-,-,-,-,-,-,-,-,-,-,-,-,-,-,-,-,-,-,-,-,-,-,34.674733,4.507715,-,-
鑫龙家园莲花六号小区位置点,"ZDBZD-JS-2025-002255	","JFZDPT-JS-20250813-15095	",2025-07-01,2025-07-31,"1536129515	","3205104477228	",1.000000,100,100.000000,4668.790000,4729.150000,60.36,60.36,0.749,60.36,-,-,-,-,-,-,-,-,-,-,-,-,-,-,-,-,-,-,-,-,-,-,40.008531,5.201109,-,-
鑫龙家园莲花六号小区位置点,"ZDBZD-JS-2025-002255	","JFZDPT-JS-20250813-15095	",2025-07-01,2025-07-31,"1539373623	","3205104477230	",1.000000,100,100.000000,4370.630000,4429.740000,59.11,59.11,0.7522,59.11,-,-,-,-,-,-,-,-,-,-,-,-,-,-,-,-,-,-,-,-,-,-,39.347382,5.11516,-,-
鑫龙家园莲花六号小区位置点,"ZDBZD-JS-2025-002255	","JFZDPT-JS-20250813-15095	",2025-07-01,2025-07-31,"1543105444	","3205104477232	",1.000000,100,100.000000,3526.400000,3566.010000,39.61,39.61,0.7609,39.61,-,-,-,-,-,-,-,-,-,-,-,-,-,-,-,-,-,-,-,-,-,-,26.671902,3.467347,-,-
鑫龙家园莲花六号小区位置点,"ZDBZD-JS-2025-002255	","JFZDPT-JS-20250813-15095	",2025-07-01,2025-07-31,"1544951755	","3205104477235	",1.000000,100,100.000000,4692.470000,4752.930000,60.46,60.46,0.7478,60.46,-,-,-,-,-,-,-,-,-,-,-,-,-,-,-,-,-,-,-,-,-,-,40.010609,5.201379,-,-
鑫龙家园莲花六号小区位置点,"ZDBZD-JS-2025-002255	","JFZDPT-JS-20250813-15095	",2025-07-01,2025-07-31,"1544684094	","3205104477238	",1.000000,100,100.000000,3093.340000,3093.340000,0,0,0.72,0,-,-,-,-,-,-,-,-,-,-,-,-,-,-,-,-,-,-,-,-,-,-,0,0,-,-
鑫龙家园莲花六号小区位置点,"ZDBZD-JS-2025-002255	","JFZDPT-JS-20250813-15095	",2025-07-01,2025-07-31,"1539602549	","3205104477339	",1.000000,100,100.000000,3957.320000,4028.750000,71.43,71.43,0.749,71.43,-,-,-,-,-,-,-,-,-,-,-,-,-,-,-,-,-,-,-,-,-,-,47.34608,6.15499,-,-
鑫龙家园莲花六号小区位置点,"ZDBZD-JS-2025-002255	","JFZDPT-JS-20250813-15095	",2025-07-01,2025-07-31,"1546160843	","3205104477340	",1.000000,100,100.000000,4734.100000,4806.480000,72.38,72.38,0.7495,72.38,-,-,-,-,-,-,-,-,-,-,-,-,-,-,-,-,-,-,-,-,-,-,48.007796,6.241014,-,-
鑫龙家园莲花六号小区位置点,"ZDBZD-JS-2025-002255	","JFZDPT-JS-20250813-15095	",2025-07-01,2025-07-31,"1546168926	","3205104477341	",1.000000,100,100.000000,5305.040000,5379.520000,74.48,74.48,0.7487,74.48,-,-,-,-,-,-,-,-,-,-,-,-,-,-,-,-,-,-,-,-,-,-,49.347943,6.415233,-,-
鑫龙家园莲花六号小区位置点,"ZDBZD-JS-2025-002255	","JFZDPT-JS-20250813-15095	",2025-07-01,2025-07-31,"1542466276	","3205104477344	",1.000000,100,100.000000,4233.610000,4302.550000,68.94,68.94,0.7541,68.94,-,-,-,-,-,-,-,-,-,-,-,-,-,-,-,-,-,-,-,-,-,-,46.006773,5.980881,-,-
鑫龙家园莲花六号小区位置点,"ZDBZD-JS-2025-002255	","JFZDPT-JS-20250813-15095	",2025-07-01,2025-07-31,"1536129516	","3205104477350	",1.000000,100,100.000000,5873.900000,5949.560000,75.66,75.66,0.7569,75.66,-,-,-,-,-,-,-,-,-,-,-,-,-,-,-,-,-,-,-,-,-,-,50.678809,6.588245,-,-
鑫龙家园莲花六号小区位置点,"ZDBZD-JS-2025-002255	","JFZDPT-JS-20250716-14305	",2025-06-01,2025-06-30,"1534337708	","3205104313087	",1.000000,100,100.000000,3794.650000,3827.840000,33.19,33.19,0.7099,33.19,-,-,-,-,-,-,-,-,-,-,-,-,-,-,-,-,-,-,-,-,-,-,20.850957,2.710624,-,-
鑫龙家园莲花六号小区位置点,"ZDBZD-JS-2025-002255	","JFZDPT-JS-20250716-14305	",2025-06-01,2025-06-30,"1534339435	","3205104313426	",1.000000,100,100.000000,2775.210000,2802.530000,27.32,27.32,0.7053,27.32,-,-,-,-,-,-,-,-,-,-,-,-,-,-,-,-,-,-,-,-,-,-,17.052032,2.216764,-,-
鑫龙家园莲花六号小区位置点,"ZDBZD-JS-2025-002255	","JFZDPT-JS-20250716-14305	",2025-06-01,2025-06-30,"1534349171	","3205104313433	",1.000000,100,100.000000,2623.410000,2643.580000,20.17,20.17,0.708,20.17,-,-,-,-,-,-,-,-,-,-,-,-,-,-,-,-,-,-,-,-,-,-,12.637487,1.642873,-,-
鑫龙家园莲花六号小区位置点,"ZDBZD-JS-2025-002255	","JFZDPT-JS-20250716-14305	",2025-06-01,2025-06-30,"1554157659	","3205104313437	",1.000000,100,100.000000,204.170000,226.330000,22.16,22.16,0.7085,22.16,-,-,-,-,-,-,-,-,-,-,-,-,-,-,-,-,-,-,-,-,-,-,13.894124,1.806236,-,-
鑫龙家园莲花六号小区位置点,"ZDBZD-JS-2025-002255	","JFZDPT-JS-20250716-14305	",2025-06-01,2025-06-30,"1534339430	","3205104313446	",1.000000,100,100.000000,2559.430000,2579.220000,19.79,19.79,0.7216,19.79,-,-,-,-,-,-,-,-,-,-,-,-,-,-,-,-,-,-,-,-,-,-,12.637579,1.642885,-,-
鑫龙家园莲花六号小区位置点,"ZDBZD-JS-2025-002255	","JFZDPT-JS-20250716-14305	",2025-06-01,2025-06-30,"1534337522	","3205104313451	",1.000000,100,100.000000,2776.340000,2798.550000,22.21,22.21,0.7069,22.21,-,-,-,-,-,-,-,-,-,-,-,-,-,-,-,-,-,-,-,-,-,-,13.894026,1.806223,-,-
鑫龙家园莲花六号小区位置点,"ZDBZD-JS-2025-002255	","JFZDPT-JS-20250716-14305	",2025-06-01,2025-06-30,"1528107567	","3205104315707	",1.000000,100,100.000000,3706.770000,3739.610000,32.84,32.84,0.7174,32.84,-,-,-,-,-,-,-,-,-,-,-,-,-,-,-,-,-,-,-,-,-,-,20.849041,2.710375,-,-
鑫龙家园莲花六号小区位置点,"ZDBZD-JS-2025-002255	","JFZDPT-JS-20250716-14305	",2025-06-01,2025-06-30,"1556867474	","3205104315719	",1.000000,100,100.000000,1092.740000,1115.330000,22.59,22.59,0.7269,22.59,-,-,-,-,-,-,-,-,-,-,-,-,-,-,-,-,-,-,-,-,-,-,14.531567,1.889104,-,-
鑫龙家园莲花六号小区位置点,"ZDBZD-JS-2025-002255	","JFZDPT-JS-20250716-14305	",2025-06-01,2025-06-30,"1528102930	","3205104315726	",1.000000,100,100.000000,2682.470000,2709.900000,27.43,27.43,0.7025,27.43,-,-,-,-,-,-,-,-,-,-,-,-,-,-,-,-,-,-,-,-,-,-,17.052721,2.216854,-,-
鑫龙家园莲花六号小区位置点,"ZDBZD-JS-2025-002255	","JFZDPT-JS-20250716-14305	",2025-06-01,2025-06-30,"1559570474	","3205104353226	",1.000000,100,100.000000,4530.570000,4664.840000,134.27,134.27,0.7124,134.27,-,-,-,-,-,-,-,-,-,-,-,-,-,-,-,-,-,-,-,-,-,-,84.649512,11.004436,-,-
鑫龙家园莲花六号小区位置点,"ZDBZD-JS-2025-002255	","JFZDPT-JS-20250716-14305	",2025-06-01,2025-06-30,"1547726877	","3205104472953	",1.000000,100,100.000000,4603.630000,4674.370000,70.74,70.74,0.7164,70.74,-,-,-,-,-,-,-,-,-,-,-,-,-,-,-,-,-,-,-,-,-,-,44.847908,5.830228,-,-
鑫龙家园莲花六号小区位置点,"ZDBZD-JS-2025-002255	","JFZDPT-JS-20250716-14305	",2025-06-01,2025-06-30,"1547633945	","3205104472957	",1.000000,100,100.000000,5755.670000,5852.170000,96.5,96.5,0.7175,96.5,-,-,-,-,-,-,-,-,-,-,-,-,-,-,-,-,-,-,-,-,-,-,61.27323,7.96552,-,-
鑫龙家园莲花六号小区位置点,"ZDBZD-JS-2025-002255	","JFZDPT-JS-20250716-14305	",2025-06-01,2025-06-30,"1547633944	","3205104472959	",1.000000,100,100.000000,4504.450000,4573.240000,68.79,68.79,0.7159,68.79,-,-,-,-,-,-,-,-,-,-,-,-,-,-,-,-,-,-,-,-,-,-,43.581204,5.665557,-,-
鑫龙家园莲花六号小区位置点,"ZDBZD-JS-2025-002255	","JFZDPT-JS-20250716-14305	",2025-06-01,2025-06-30,"1547633946	","3205104472963	",1.000000,100,100.000000,4382.070000,4442.640000,60.57,60.57,0.7188,60.57,-,-,-,-,-,-,-,-,-,-,-,-,-,-,-,-,-,-,-,-,-,-,38.528952,5.008764,-,-
鑫龙家园莲花六号小区位置点,"ZDBZD-JS-2025-002255	","JFZDPT-JS-20250716-14305	",2025-06-01,2025-06-30,"1547634578	","3205104472970	",1.000000,100,100.000000,3487.200000,3530.470000,43.27,43.27,0.7093,43.27,-,-,-,-,-,-,-,-,-,-,-,-,-,-,-,-,-,-,-,-,-,-,27.160541,3.53087,-,-
鑫龙家园莲花六号小区位置点,"ZDBZD-JS-2025-002255	","JFZDPT-JS-20250716-14305	",2025-06-01,2025-06-30,"1547728488	","3205104474427	",1.000000,100,100.000000,4553.890000,4623.040000,69.15,69.15,0.7122,69.15,-,-,-,-,-,-,-,-,-,-,-,-,-,-,-,-,-,-,-,-,-,-,43.582858,5.665772,-,-
鑫龙家园莲花六号小区位置点,"ZDBZD-JS-2025-002255	","JFZDPT-JS-20250716-14305	",2025-06-01,2025-06-30,"1547719754	","3205104474457	",1.000000,100,100.000000,11031.680000,11184.160000,152.48,152.48,0.7116,152.48,-,-,-,-,-,-,-,-,-,-,-,-,-,-,-,-,-,-,-,-,-,-,96.021919,12.482849,-,-
鑫龙家园莲花六号小区位置点,"ZDBZD-JS-2025-002255	","JFZDPT-JS-20250716-14305	",2025-06-01,2025-06-30,"1547728484	","3205104474463	",1.000000,100,100.000000,3855.500000,3912.310000,56.81,56.81,0.7162,56.81,-,-,-,-,-,-,-,-,-,-,-,-,-,-,-,-,-,-,-,-,-,-,36.00648,4.680842,-,-
鑫龙家园莲花六号小区位置点,"ZDBZD-JS-2025-002255	","JFZDPT-JS-20250716-14305	",2025-06-01,2025-06-30,"1547719759	","3205104474467	",1.000000,100,100.000000,4432.490000,4493.520000,61.03,61.03,0.7134,61.03,-,-,-,-,-,-,-,-,-,-,-,-,-,-,-,-,-,-,-,-,-,-,38.529913,5.008889,-,-
鑫龙家园莲花六号小区位置点,"ZDBZD-JS-2025-002255	","JFZDPT-JS-20250716-14305	",2025-06-01,2025-06-30,"1534271368	","3205104476753	",1.000000,100,100.000000,2890.970000,2890.970000,0,0,0.71,0,-,-,-,-,-,-,-,-,-,-,-,-,-,-,-,-,-,-,-,-,-,-,0,0,-,-
鑫龙家园莲花六号小区位置点,"ZDBZD-JS-2025-002255	","JFZDPT-JS-20250716-14305	",2025-06-01,2025-06-30,"1542462053	","3205104476756	",1.000000,100,100.000000,3780.910000,3834.770000,53.86,53.86,0.7157,53.86,-,-,-,-,-,-,-,-,-,-,-,-,-,-,-,-,-,-,-,-,-,-,34.112922,4.43468,-,-
鑫龙家园莲花六号小区位置点,"ZDBZD-JS-2025-002255	","JFZDPT-JS-20250716-14305	",2025-06-01,2025-06-30,"1534365028	","3205104476757	",1.000000,100,100.000000,4313.410000,4371.300000,57.89,57.89,0.7151,57.89,-,-,-,-,-,-,-,-,-,-,-,-,-,-,-,-,-,-,-,-,-,-,36.634636,4.762503,-,-
鑫龙家园莲花六号小区位置点,"ZDBZD-JS-2025-002255	","JFZDPT-JS-20250716-14305	",2025-06-01,2025-06-30,"1535669055	","3205104476759	",1.000000,100,100.000000,4865.500000,4866.150000,0.65,0.65,0.71,0.65,-,-,-,-,-,-,-,-,-,-,-,-,-,-,-,-,-,-,-,-,-,-,0.408407,0.053093,-,-
鑫龙家园莲花六号小区位置点,"ZDBZD-JS-2025-002255	","JFZDPT-JS-20250716-14305	",2025-06-01,2025-06-30,"1535960714	","3205104476763	",1.000000,100,100.000000,9443.690000,9573.720000,130.03,130.03,0.7137,130.03,-,-,-,-,-,-,-,-,-,-,-,-,-,-,-,-,-,-,-,-,-,-,82.126027,10.676384,-,-
鑫龙家园莲花六号小区位置点,"ZDBZD-JS-2025-002255	","JFZDPT-JS-20250716-14305	",2025-06-01,2025-06-30,"1543218796	","3205104476766	",1.000000,100,100.000000,4721.050000,4791.100000,70.05,70.05,0.7133,70.05,-,-,-,-,-,-,-,-,-,-,-,-,-,-,-,-,-,-,-,-,-,-,44.218288,5.748377,-,-
鑫龙家园莲花六号小区位置点,"ZDBZD-JS-2025-002255	","JFZDPT-JS-20250716-14305	",2025-06-01,2025-06-30,"1539721710	","3205104476768	",1.000000,100,100.000000,4566.410000,4634.180000,67.77,67.77,0.7162,67.77,-,-,-,-,-,-,-,-,-,-,-,-,-,-,-,-,-,-,-,-,-,-,42.952986,5.583888,-,-
鑫龙家园莲花六号小区位置点,"ZDBZD-JS-2025-002255	","JFZDPT-JS-20250716-14305	",2025-06-01,2025-06-30,"1534340339	","3205104476772	",1.000000,100,100.000000,3758.700000,3828.220000,69.52,69.52,0.7188,69.52,-,-,-,-,-,-,-,-,-,-,-,-,-,-,-,-,-,-,-,-,-,-,44.222103,5.748873,-,-
鑫龙家园莲花六号小区位置点,"ZDBZD-JS-2025-002255	","JFZDPT-JS-20250716-14305	",2025-06-01,2025-06-30,"1542222948	","3205104476774	",1.000000,100,100.000000,4168.070000,4221.240000,53.17,53.17,0.7115,53.17,-,-,-,-,-,-,-,-,-,-,-,-,-,-,-,-,-,-,-,-,-,-,33.478279,4.352176,-,-
鑫龙家园莲花六号小区位置点,"ZDBZD-JS-2025-002255	","JFZDPT-JS-20250716-14305	",2025-06-01,2025-06-30,"1536674431	","3205104477226	",1.000000,100,100.000000,5352.110000,5402.730000,50.62,50.62,0.7193,50.62,-,-,-,-,-,-,-,-,-,-,-,-,-,-,-,-,-,-,-,-,-,-,32.222094,4.188872,-,-
鑫龙家园莲花六号小区位置点,"ZDBZD-JS-2025-002255	","JFZDPT-JS-20250716-14305	",2025-06-01,2025-06-30,"1536129515	","3205104477228	",1.000000,100,100.000000,4609.810000,4668.790000,58.98,58.98,0.7141,58.98,-,-,-,-,-,-,-,-,-,-,-,-,-,-,-,-,-,-,-,-,-,-,37.272228,4.84539,-,-
鑫龙家园莲花六号小区位置点,"ZDBZD-JS-2025-002255	","JFZDPT-JS-20250716-14305	",2025-06-01,2025-06-30,"1539373623	","3205104477230	",1.000000,100,100.000000,4313.630000,4370.630000,57,57,0.7139,57,-,-,-,-,-,-,-,-,-,-,-,-,-,-,-,-,-,-,-,-,-,-,36.010885,4.681415,-,-
鑫龙家园莲花六号小区位置点,"ZDBZD-JS-2025-002255	","JFZDPT-JS-20250716-14305	",2025-06-01,2025-06-30,"1543105444	","3205104477232	",1.000000,100,100.000000,3487.750000,3526.400000,38.65,38.65,0.7203,38.65,-,-,-,-,-,-,-,-,-,-,-,-,-,-,-,-,-,-,-,-,-,-,24.63681,3.202785,-,-
鑫龙家园莲花六号小区位置点,"ZDBZD-JS-2025-002255	","JFZDPT-JS-20250716-14305	",2025-06-01,2025-06-30,"1544951755	","3205104477235	",1.000000,100,100.000000,4633.380000,4692.470000,59.09,59.09,0.7128,59.09,-,-,-,-,-,-,-,-,-,-,-,-,-,-,-,-,-,-,-,-,-,-,37.273763,4.845589,-,-
鑫龙家园莲花六号小区位置点,"ZDBZD-JS-2025-002255	","JFZDPT-JS-20250716-14305	",2025-06-01,2025-06-30,"1544684094	","3205104477238	",1.000000,100,100.000000,3093.340000,3093.340000,0,0,0.71,0,-,-,-,-,-,-,-,-,-,-,-,-,-,-,-,-,-,-,-,-,-,-,0,0,-,-
鑫龙家园莲花六号小区位置点,"ZDBZD-JS-2025-002255	","JFZDPT-JS-20250716-14305	",2025-06-01,2025-06-30,"1539602549	","3205104477339	",1.000000,100,100.000000,3888.500000,3957.320000,68.82,68.82,0.7156,68.82,-,-,-,-,-,-,-,-,-,-,-,-,-,-,-,-,-,-,-,-,-,-,43.58194,5.665652,-,-
鑫龙家园莲花六号小区位置点,"ZDBZD-JS-2025-002255	","JFZDPT-JS-20250716-14305	",2025-06-01,2025-06-30,"1546160843	","3205104477340	",1.000000,100,100.000000,4664.290000,4734.100000,69.81,69.81,0.7158,69.81,-,-,-,-,-,-,-,-,-,-,-,-,-,-,-,-,-,-,-,-,-,-,44.221237,5.748761,-,-
鑫龙家园莲花六号小区位置点,"ZDBZD-JS-2025-002255	","JFZDPT-JS-20250716-14305	",2025-06-01,2025-06-30,"1546168926	","3205104477341	",1.000000,100,100.000000,5233.150000,5305.040000,71.89,71.89,0.715,71.89,-,-,-,-,-,-,-,-,-,-,-,-,-,-,-,-,-,-,-,-,-,-,45.48792,5.91343,-,-
鑫龙家园莲花六号小区位置点,"ZDBZD-JS-2025-002255	","JFZDPT-JS-20250716-14305	",2025-06-01,2025-06-30,"1542466276	","3205104477344	",1.000000,100,100.000000,4167.100000,4233.610000,66.51,66.51,0.7191,66.51,-,-,-,-,-,-,-,-,-,-,-,-,-,-,-,-,-,-,-,-,-,-,42.325081,5.50226,-,-
鑫龙家园莲花六号小区位置点,"ZDBZD-JS-2025-002255	","JFZDPT-JS-20250716-14305	",2025-06-01,2025-06-30,"1536129516	","3205104477350	",1.000000,100,100.000000,5800.950000,5873.900000,72.95,72.95,0.7143,72.95,-,-,-,-,-,-,-,-,-,-,-,-,-,-,-,-,-,-,-,-,-,-,46.113438,5.994747,-,-
鑫龙家园莲花六号小区位置点,"ZDBZD-JS-2025-002255	","JFZDPT-JS-20250211-16155	",2022-07-01,2022-07-31,"1534337708	","3205104313087	",1.000000,100,100.000000,2211.920000,2259.920000,48,48,0.7288,48,-,-,-,-,-,-,-,-,-,-,-,-,-,-,-,-,-,-,-,-,-,-,30.96,4.02,-,-
鑫龙家园莲花六号小区位置点,"ZDBZD-JS-2025-002255	","JFZDPT-JS-20250211-16155	",2022-07-01,2022-07-31,"1534339435	","3205104313426	",1.000000,100,100.000000,1536.560000,1570.580000,34.02,34.02,0.7284,34.02,-,-,-,-,-,-,-,-,-,-,-,-,-,-,-,-,-,-,-,-,-,-,21.93,2.85,-,-
鑫龙家园莲花六号小区位置点,"ZDBZD-JS-2025-002255	","JFZDPT-JS-20250211-16155	",2022-07-01,2022-07-31,"1534349171	","3205104313433	",1.000000,100,100.000000,1522.070000,1555.650000,33.58,33.58,0.7379,33.58,-,-,-,-,-,-,-,-,-,-,-,-,-,-,-,-,-,-,-,-,-,-,21.93,2.85,-,-
鑫龙家园莲花六号小区位置点,"ZDBZD-JS-2025-002255	","JFZDPT-JS-20250211-16155	",2022-07-01,2022-07-31,"1554157659	","3205104313437	",1.000000,100,100.000000,1538.350000,1571.850000,33.5,33.5,0.7397,33.5,-,-,-,-,-,-,-,-,-,-,-,-,-,-,-,-,-,-,-,-,-,-,21.93,2.85,-,-
鑫龙家园莲花六号小区位置点,"ZDBZD-JS-2025-002255	","JFZDPT-JS-20250211-16155	",2022-07-01,2022-07-31,"1534339430	","3205104313446	",1.000000,100,100.000000,1453.580000,1487.690000,34.11,34.11,0.7265,34.11,-,-,-,-,-,-,-,-,-,-,-,-,-,-,-,-,-,-,-,-,-,-,21.93,2.85,-,-
鑫龙家园莲花六号小区位置点,"ZDBZD-JS-2025-002255	","JFZDPT-JS-20250211-16155	",2022-07-01,2022-07-31,"1534337522	","3205104313451	",1.000000,100,100.000000,1620.460000,1656.000000,35.54,35.54,0.7383,35.54,-,-,-,-,-,-,-,-,-,-,-,-,-,-,-,-,-,-,-,-,-,-,23.22,3.02,-,-
鑫龙家园莲花六号小区位置点,"ZDBZD-JS-2025-002255	","JFZDPT-JS-20250211-16155	",2022-07-01,2022-07-31,"1528107567	","3205104315707	",1.000000,100,100.000000,2177.350000,2223.790000,46.44,46.44,0.722,46.44,-,-,-,-,-,-,-,-,-,-,-,-,-,-,-,-,-,-,-,-,-,-,29.67,3.86,-,-
鑫龙家园莲花六号小区位置点,"ZDBZD-JS-2025-002255	","JFZDPT-JS-20250211-16155	",2022-07-01,2022-07-31,"1556867474	","3205104315719	",1.000000,100,100.000000,1588.070000,5.920000,99998417.85,"99,998,417.85",0.728,99998417.85,-,-,-,-,-,-,-,-,-,-,-,-,-,-,-,-,-,-,-,-,-,-,64423759.46,8375088.73,-,-
鑫龙家园莲花六号小区位置点,"ZDBZD-JS-2025-002255	","JFZDPT-JS-20250211-16155	",2022-07-01,2022-07-31,"1528102930	","3205104315726	",1.000000,100,100.000000,1569.300000,1603.460000,34.16,34.16,0.7254,34.16,-,-,-,-,-,-,-,-,-,-,-,-,-,-,-,-,-,-,-,-,-,-,21.93,2.85,-,-
鑫龙家园莲花六号小区位置点,"ZDBZD-JS-2025-002255	","JFZDPT-JS-20250211-16155	",2022-07-01,2022-07-31,"1559570474	","3205104353226	",1.000000,100,100.000000,1450.480000,1620.890000,170.41,170.41,0.7271,170.41,-,-,-,-,-,-,-,-,-,-,-,-,-,-,-,-,-,-,-,-,-,-,109.65,14.26,-,-
鑫龙家园莲花六号小区位置点,"ZDBZD-JS-2025-002255	","JFZDPT-JS-20250211-16155	",2022-07-01,2022-07-31,"1547726877	","3205104472953	",1.000000,100,100.000000,2098.110000,2171.550000,73.44,73.44,0.7244,73.44,-,-,-,-,-,-,-,-,-,-,-,-,-,-,-,-,-,-,-,-,-,-,47.08,6.12,-,-
鑫龙家园莲花六号小区位置点,"ZDBZD-JS-2025-002255	","JFZDPT-JS-20250211-16155	",2022-07-01,2022-07-31,"1547633945	","3205104472957	",1.000000,100,100.000000,2541.690000,2617.210000,75.52,75.52,0.7334,75.52,-,-,-,-,-,-,-,-,-,-,-,-,-,-,-,-,-,-,-,-,-,-,49.02,6.37,-,-
鑫龙家园莲花六号小区位置点,"ZDBZD-JS-2025-002255	","JFZDPT-JS-20250211-16155	",2022-07-01,2022-07-31,"1547633944	","3205104472959	",1.000000,100,100.000000,2066.500000,2138.300000,71.8,71.8,0.7309,71.8,-,-,-,-,-,-,-,-,-,-,-,-,-,-,-,-,-,-,-,-,-,-,46.44,6.04,-,-
鑫龙家园莲花六号小区位置点,"ZDBZD-JS-2025-002255	","JFZDPT-JS-20250211-16155	",2022-07-01,2022-07-31,"1547633946	","3205104472963	",1.000000,100,100.000000,1892.640000,1967.120000,74.48,74.48,0.7241,74.48,-,-,-,-,-,-,-,-,-,-,-,-,-,-,-,-,-,-,-,-,-,-,47.73,6.2,-,-
鑫龙家园莲花六号小区位置点,"ZDBZD-JS-2025-002255	","JFZDPT-JS-20250211-16155	",2022-07-01,2022-07-31,"1547634578	","3205104472970	",1.000000,100,100.000000,1749.260000,1802.890000,53.63,53.63,0.7339,53.63,-,-,-,-,-,-,-,-,-,-,-,-,-,-,-,-,-,-,-,-,-,-,34.83,4.53,-,-
鑫龙家园莲花六号小区位置点,"ZDBZD-JS-2025-002255	","JFZDPT-JS-20250211-16155	",2022-07-01,2022-07-31,"1547728488	","3205104474427	",1.000000,100,100.000000,2080.380000,2152.800000,72.42,72.42,0.7247,72.42,-,-,-,-,-,-,-,-,-,-,-,-,-,-,-,-,-,-,-,-,-,-,46.44,6.04,-,-
鑫龙家园莲花六号小区位置点,"ZDBZD-JS-2025-002255	","JFZDPT-JS-20250211-16155	",2022-07-01,2022-07-31,"1547719754	","3205104474457	",1.000000,100,100.000000,5399.350000,5566.120000,166.77,166.77,0.7298,166.77,-,-,-,-,-,-,-,-,-,-,-,-,-,-,-,-,-,-,-,-,-,-,107.71,14,-,-
鑫龙家园莲花六号小区位置点,"ZDBZD-JS-2025-002255	","JFZDPT-JS-20250211-16155	",2022-07-01,2022-07-31,"1547728484	","3205104474463	",1.000000,100,100.000000,2026.040000,2026.040000,0,0,0.7229,0,-,-,-,-,-,-,-,-,-,-,-,-,-,-,-,-,-,-,-,-,-,-,0,0,-,-
鑫龙家园莲花六号小区位置点,"ZDBZD-JS-2025-002255	","JFZDPT-JS-20250211-16155	",2022-07-01,2022-07-31,"1547719759	","3205104474467	",1.000000,100,100.000000,2203.820000,2276.640000,72.82,72.82,0.7306,72.82,-,-,-,-,-,-,-,-,-,-,-,-,-,-,-,-,-,-,-,-,-,-,47.08,6.12,-,-
鑫龙家园莲花六号小区位置点,"ZDBZD-JS-2025-002255	","JFZDPT-JS-20250211-16155	",2022-07-01,2022-07-31,"1534271368	","3205104476753	",1.000000,100,100.000000,2009.810000,2069.910000,60.1,60.1,0.7276,60.1,-,-,-,-,-,-,-,-,-,-,-,-,-,-,-,-,-,-,-,-,-,-,38.7,5.03,-,-
鑫龙家园莲花六号小区位置点,"ZDBZD-JS-2025-002255	","JFZDPT-JS-20250211-16155	",2022-07-01,2022-07-31,"1542462053	","3205104476756	",1.000000,100,100.000000,1866.980000,1922.970000,55.99,55.99,0.7289,55.99,-,-,-,-,-,-,-,-,-,-,-,-,-,-,-,-,-,-,-,-,-,-,36.12,4.69,-,-
鑫龙家园莲花六号小区位置点,"ZDBZD-JS-2025-002255	","JFZDPT-JS-20250211-16155	",2022-07-01,2022-07-31,"1534365028	","3205104476757	",1.000000,100,100.000000,2082.740000,2146.280000,63.54,63.54,0.734,63.54,-,-,-,-,-,-,-,-,-,-,-,-,-,-,-,-,-,-,-,-,-,-,41.27,5.37,-,-
鑫龙家园莲花六号小区位置点,"ZDBZD-JS-2025-002255	","JFZDPT-JS-20250211-16155	",2022-07-01,2022-07-31,"1535669055	","3205104476759	",1.000000,100,100.000000,2929.330000,3014.710000,85.38,85.38,0.7256,85.38,-,-,-,-,-,-,-,-,-,-,-,-,-,-,-,-,-,-,-,-,-,-,54.82,7.13,-,-
鑫龙家园莲花六号小区位置点,"ZDBZD-JS-2025-002255	","JFZDPT-JS-20250211-16155	",2022-07-01,2022-07-31,"1535960714	","3205104476763	",1.000000,100,100.000000,4609.490000,4761.200000,151.71,151.71,0.7302,151.71,-,-,-,-,-,-,-,-,-,-,-,-,-,-,-,-,-,-,-,-,-,-,98.04,12.74,-,-
鑫龙家园莲花六号小区位置点,"ZDBZD-JS-2025-002255	","JFZDPT-JS-20250211-16155	",2022-07-01,2022-07-31,"1543218796	","3205104476766	",1.000000,100,100.000000,2232.700000,2305.830000,73.13,73.13,0.7275,73.13,-,-,-,-,-,-,-,-,-,-,-,-,-,-,-,-,-,-,-,-,-,-,47.08,6.12,-,-
鑫龙家园莲花六号小区位置点,"ZDBZD-JS-2025-002255	","JFZDPT-JS-20250211-16155	",2022-07-01,2022-07-31,"1539721710	","3205104476768	",1.000000,100,100.000000,2165.920000,2236.600000,70.68,70.68,0.7322,70.68,-,-,-,-,-,-,-,-,-,-,-,-,-,-,-,-,-,-,-,-,-,-,45.8,5.95,-,-
鑫龙家园莲花六号小区位置点,"ZDBZD-JS-2025-002255	","JFZDPT-JS-20250211-16155	",2022-07-01,2022-07-31,"1534340339	","3205104476772	",1.000000,100,100.000000,1498.720000,1546.530000,47.81,47.81,0.7316,47.81,-,-,-,-,-,-,-,-,-,-,-,-,-,-,-,-,-,-,-,-,-,-,30.96,4.02,-,-
鑫龙家园莲花六号小区位置点,"ZDBZD-JS-2025-002255	","JFZDPT-JS-20250211-16155	",2022-07-01,2022-07-31,"1542222948	","3205104476774	",1.000000,100,100.000000,2089.530000,2152.240000,62.71,62.71,0.7323,62.71,-,-,-,-,-,-,-,-,-,-,-,-,-,-,-,-,-,-,-,-,-,-,40.64,5.28,-,-
鑫龙家园莲花六号小区位置点,"ZDBZD-JS-2025-002255	","JFZDPT-JS-20250211-16155	",2022-07-01,2022-07-31,"1536674431	","3205104477226	",1.000000,100,100.000000,2431.930000,2510.100000,78.17,78.17,0.7273,78.17,-,-,-,-,-,-,-,-,-,-,-,-,-,-,-,-,-,-,-,-,-,-,50.31,6.54,-,-
鑫龙家园莲花六号小区位置点,"ZDBZD-JS-2025-002255	","JFZDPT-JS-20250211-16155	",2022-07-01,2022-07-31,"1536129515	","3205104477228	",1.000000,100,100.000000,2184.820000,2257.340000,72.52,72.52,0.7336,72.52,-,-,-,-,-,-,-,-,-,-,-,-,-,-,-,-,-,-,-,-,-,-,47.08,6.12,-,-
鑫龙家园莲花六号小区位置点,"ZDBZD-JS-2025-002255	","JFZDPT-JS-20250211-16155	",2022-07-01,2022-07-31,"1539373623	","3205104477230	",1.000000,100,100.000000,2117.150000,2179.260000,62.11,62.11,0.7276,62.11,-,-,-,-,-,-,-,-,-,-,-,-,-,-,-,-,-,-,-,-,-,-,39.99,5.2,-,-
鑫龙家园莲花六号小区位置点,"ZDBZD-JS-2025-002255	","JFZDPT-JS-20250211-16155	",2022-07-01,2022-07-31,"1543105444	","3205104477232	",1.000000,100,100.000000,1960.490000,2005.410000,44.92,44.92,0.7302,44.92,-,-,-,-,-,-,-,-,-,-,-,-,-,-,-,-,-,-,-,-,-,-,29.03,3.77,-,-
鑫龙家园莲花六号小区位置点,"ZDBZD-JS-2025-002255	","JFZDPT-JS-20250211-16155	",2022-07-01,2022-07-31,"1544951755	","3205104477235	",1.000000,100,100.000000,2191.900000,2264.590000,72.69,72.69,0.7319,72.69,-,-,-,-,-,-,-,-,-,-,-,-,-,-,-,-,-,-,-,-,-,-,47.08,6.12,-,-
鑫龙家园莲花六号小区位置点,"ZDBZD-JS-2025-002255	","JFZDPT-JS-20250211-16155	",2022-07-01,2022-07-31,"1544684094	","3205104477238	",1.000000,100,100.000000,2156.350000,2227.760000,71.41,71.41,0.7247,71.41,-,-,-,-,-,-,-,-,-,-,-,-,-,-,-,-,-,-,-,-,-,-,45.8,5.95,-,-
鑫龙家园莲花六号小区位置点,"ZDBZD-JS-2025-002255	","JFZDPT-JS-20250211-16155	",2022-07-01,2022-07-31,"1539602549	","3205104477339	",1.000000,100,100.000000,2257.840000,2332.470000,74.63,74.63,0.7324,74.63,-,-,-,-,-,-,-,-,-,-,-,-,-,-,-,-,-,-,-,-,-,-,48.37,6.29,-,-
鑫龙家园莲花六号小区位置点,"ZDBZD-JS-2025-002255	","JFZDPT-JS-20250211-16155	",2022-07-01,2022-07-31,"1546160843	","3205104477340	",1.000000,100,100.000000,2226.630000,2300.260000,73.63,73.63,0.7324,73.63,-,-,-,-,-,-,-,-,-,-,-,-,-,-,-,-,-,-,-,-,-,-,47.73,6.2,-,-
鑫龙家园莲花六号小区位置点,"ZDBZD-JS-2025-002255	","JFZDPT-JS-20250211-16155	",2022-07-01,2022-07-31,"1546168926	","3205104477341	",1.000000,100,100.000000,2559.100000,2643.870000,84.77,84.77,0.7308,84.77,-,-,-,-,-,-,-,-,-,-,-,-,-,-,-,-,-,-,-,-,-,-,54.82,7.13,-,-
鑫龙家园莲花六号小区位置点,"ZDBZD-JS-2025-002255	","JFZDPT-JS-20250211-16155	",2022-07-01,2022-07-31,"1542466276	","3205104477344	",1.000000,100,100.000000,1802.130000,1872.010000,69.88,69.88,0.7301,69.88,-,-,-,-,-,-,-,-,-,-,-,-,-,-,-,-,-,-,-,-,-,-,45.15,5.87,-,-
鑫龙家园莲花六号小区位置点,"ZDBZD-JS-2025-002255	","JFZDPT-JS-20250211-16155	",2022-07-01,2022-07-31,"1536129516	","3205104477350	",1.000000,100,100.000000,2898.570000,3003.890000,105.32,105.32,0.7266,105.32,-,-,-,-,-,-,-,-,-,-,-,-,-,-,-,-,-,-,-,-,-,-,67.73,8.8,-,-
鑫龙家园莲花六号小区位置点,"ZDBZD-JS-2025-002255	","JFZDPT-JS-20250213-14757	",2024-08-01,2024-08-31,"1534337708	","3205104313087	",1.000000,100,100.000000,3367.960000,3414.310000,46.35,46.35,0.7469,46.35,-,-,-,-,-,-,-,-,-,-,-,-,-,-,-,-,-,-,-,-,-,-,30.64,3.98,-,-
鑫龙家园莲花六号小区位置点,"ZDBZD-JS-2025-002255	","JFZDPT-JS-20250213-14757	",2024-08-01,2024-08-31,"1534339435	","3205104313426	",1.000000,100,100.000000,2467.840000,2500.770000,32.93,32.93,0.754,32.93,-,-,-,-,-,-,-,-,-,-,-,-,-,-,-,-,-,-,-,-,-,-,21.97,2.86,-,-
鑫龙家园莲花六号小区位置点,"ZDBZD-JS-2025-002255	","JFZDPT-JS-20250213-14757	",2024-08-01,2024-08-31,"1534349171	","3205104313433	",1.000000,100,100.000000,2332.810000,2365.580000,32.77,32.77,0.7577,32.77,-,-,-,-,-,-,-,-,-,-,-,-,-,-,-,-,-,-,-,-,-,-,21.97,2.86,-,-
鑫龙家园莲花六号小区位置点,"ZDBZD-JS-2025-002255	","JFZDPT-JS-20250213-14757	",2024-08-01,2024-08-31,"1554157659	","3205104313437	",1.000000,100,100.000000,2344.830000,2377.700000,32.87,32.87,0.7554,32.87,-,-,-,-,-,-,-,-,-,-,-,-,-,-,-,-,-,-,-,-,-,-,21.97,2.86,-,-
鑫龙家园莲花六号小区位置点,"ZDBZD-JS-2025-002255	","JFZDPT-JS-20250213-14757	",2024-08-01,2024-08-31,"1534339430	","3205104313446	",1.000000,100,100.000000,2269.720000,2302.550000,32.83,32.83,0.7563,32.83,-,-,-,-,-,-,-,-,-,-,-,-,-,-,-,-,-,-,-,-,-,-,21.97,2.86,-,-
鑫龙家园莲花六号小区位置点,"ZDBZD-JS-2025-002255	","JFZDPT-JS-20250213-14757	",2024-08-01,2024-08-31,"1534337522	","3205104313451	",1.000000,100,100.000000,2473.540000,2507.500000,33.96,33.96,0.7535,33.96,-,-,-,-,-,-,-,-,-,-,-,-,-,-,-,-,-,-,-,-,-,-,22.65,2.94,-,-
鑫龙家园莲花六号小区位置点,"ZDBZD-JS-2025-002255	","JFZDPT-JS-20250213-14757	",2024-08-01,2024-08-31,"1528107567	","3205104315707	",1.000000,100,100.000000,3284.550000,3330.810000,46.26,46.26,0.7484,46.26,-,-,-,-,-,-,-,-,-,-,-,-,-,-,-,-,-,-,-,-,-,-,30.64,3.98,-,-
鑫龙家园莲花六号小区位置点,"ZDBZD-JS-2025-002255	","JFZDPT-JS-20250213-14757	",2024-08-01,2024-08-31,"1556867474	","3205104315719	",1.000000,100,100.000000,790.340000,823.930000,33.59,33.59,0.7618,33.59,-,-,-,-,-,-,-,-,-,-,-,-,-,-,-,-,-,-,-,-,-,-,22.65,2.94,-,-
鑫龙家园莲花六号小区位置点,"ZDBZD-JS-2025-002255	","JFZDPT-JS-20250213-14757	",2024-08-01,2024-08-31,"1528102930	","3205104315726	",1.000000,100,100.000000,2376.980000,2409.370000,32.39,32.39,0.7434,32.39,-,-,-,-,-,-,-,-,-,-,-,-,-,-,-,-,-,-,-,-,-,-,21.31,2.77,-,-
鑫龙家园莲花六号小区位置点,"ZDBZD-JS-2025-002255	","JFZDPT-JS-20250213-14757	",2024-08-01,2024-08-31,"1559570474	","3205104353226	",1.000000,100,100.000000,3148.830000,3291.360000,142.53,142.53,0.755,142.53,-,-,-,-,-,-,-,-,-,-,-,-,-,-,-,-,-,-,-,-,-,-,95.23,12.38,-,-
鑫龙家园莲花六号小区位置点,"ZDBZD-JS-2025-002255	","JFZDPT-JS-20250213-14757	",2024-08-01,2024-08-31,"1547726877	","3205104472953	",1.000000,100,100.000000,3890.080000,3963.400000,73.32,73.32,0.7492,73.32,-,-,-,-,-,-,-,-,-,-,-,-,-,-,-,-,-,-,-,-,-,-,48.61,6.32,-,-
鑫龙家园莲花六号小区位置点,"ZDBZD-JS-2025-002255	","JFZDPT-JS-20250213-14757	",2024-08-01,2024-08-31,"1547633945	","3205104472957	",1.000000,100,100.000000,4783.670000,4883.700000,100.03,100.03,0.7523,100.03,-,-,-,-,-,-,-,-,-,-,-,-,-,-,-,-,-,-,-,-,-,-,66.59,8.66,-,-
鑫龙家园莲花六号小区位置点,"ZDBZD-JS-2025-002255	","JFZDPT-JS-20250213-14757	",2024-08-01,2024-08-31,"1547633944	","3205104472959	",1.000000,100,100.000000,3810.810000,3882.360000,71.55,71.55,0.7572,71.55,-,-,-,-,-,-,-,-,-,-,-,-,-,-,-,-,-,-,-,-,-,-,47.95,6.23,-,-
鑫龙家园莲花六号小区位置点,"ZDBZD-JS-2025-002255	","JFZDPT-JS-20250213-14757	",2024-08-01,2024-08-31,"1547633946	","3205104472963	",1.000000,100,100.000000,3693.380000,3757.670000,64.29,64.29,0.7491,64.29,-,-,-,-,-,-,-,-,-,-,-,-,-,-,-,-,-,-,-,-,-,-,42.62,5.54,-,-
鑫龙家园莲花六号小区位置点,"ZDBZD-JS-2025-002255	","JFZDPT-JS-20250213-14757	",2024-08-01,2024-08-31,"1547634578	","3205104472970	",1.000000,100,100.000000,3048.810000,3093.640000,44.83,44.83,0.7553,44.83,-,-,-,-,-,-,-,-,-,-,-,-,-,-,-,-,-,-,-,-,-,-,29.96,3.9,-,-
鑫龙家园莲花六号小区位置点,"ZDBZD-JS-2025-002255	","JFZDPT-JS-20250213-14757	",2024-08-01,2024-08-31,"1547728488	","3205104474427	",1.000000,100,100.000000,3850.130000,3922.190000,72.06,72.06,0.7519,72.06,-,-,-,-,-,-,-,-,-,-,-,-,-,-,-,-,-,-,-,-,-,-,47.95,6.23,-,-
鑫龙家园莲花六号小区位置点,"ZDBZD-JS-2025-002255	","JFZDPT-JS-20250213-14757	",2024-08-01,2024-08-31,"1547719754	","3205104474457	",1.000000,100,100.000000,9413.770000,9571.930000,158.16,158.16,0.7518,158.16,-,-,-,-,-,-,-,-,-,-,-,-,-,-,-,-,-,-,-,-,-,-,105.22,13.68,-,-
鑫龙家园莲花六号小区位置点,"ZDBZD-JS-2025-002255	","JFZDPT-JS-20250213-14757	",2024-08-01,2024-08-31,"1547728484	","3205104474463	",1.000000,100,100.000000,3192.850000,3254.660000,61.81,61.81,0.7549,61.81,-,-,-,-,-,-,-,-,-,-,-,-,-,-,-,-,-,-,-,-,-,-,41.29,5.37,-,-
鑫龙家园莲花六号小区位置点,"ZDBZD-JS-2025-002255	","JFZDPT-JS-20250213-14757	",2024-08-01,2024-08-31,"1547719759	","3205104474467	",1.000000,100,100.000000,3737.260000,3802.020000,64.76,64.76,0.7553,64.76,-,-,-,-,-,-,-,-,-,-,-,-,-,-,-,-,-,-,-,-,-,-,43.28,5.63,-,-
鑫龙家园莲花六号小区位置点,"ZDBZD-JS-2025-002255	","JFZDPT-JS-20250213-14757	",2024-08-01,2024-08-31,"1534271368	","3205104476753	",1.000000,100,100.000000,2890.970000,2890.970000,0,0,0.7961,0,-,-,-,-,-,-,-,-,-,-,-,-,-,-,-,-,-,-,-,-,-,-,0,0,-,-
鑫龙家园莲花六号小区位置点,"ZDBZD-JS-2025-002255	","JFZDPT-JS-20250213-14757	",2024-08-01,2024-08-31,"1542462053	","3205104476756	",1.000000,100,100.000000,3235.220000,3290.900000,55.68,55.68,0.7568,55.68,-,-,-,-,-,-,-,-,-,-,-,-,-,-,-,-,-,-,-,-,-,-,37.29,4.85,-,-
鑫龙家园莲花六号小区位置点,"ZDBZD-JS-2025-002255	","JFZDPT-JS-20250213-14757	",2024-08-01,2024-08-31,"1534365028	","3205104476757	",1.000000,100,100.000000,3699.000000,3758.960000,59.96,59.96,0.753,59.96,-,-,-,-,-,-,-,-,-,-,-,-,-,-,-,-,-,-,-,-,-,-,39.96,5.19,-,-
鑫龙家园莲花六号小区位置点,"ZDBZD-JS-2025-002255	","JFZDPT-JS-20250213-14757	",2024-08-01,2024-08-31,"1535669055	","3205104476759	",1.000000,100,100.000000,4837.650000,4840.510000,2.86,2.86,0.7902,2.86,-,-,-,-,-,-,-,-,-,-,-,-,-,-,-,-,-,-,-,-,-,-,2,0.26,-,-
鑫龙家园莲花六号小区位置点,"ZDBZD-JS-2025-002255	","JFZDPT-JS-20250213-14757	",2024-08-01,2024-08-31,"1535960714	","3205104476763	",1.000000,100,100.000000,8127.420000,8262.610000,135.19,135.19,0.7515,135.19,-,-,-,-,-,-,-,-,-,-,-,-,-,-,-,-,-,-,-,-,-,-,89.91,11.69,-,-
鑫龙家园莲花六号小区位置点,"ZDBZD-JS-2025-002255	","JFZDPT-JS-20250213-14757	",2024-08-01,2024-08-31,"1543218796	","3205104476766	",1.000000,100,100.000000,4013.060000,4085.700000,72.64,72.64,0.7562,72.64,-,-,-,-,-,-,-,-,-,-,-,-,-,-,-,-,-,-,-,-,-,-,48.61,6.32,-,-
鑫龙家园莲花六号小区位置点,"ZDBZD-JS-2025-002255	","JFZDPT-JS-20250213-14757	",2024-08-01,2024-08-31,"1539721710	","3205104476768	",1.000000,100,100.000000,3883.310000,3953.680000,70.37,70.37,0.7486,70.37,-,-,-,-,-,-,-,-,-,-,-,-,-,-,-,-,-,-,-,-,-,-,46.62,6.06,-,-
鑫龙家园莲花六号小区位置点,"ZDBZD-JS-2025-002255	","JFZDPT-JS-20250213-14757	",2024-08-01,2024-08-31,"1534340339	","3205104476772	",1.000000,100,100.000000,3057.420000,3129.540000,72.12,72.12,0.7512,72.12,-,-,-,-,-,-,-,-,-,-,-,-,-,-,-,-,-,-,-,-,-,-,47.95,6.23,-,-
鑫龙家园莲花六号小区位置点,"ZDBZD-JS-2025-002255	","JFZDPT-JS-20250213-14757	",2024-08-01,2024-08-31,"1542222948	","3205104476774	",1.000000,100,100.000000,3609.620000,3668.390000,58.77,58.77,0.7555,58.77,-,-,-,-,-,-,-,-,-,-,-,-,-,-,-,-,-,-,-,-,-,-,39.29,5.11,-,-
鑫龙家园莲花六号小区位置点,"ZDBZD-JS-2025-002255	","JFZDPT-JS-20250213-14757	",2024-08-01,2024-08-31,"1536674431	","3205104477226	",1.000000,100,100.000000,4548.480000,4651.380000,102.9,102.9,0.7533,102.9,-,-,-,-,-,-,-,-,-,-,-,-,-,-,-,-,-,-,-,-,-,-,68.59,8.92,-,-
鑫龙家园莲花六号小区位置点,"ZDBZD-JS-2025-002255	","JFZDPT-JS-20250213-14757	",2024-08-01,2024-08-31,"1536129515	","3205104477228	",1.000000,100,100.000000,3938.580000,4000.980000,62.4,62.4,0.7478,62.4,-,-,-,-,-,-,-,-,-,-,-,-,-,-,-,-,-,-,-,-,-,-,41.29,5.37,-,-
鑫龙家园莲花六号小区位置点,"ZDBZD-JS-2025-002255	","JFZDPT-JS-20250213-14757	",2024-08-01,2024-08-31,"1539373623	","3205104477230	",1.000000,100,100.000000,3682.670000,3741.800000,59.13,59.13,0.7509,59.13,-,-,-,-,-,-,-,-,-,-,-,-,-,-,-,-,-,-,-,-,-,-,39.29,5.11,-,-
鑫龙家园莲花六号小区位置点,"ZDBZD-JS-2025-002255	","JFZDPT-JS-20250213-14757	",2024-08-01,2024-08-31,"1543105444	","3205104477232	",1.000000,100,100.000000,3060.260000,3100.800000,40.54,40.54,0.761,40.54,-,-,-,-,-,-,-,-,-,-,-,-,-,-,-,-,-,-,-,-,-,-,27.3,3.55,-,-
鑫龙家园莲花六号小区位置点,"ZDBZD-JS-2025-002255	","JFZDPT-JS-20250213-14757	",2024-08-01,2024-08-31,"1544951755	","3205104477235	",1.000000,100,100.000000,3957.590000,4020.170000,62.58,62.58,0.7576,62.58,-,-,-,-,-,-,-,-,-,-,-,-,-,-,-,-,-,-,-,-,-,-,41.96,5.45,-,-
鑫龙家园莲花六号小区位置点,"ZDBZD-JS-2025-002255	","JFZDPT-JS-20250213-14757	",2024-08-01,2024-08-31,"1544684094	","3205104477238	",1.000000,100,100.000000,3093.340000,3093.340000,0,0,0.7961,0,-,-,-,-,-,-,-,-,-,-,-,-,-,-,-,-,-,-,-,-,-,-,0,0,-,-
鑫龙家园莲花六号小区位置点,"ZDBZD-JS-2025-002255	","JFZDPT-JS-20250213-14757	",2024-08-01,2024-08-31,"1539602549	","3205104477339	",1.000000,100,100.000000,3194.890000,3266.360000,71.47,71.47,0.7476,71.47,-,-,-,-,-,-,-,-,-,-,-,-,-,-,-,-,-,-,-,-,-,-,47.28,6.15,-,-
鑫龙家园莲花六号小区位置点,"ZDBZD-JS-2025-002255	","JFZDPT-JS-20250213-14757	",2024-08-01,2024-08-31,"1546160843	","3205104477340	",1.000000,100,100.000000,3959.880000,4032.260000,72.38,72.38,0.7485,72.38,-,-,-,-,-,-,-,-,-,-,-,-,-,-,-,-,-,-,-,-,-,-,47.95,6.23,-,-
鑫龙家园莲花六号小区位置点,"ZDBZD-JS-2025-002255	","JFZDPT-JS-20250213-14757	",2024-08-01,2024-08-31,"1546168926	","3205104477341	",1.000000,100,100.000000,4518.470000,4593.050000,74.58,74.58,0.7568,74.58,-,-,-,-,-,-,-,-,-,-,-,-,-,-,-,-,-,-,-,-,-,-,49.95,6.49,-,-
鑫龙家园莲花六号小区位置点,"ZDBZD-JS-2025-002255	","JFZDPT-JS-20250213-14757	",2024-08-01,2024-08-31,"1542466276	","3205104477344	",1.000000,100,100.000000,3495.270000,3564.260000,68.99,68.99,0.7526,68.99,-,-,-,-,-,-,-,-,-,-,-,-,-,-,-,-,-,-,-,-,-,-,45.95,5.97,-,-
鑫龙家园莲花六号小区位置点,"ZDBZD-JS-2025-002255	","JFZDPT-JS-20250213-14757	",2024-08-01,2024-08-31,"1536129516	","3205104477350	",1.000000,100,100.000000,4823.560000,4930.960000,107.4,107.4,0.7497,107.4,-,-,-,-,-,-,-,-,-,-,-,-,-,-,-,-,-,-,-,-,-,-,71.26,9.26,-,-
鑫龙家园莲花六号小区位置点,"ZDBZD-JS-2025-002255	","JFZDPT-JS-20250213-13546	",2024-05-01,2024-05-31,"1534337708	","3205104313087	",1.000000,100,100.000000,3230.810000,3277.290000,46.48,46.48,0.7526,46.48,-,-,-,-,-,-,-,-,-,-,-,-,-,-,-,-,-,-,-,-,-,-,30.96,4.02,-,-
鑫龙家园莲花六号小区位置点,"ZDBZD-JS-2025-002255	","JFZDPT-JS-20250213-13546	",2024-05-01,2024-05-31,"1534339435	","3205104313426	",1.000000,100,100.000000,2348.340000,2402.910000,54.57,54.57,0.7664,54.57,-,-,-,-,-,-,-,-,-,-,-,-,-,-,-,-,-,-,-,-,-,-,37.01,4.81,-,-
鑫龙家园莲花六号小区位置点,"ZDBZD-JS-2025-002255	","JFZDPT-JS-20250213-13546	",2024-05-01,2024-05-31,"1534349171	","3205104313433	",1.000000,100,100.000000,2235.200000,2268.180000,32.98,32.98,0.7608,32.98,-,-,-,-,-,-,-,-,-,-,-,-,-,-,-,-,-,-,-,-,-,-,22.2,2.89,-,-
鑫龙家园莲花六号小区位置点,"ZDBZD-JS-2025-002255	","JFZDPT-JS-20250213-13546	",2024-05-01,2024-05-31,"1554157659	","3205104313437	",1.000000,100,100.000000,2247.310000,2280.400000,33.09,33.09,0.7582,33.09,-,-,-,-,-,-,-,-,-,-,-,-,-,-,-,-,-,-,-,-,-,-,22.2,2.89,-,-
鑫龙家园莲花六号小区位置点,"ZDBZD-JS-2025-002255	","JFZDPT-JS-20250213-13546	",2024-05-01,2024-05-31,"1534339430	","3205104313446	",1.000000,100,100.000000,2171.990000,2204.970000,32.98,32.98,0.7608,32.98,-,-,-,-,-,-,-,-,-,-,-,-,-,-,-,-,-,-,-,-,-,-,22.2,2.89,-,-
鑫龙家园莲花六号小区位置点,"ZDBZD-JS-2025-002255	","JFZDPT-JS-20250213-13546	",2024-05-01,2024-05-31,"1534337522	","3205104313451	",1.000000,100,100.000000,2372.860000,2406.920000,34.06,34.06,0.759,34.06,-,-,-,-,-,-,-,-,-,-,-,-,-,-,-,-,-,-,-,-,-,-,22.88,2.97,-,-
鑫龙家园莲花六号小区位置点,"ZDBZD-JS-2025-002255	","JFZDPT-JS-20250213-13546	",2024-05-01,2024-05-31,"1528107567	","3205104315707	",1.000000,100,100.000000,3147.180000,3193.520000,46.34,46.34,0.7549,46.34,-,-,-,-,-,-,-,-,-,-,-,-,-,-,-,-,-,-,-,-,-,-,30.96,4.02,-,-
鑫龙家园莲花六号小区位置点,"ZDBZD-JS-2025-002255	","JFZDPT-JS-20250213-13546	",2024-05-01,2024-05-31,"1556867474	","3205104315719	",1.000000,100,100.000000,691.190000,724.510000,33.32,33.32,0.753,33.32,-,-,-,-,-,-,-,-,-,-,-,-,-,-,-,-,-,-,-,-,-,-,22.2,2.89,-,-
鑫龙家园莲花六号小区位置点,"ZDBZD-JS-2025-002255	","JFZDPT-JS-20250213-13546	",2024-05-01,2024-05-31,"1528102930	","3205104315726	",1.000000,100,100.000000,2279.910000,2312.880000,32.97,32.97,0.761,32.97,-,-,-,-,-,-,-,-,-,-,-,-,-,-,-,-,-,-,-,-,-,-,22.2,2.89,-,-
鑫龙家园莲花六号小区位置点,"ZDBZD-JS-2025-002255	","JFZDPT-JS-20250213-13546	",2024-05-01,2024-05-31,"1559570474	","3205104353226	",1.000000,100,100.000000,2725.240000,2870.510000,145.27,145.27,0.759,145.27,-,-,-,-,-,-,-,-,-,-,-,-,-,-,-,-,-,-,-,-,-,-,97.58,12.68,-,-
鑫龙家园莲花六号小区位置点,"ZDBZD-JS-2025-002255	","JFZDPT-JS-20250213-13546	",2024-05-01,2024-05-31,"1547726877	","3205104472953	",1.000000,100,100.000000,3673.130000,3746.070000,72.94,72.94,0.761,72.94,-,-,-,-,-,-,-,-,-,-,-,-,-,-,-,-,-,-,-,-,-,-,49.12,6.39,-,-
鑫龙家园莲花六号小区位置点,"ZDBZD-JS-2025-002255	","JFZDPT-JS-20250213-13546	",2024-05-01,2024-05-31,"1547633945	","3205104472957	",1.000000,100,100.000000,4487.850000,4587.250000,99.4,99.4,0.7573,99.4,-,-,-,-,-,-,-,-,-,-,-,-,-,-,-,-,-,-,-,-,-,-,66.62,8.66,-,-
鑫龙家园莲花六号小区位置点,"ZDBZD-JS-2025-002255	","JFZDPT-JS-20250213-13546	",2024-05-01,2024-05-31,"1547633944	","3205104472959	",1.000000,100,100.000000,3599.730000,3670.640000,70.91,70.91,0.7614,70.91,-,-,-,-,-,-,-,-,-,-,-,-,-,-,-,-,-,-,-,-,-,-,47.78,6.21,-,-
鑫龙家园莲花六号小区位置点,"ZDBZD-JS-2025-002255	","JFZDPT-JS-20250213-13546	",2024-05-01,2024-05-31,"1547633946	","3205104472963	",1.000000,100,100.000000,3488.480000,3562.190000,73.71,73.71,0.7634,73.71,-,-,-,-,-,-,-,-,-,-,-,-,-,-,-,-,-,-,-,-,-,-,49.8,6.47,-,-
鑫龙家园莲花六号小区位置点,"ZDBZD-JS-2025-002255	","JFZDPT-JS-20250213-13546	",2024-05-01,2024-05-31,"1547634578	","3205104472970	",1.000000,100,100.000000,2899.690000,2953.040000,53.35,53.35,0.7554,53.35,-,-,-,-,-,-,-,-,-,-,-,-,-,-,-,-,-,-,-,-,-,-,35.66,4.64,-,-
鑫龙家园莲花六号小区位置点,"ZDBZD-JS-2025-002255	","JFZDPT-JS-20250213-13546	",2024-05-01,2024-05-31,"1547728488	","3205104474427	",1.000000,100,100.000000,3636.880000,3708.660000,71.78,71.78,0.7627,71.78,-,-,-,-,-,-,-,-,-,-,-,-,-,-,-,-,-,-,-,-,-,-,48.45,6.3,-,-
鑫龙家园莲花六号小区位置点,"ZDBZD-JS-2025-002255	","JFZDPT-JS-20250213-13546	",2024-05-01,2024-05-31,"1547719754	","3205104474457	",1.000000,100,100.000000,8941.800000,9102.260000,160.46,160.46,0.7582,160.46,-,-,-,-,-,-,-,-,-,-,-,-,-,-,-,-,-,-,-,-,-,-,107.66,14,-,-
鑫龙家园莲花六号小区位置点,"ZDBZD-JS-2025-002255	","JFZDPT-JS-20250213-13546	",2024-05-01,2024-05-31,"1547728484	","3205104474463	",1.000000,100,100.000000,2995.590000,3066.640000,71.05,71.05,0.7599,71.05,-,-,-,-,-,-,-,-,-,-,-,-,-,-,-,-,-,-,-,-,-,-,47.78,6.21,-,-
鑫龙家园莲花六号小区位置点,"ZDBZD-JS-2025-002255	","JFZDPT-JS-20250213-13546	",2024-05-01,2024-05-31,"1547719759	","3205104474467	",1.000000,100,100.000000,3530.780000,3605.140000,74.36,74.36,0.7567,74.36,-,-,-,-,-,-,-,-,-,-,-,-,-,-,-,-,-,-,-,-,-,-,49.8,6.47,-,-
鑫龙家园莲花六号小区位置点,"ZDBZD-JS-2025-002255	","JFZDPT-JS-20250213-13546	",2024-05-01,2024-05-31,"1534271368	","3205104476753	",1.000000,100,100.000000,2890.970000,2890.970000,0,0,0.7961,0,-,-,-,-,-,-,-,-,-,-,-,-,-,-,-,-,-,-,-,-,-,-,0,0,-,-
鑫龙家园莲花六号小区位置点,"ZDBZD-JS-2025-002255	","JFZDPT-JS-20250213-13546	",2024-05-01,2024-05-31,"1542462053	","3205104476756	",1.000000,100,100.000000,3070.380000,3125.890000,55.51,55.51,0.7671,55.51,-,-,-,-,-,-,-,-,-,-,-,-,-,-,-,-,-,-,-,-,-,-,37.68,4.9,-,-
鑫龙家园莲花六号小区位置点,"ZDBZD-JS-2025-002255	","JFZDPT-JS-20250213-13546	",2024-05-01,2024-05-31,"1534365028	","3205104476757	",1.000000,100,100.000000,3521.650000,3581.270000,59.62,59.62,0.7652,59.62,-,-,-,-,-,-,-,-,-,-,-,-,-,-,-,-,-,-,-,-,-,-,40.37,5.25,-,-
鑫龙家园莲花六号小区位置点,"ZDBZD-JS-2025-002255	","JFZDPT-JS-20250213-13546	",2024-05-01,2024-05-31,"1535669055	","3205104476759	",1.000000,100,100.000000,4829.180000,4832.040000,2.86,2.86,0.76,2.86,-,-,-,-,-,-,-,-,-,-,-,-,-,-,-,-,-,-,-,-,-,-,1.92,0.25,-,-
鑫龙家园莲花六号小区位置点,"ZDBZD-JS-2025-002255	","JFZDPT-JS-20250213-13546	",2024-05-01,2024-05-31,"1535960714	","3205104476763	",1.000000,100,100.000000,7705.270000,7861.920000,156.65,156.65,0.7621,156.65,-,-,-,-,-,-,-,-,-,-,-,-,-,-,-,-,-,-,-,-,-,-,105.65,13.73,-,-
鑫龙家园莲花六号小区位置点,"ZDBZD-JS-2025-002255	","JFZDPT-JS-20250213-13546	",2024-05-01,2024-05-31,"1543218796	","3205104476766	",1.000000,100,100.000000,3798.260000,3870.470000,72.21,72.21,0.7582,72.21,-,-,-,-,-,-,-,-,-,-,-,-,-,-,-,-,-,-,-,-,-,-,48.45,6.3,-,-
鑫龙家园莲花六号小区位置点,"ZDBZD-JS-2025-002255	","JFZDPT-JS-20250213-13546	",2024-05-01,2024-05-31,"1539721710	","3205104476768	",1.000000,100,100.000000,3675.320000,3745.160000,69.84,69.84,0.7622,69.84,-,-,-,-,-,-,-,-,-,-,-,-,-,-,-,-,-,-,-,-,-,-,47.11,6.12,-,-
鑫龙家园莲花六号小区位置点,"ZDBZD-JS-2025-002255	","JFZDPT-JS-20250213-13546	",2024-05-01,2024-05-31,"1534340339	","3205104476772	",1.000000,100,100.000000,2844.260000,2915.870000,71.61,71.61,0.7646,71.61,-,-,-,-,-,-,-,-,-,-,-,-,-,-,-,-,-,-,-,-,-,-,48.45,6.3,-,-
鑫龙家园莲花六号小区位置点,"ZDBZD-JS-2025-002255	","JFZDPT-JS-20250213-13546	",2024-05-01,2024-05-31,"1542222948	","3205104476774	",1.000000,100,100.000000,3435.870000,3494.240000,58.37,58.37,0.7555,58.37,-,-,-,-,-,-,-,-,-,-,-,-,-,-,-,-,-,-,-,-,-,-,39.03,5.07,-,-
鑫龙家园莲花六号小区位置点,"ZDBZD-JS-2025-002255	","JFZDPT-JS-20250213-13546	",2024-05-01,2024-05-31,"1536674431	","3205104477226	",1.000000,100,100.000000,4244.830000,4346.680000,101.85,101.85,0.7615,101.85,-,-,-,-,-,-,-,-,-,-,-,-,-,-,-,-,-,-,-,-,-,-,68.64,8.92,-,-
鑫龙家园莲花六号小区位置点,"ZDBZD-JS-2025-002255	","JFZDPT-JS-20250213-13546	",2024-05-01,2024-05-31,"1536129515	","3205104477228	",1.000000,100,100.000000,3739.240000,3811.000000,71.76,71.76,0.763,71.76,-,-,-,-,-,-,-,-,-,-,-,-,-,-,-,-,-,-,-,-,-,-,48.45,6.3,-,-
鑫龙家园莲花六号小区位置点,"ZDBZD-JS-2025-002255	","JFZDPT-JS-20250213-13546	",2024-05-01,2024-05-31,"1539373623	","3205104477230	",1.000000,100,100.000000,3507.890000,3566.660000,58.77,58.77,0.7633,58.77,-,-,-,-,-,-,-,-,-,-,-,-,-,-,-,-,-,-,-,-,-,-,39.7,5.16,-,-
鑫龙家园莲花六号小区位置点,"ZDBZD-JS-2025-002255	","JFZDPT-JS-20250213-13546	",2024-05-01,2024-05-31,"1543105444	","3205104477232	",1.000000,100,100.000000,2933.410000,2978.340000,44.93,44.93,0.7616,44.93,-,-,-,-,-,-,-,-,-,-,-,-,-,-,-,-,-,-,-,-,-,-,30.28,3.94,-,-
鑫龙家园莲花六号小区位置点,"ZDBZD-JS-2025-002255	","JFZDPT-JS-20250213-13546	",2024-05-01,2024-05-31,"1544951755	","3205104477235	",1.000000,100,100.000000,3757.500000,3829.720000,72.22,72.22,0.7581,72.22,-,-,-,-,-,-,-,-,-,-,-,-,-,-,-,-,-,-,-,-,-,-,48.45,6.3,-,-
鑫龙家园莲花六号小区位置点,"ZDBZD-JS-2025-002255	","JFZDPT-JS-20250213-13546	",2024-05-01,2024-05-31,"1544684094	","3205104477238	",1.000000,100,100.000000,3093.340000,3093.340000,0,0,0.7961,0,-,-,-,-,-,-,-,-,-,-,-,-,-,-,-,-,-,-,-,-,-,-,0,0,-,-
鑫龙家园莲花六号小区位置点,"ZDBZD-JS-2025-002255	","JFZDPT-JS-20250213-13546	",2024-05-01,2024-05-31,"1539602549	","3205104477339	",1.000000,100,100.000000,3152.610000,3155.330000,2.72,2.72,0.76,2.72,-,-,-,-,-,-,-,-,-,-,-,-,-,-,-,-,-,-,-,-,-,-,1.83,0.24,-,-
鑫龙家园莲花六号小区位置点,"ZDBZD-JS-2025-002255	","JFZDPT-JS-20250213-13546	",2024-05-01,2024-05-31,"1546160843	","3205104477340	",1.000000,100,100.000000,3745.960000,3817.820000,71.86,71.86,0.7619,71.86,-,-,-,-,-,-,-,-,-,-,-,-,-,-,-,-,-,-,-,-,-,-,48.45,6.3,-,-
鑫龙家园莲花六号小区位置点,"ZDBZD-JS-2025-002255	","JFZDPT-JS-20250213-13546	",2024-05-01,2024-05-31,"1546168926	","3205104477341	",1.000000,100,100.000000,4298.230000,4372.130000,73.9,73.9,0.7614,73.9,-,-,-,-,-,-,-,-,-,-,-,-,-,-,-,-,-,-,-,-,-,-,49.8,6.47,-,-
鑫龙家园莲花六号小区位置点,"ZDBZD-JS-2025-002255	","JFZDPT-JS-20250213-13546	",2024-05-01,2024-05-31,"1542466276	","3205104477344	",1.000000,100,100.000000,3290.980000,3359.730000,68.75,68.75,0.7632,68.75,-,-,-,-,-,-,-,-,-,-,-,-,-,-,-,-,-,-,-,-,-,-,46.43,6.04,-,-
鑫龙家园莲花六号小区位置点,"ZDBZD-JS-2025-002255	","JFZDPT-JS-20250213-13546	",2024-05-01,2024-05-31,"1536129516	","3205104477350	",1.000000,100,100.000000,4506.130000,4612.800000,106.67,106.67,0.7627,106.67,-,-,-,-,-,-,-,-,-,-,-,-,-,-,-,-,-,-,-,-,-,-,72,9.36,-,-
鑫龙家园莲花六号小区位置点,"ZDBZD-JS-2025-002255	","JFZDPT-JS-20250213-11521	",2024-02-01,2024-02-29,"1534337708	","3205104313087	",1.000000,100,100.000000,3097.570000,3139.070000,41.5,41.5,0.7614,41.5,-,-,-,-,-,-,-,-,-,-,-,-,-,-,-,-,-,-,-,-,-,-,27.96,3.64,-,-
鑫龙家园莲花六号小区位置点,"ZDBZD-JS-2025-002255	","JFZDPT-JS-20250213-11521	",2024-02-01,2024-02-29,"1534339435	","3205104313426	",1.000000,100,100.000000,2164.430000,2194.160000,29.73,29.73,0.7592,29.73,-,-,-,-,-,-,-,-,-,-,-,-,-,-,-,-,-,-,-,-,-,-,19.97,2.6,-,-
鑫龙家园莲花六号小区位置点,"ZDBZD-JS-2025-002255	","JFZDPT-JS-20250213-11521	",2024-02-01,2024-02-29,"1534349171	","3205104313433	",1.000000,100,100.000000,2142.160000,2170.540000,28.38,28.38,0.7424,28.38,-,-,-,-,-,-,-,-,-,-,-,-,-,-,-,-,-,-,-,-,-,-,18.65,2.42,-,-
鑫龙家园莲花六号小区位置点,"ZDBZD-JS-2025-002255	","JFZDPT-JS-20250213-11521	",2024-02-01,2024-02-29,"1554157659	","3205104313437	",1.000000,100,100.000000,2154.710000,2182.920000,28.21,28.21,0.7469,28.21,-,-,-,-,-,-,-,-,-,-,-,-,-,-,-,-,-,-,-,-,-,-,18.65,2.42,-,-
鑫龙家园莲花六号小区位置点,"ZDBZD-JS-2025-002255	","JFZDPT-JS-20250213-11521	",2024-02-01,2024-02-29,"1534339430	","3205104313446	",1.000000,100,100.000000,2076.410000,2107.010000,30.6,30.6,0.7621,30.6,-,-,-,-,-,-,-,-,-,-,-,-,-,-,-,-,-,-,-,-,-,-,20.64,2.68,-,-
鑫龙家园莲花六号小区位置点,"ZDBZD-JS-2025-002255	","JFZDPT-JS-20250213-11521	",2024-02-01,2024-02-29,"1534337522	","3205104313451	",1.000000,100,100.000000,2277.470000,2306.710000,29.24,29.24,0.7462,29.24,-,-,-,-,-,-,-,-,-,-,-,-,-,-,-,-,-,-,-,-,-,-,19.31,2.51,-,-
鑫龙家园莲花六号小区位置点,"ZDBZD-JS-2025-002255	","JFZDPT-JS-20250213-11521	",2024-02-01,2024-02-29,"1528107567	","3205104315707	",1.000000,100,100.000000,3015.060000,3056.430000,41.37,41.37,0.7457,41.37,-,-,-,-,-,-,-,-,-,-,-,-,-,-,-,-,-,-,-,-,-,-,27.3,3.55,-,-
鑫龙家园莲花六号小区位置点,"ZDBZD-JS-2025-002255	","JFZDPT-JS-20250213-11521	",2024-02-01,2024-02-29,"1556867474	","3205104315719	",1.000000,100,100.000000,594.780000,625.760000,30.98,30.98,0.7527,30.98,-,-,-,-,-,-,-,-,-,-,-,-,-,-,-,-,-,-,-,-,-,-,20.64,2.68,-,-
鑫龙家园莲花六号小区位置点,"ZDBZD-JS-2025-002255	","JFZDPT-JS-20250213-11521	",2024-02-01,2024-02-29,"1528102930	","3205104315726	",1.000000,100,100.000000,2187.820000,2215.740000,27.92,27.92,0.7547,27.92,-,-,-,-,-,-,-,-,-,-,-,-,-,-,-,-,-,-,-,-,-,-,18.65,2.42,-,-
鑫龙家园莲花六号小区位置点,"ZDBZD-JS-2025-002255	","JFZDPT-JS-20250213-11521	",2024-02-01,2024-02-29,"1559570474	","3205104353226	",1.000000,100,100.000000,2310.190000,2442.440000,132.25,132.25,0.7509,132.25,-,-,-,-,-,-,-,-,-,-,-,-,-,-,-,-,-,-,-,-,-,-,87.88,11.43,-,-
鑫龙家园莲花六号小区位置点,"ZDBZD-JS-2025-002255	","JFZDPT-JS-20250213-11521	",2024-02-01,2024-02-29,"1547726877	","3205104472953	",1.000000,100,100.000000,3461.860000,3529.830000,67.97,67.97,0.7527,67.97,-,-,-,-,-,-,-,-,-,-,-,-,-,-,-,-,-,-,-,-,-,-,45.27,5.89,-,-
鑫龙家园莲花六号小区位置点,"ZDBZD-JS-2025-002255	","JFZDPT-JS-20250213-11521	",2024-02-01,2024-02-29,"1547633945	","3205104472957	",1.000000,100,100.000000,4200.260000,4292.740000,92.48,92.48,0.7485,92.48,-,-,-,-,-,-,-,-,-,-,-,-,-,-,-,-,-,-,-,-,-,-,61.26,7.96,-,-
鑫龙家园莲花六号小区位置点,"ZDBZD-JS-2025-002255	","JFZDPT-JS-20250213-11521	",2024-02-01,2024-02-29,"1547633944	","3205104472959	",1.000000,100,100.000000,3394.600000,3460.570000,65.97,65.97,0.7528,65.97,-,-,-,-,-,-,-,-,-,-,-,-,-,-,-,-,-,-,-,-,-,-,43.95,5.71,-,-
鑫龙家园莲花六号小区位置点,"ZDBZD-JS-2025-002255	","JFZDPT-JS-20250213-11521	",2024-02-01,2024-02-29,"1547633946	","3205104472963	",1.000000,100,100.000000,3274.740000,3343.550000,68.81,68.81,0.7544,68.81,-,-,-,-,-,-,-,-,-,-,-,-,-,-,-,-,-,-,-,-,-,-,45.94,5.97,-,-
鑫龙家园莲花六号小区位置点,"ZDBZD-JS-2025-002255	","JFZDPT-JS-20250213-11521	",2024-02-01,2024-02-29,"1547634578	","3205104472970	",1.000000,100,100.000000,2745.660000,2795.110000,49.45,49.45,0.7456,49.45,-,-,-,-,-,-,-,-,-,-,-,-,-,-,-,-,-,-,-,-,-,-,32.63,4.24,-,-
鑫龙家园莲花六号小区位置点,"ZDBZD-JS-2025-002255	","JFZDPT-JS-20250213-11521	",2024-02-01,2024-02-29,"1547728488	","3205104474427	",1.000000,100,100.000000,3428.120000,3495.460000,67.34,67.34,0.7486,67.34,-,-,-,-,-,-,-,-,-,-,-,-,-,-,-,-,-,-,-,-,-,-,44.61,5.8,-,-
鑫龙家园莲花六号小区位置点,"ZDBZD-JS-2025-002255	","JFZDPT-JS-20250213-11521	",2024-02-01,2024-02-29,"1547719754	","3205104474457	",1.000000,100,100.000000,8463.080000,8622.610000,159.53,159.53,0.7546,159.53,-,-,-,-,-,-,-,-,-,-,-,-,-,-,-,-,-,-,-,-,-,-,106.53,13.85,-,-
鑫龙家园莲花六号小区位置点,"ZDBZD-JS-2025-002255	","JFZDPT-JS-20250213-11521	",2024-02-01,2024-02-29,"1547728484	","3205104474463	",1.000000,100,100.000000,2789.690000,2856.010000,66.32,66.32,0.7488,66.32,-,-,-,-,-,-,-,-,-,-,-,-,-,-,-,-,-,-,-,-,-,-,43.95,5.71,-,-
鑫龙家园莲花六号小区位置点,"ZDBZD-JS-2025-002255	","JFZDPT-JS-20250213-11521	",2024-02-01,2024-02-29,"1547719759	","3205104474467	",1.000000,100,100.000000,3315.140000,3384.620000,69.48,69.48,0.7471,69.48,-,-,-,-,-,-,-,-,-,-,-,-,-,-,-,-,-,-,-,-,-,-,45.94,5.97,-,-
鑫龙家园莲花六号小区位置点,"ZDBZD-JS-2025-002255	","JFZDPT-JS-20250213-11521	",2024-02-01,2024-02-29,"1534271368	","3205104476753	",1.000000,100,100.000000,2890.970000,2890.970000,0,0,0.7961,0,-,-,-,-,-,-,-,-,-,-,-,-,-,-,-,-,-,-,-,-,-,-,0,0,-,-
鑫龙家园莲花六号小区位置点,"ZDBZD-JS-2025-002255	","JFZDPT-JS-20250213-11521	",2024-02-01,2024-02-29,"1542462053	","3205104476756	",1.000000,100,100.000000,2908.770000,2960.940000,52.17,52.17,0.7499,52.17,-,-,-,-,-,-,-,-,-,-,-,-,-,-,-,-,-,-,-,-,-,-,34.62,4.5,-,-
鑫龙家园莲花六号小区位置点,"ZDBZD-JS-2025-002255	","JFZDPT-JS-20250213-11521	",2024-02-01,2024-02-29,"1534365028	","3205104476757	",1.000000,100,100.000000,3329.380000,3395.960000,66.58,66.58,0.7571,66.58,-,-,-,-,-,-,-,-,-,-,-,-,-,-,-,-,-,-,-,-,-,-,44.61,5.8,-,-
鑫龙家园莲花六号小区位置点,"ZDBZD-JS-2025-002255	","JFZDPT-JS-20250213-11521	",2024-02-01,2024-02-29,"1535669055	","3205104476759	",1.000000,100,100.000000,4648.230000,4738.770000,90.54,90.54,0.7561,90.54,-,-,-,-,-,-,-,-,-,-,-,-,-,-,-,-,-,-,-,-,-,-,60.58,7.88,-,-
鑫龙家园莲花六号小区位置点,"ZDBZD-JS-2025-002255	","JFZDPT-JS-20250213-11521	",2024-02-01,2024-02-29,"1535960714	","3205104476763	",1.000000,100,100.000000,7222.060000,7348.970000,126.91,126.91,0.7529,126.91,-,-,-,-,-,-,-,-,-,-,-,-,-,-,-,-,-,-,-,-,-,-,84.56,10.99,-,-
鑫龙家园莲花六号小区位置点,"ZDBZD-JS-2025-002255	","JFZDPT-JS-20250213-11521	",2024-02-01,2024-02-29,"1543218796	","3205104476766	",1.000000,100,100.000000,3588.600000,3656.230000,67.63,67.63,0.7565,67.63,-,-,-,-,-,-,-,-,-,-,-,-,-,-,-,-,-,-,-,-,-,-,45.27,5.89,-,-
鑫龙家园莲花六号小区位置点,"ZDBZD-JS-2025-002255	","JFZDPT-JS-20250213-11521	",2024-02-01,2024-02-29,"1539721710	","3205104476768	",1.000000,100,100.000000,3473.130000,3538.250000,65.12,65.12,0.7509,65.12,-,-,-,-,-,-,-,-,-,-,-,-,-,-,-,-,-,-,-,-,-,-,43.27,5.63,-,-
鑫龙家园莲花六号小区位置点,"ZDBZD-JS-2025-002255	","JFZDPT-JS-20250213-11521	",2024-02-01,2024-02-29,"1534340339	","3205104476772	",1.000000,100,100.000000,2637.040000,2703.740000,66.7,66.7,0.7558,66.7,-,-,-,-,-,-,-,-,-,-,-,-,-,-,-,-,-,-,-,-,-,-,44.61,5.8,-,-
鑫龙家园莲花六号小区位置点,"ZDBZD-JS-2025-002255	","JFZDPT-JS-20250213-11521	",2024-02-01,2024-02-29,"1542222948	","3205104476774	",1.000000,100,100.000000,3248.520000,3313.580000,65.06,65.06,0.7516,65.06,-,-,-,-,-,-,-,-,-,-,-,-,-,-,-,-,-,-,-,-,-,-,43.27,5.63,-,-
鑫龙家园莲花六号小区位置点,"ZDBZD-JS-2025-002255	","JFZDPT-JS-20250213-11521	",2024-02-01,2024-02-29,"1536674431	","3205104477226	",1.000000,100,100.000000,3950.710000,4045.290000,94.58,94.58,0.7557,94.58,-,-,-,-,-,-,-,-,-,-,-,-,-,-,-,-,-,-,-,-,-,-,63.25,8.22,-,-
鑫龙家园莲花六号小区位置点,"ZDBZD-JS-2025-002255	","JFZDPT-JS-20250213-11521	",2024-02-01,2024-02-29,"1536129515	","3205104477228	",1.000000,100,100.000000,3531.060000,3598.130000,67.07,67.07,0.7516,67.07,-,-,-,-,-,-,-,-,-,-,-,-,-,-,-,-,-,-,-,-,-,-,44.61,5.8,-,-
鑫龙家园莲花六号小区位置点,"ZDBZD-JS-2025-002255	","JFZDPT-JS-20250213-11521	",2024-02-01,2024-02-29,"1539373623	","3205104477230	",1.000000,100,100.000000,3319.610000,3385.190000,65.58,65.58,0.7572,65.58,-,-,-,-,-,-,-,-,-,-,-,-,-,-,-,-,-,-,-,-,-,-,43.95,5.71,-,-
鑫龙家园莲花六号小区位置点,"ZDBZD-JS-2025-002255	","JFZDPT-JS-20250213-11521	",2024-02-01,2024-02-29,"1543105444	","3205104477232	",1.000000,100,100.000000,2802.470000,2844.780000,42.31,42.31,0.7469,42.31,-,-,-,-,-,-,-,-,-,-,-,-,-,-,-,-,-,-,-,-,-,-,27.96,3.64,-,-
鑫龙家园莲花六号小区位置点,"ZDBZD-JS-2025-002255	","JFZDPT-JS-20250213-11521	",2024-02-01,2024-02-29,"1544951755	","3205104477235	",1.000000,100,100.000000,3547.150000,3615.060000,67.91,67.91,0.7534,67.91,-,-,-,-,-,-,-,-,-,-,-,-,-,-,-,-,-,-,-,-,-,-,45.27,5.89,-,-
鑫龙家园莲花六号小区位置点,"ZDBZD-JS-2025-002255	","JFZDPT-JS-20250213-11521	",2024-02-01,2024-02-29,"1544684094	","3205104477238	",1.000000,100,100.000000,3093.340000,3093.340000,0,0,0.7961,0,-,-,-,-,-,-,-,-,-,-,-,-,-,-,-,-,-,-,-,-,-,-,0,0,-,-
鑫龙家园莲花六号小区位置点,"ZDBZD-JS-2025-002255	","JFZDPT-JS-20250213-11521	",2024-02-01,2024-02-29,"1539602549	","3205104477339	",1.000000,100,100.000000,3144.810000,3147.610000,2.8,2.8,0.753,2.8,-,-,-,-,-,-,-,-,-,-,-,-,-,-,-,-,-,-,-,-,-,-,1.87,0.24,-,-
鑫龙家园莲花六号小区位置点,"ZDBZD-JS-2025-002255	","JFZDPT-JS-20250213-11521	",2024-02-01,2024-02-29,"1546160843	","3205104477340	",1.000000,100,100.000000,3537.820000,3604.840000,67.02,67.02,0.7522,67.02,-,-,-,-,-,-,-,-,-,-,-,-,-,-,-,-,-,-,-,-,-,-,44.61,5.8,-,-
鑫龙家园莲花六号小区位置点,"ZDBZD-JS-2025-002255	","JFZDPT-JS-20250213-11521	",2024-02-01,2024-02-29,"1546168926	","3205104477341	",1.000000,100,100.000000,4087.480000,4153.850000,66.37,66.37,0.7482,66.37,-,-,-,-,-,-,-,-,-,-,-,-,-,-,-,-,-,-,-,-,-,-,43.95,5.71,-,-
鑫龙家园莲花六号小区位置点,"ZDBZD-JS-2025-002255	","JFZDPT-JS-20250213-11521	",2024-02-01,2024-02-29,"1542466276	","3205104477344	",1.000000,100,100.000000,3091.860000,3155.940000,64.08,64.08,0.7514,64.08,-,-,-,-,-,-,-,-,-,-,-,-,-,-,-,-,-,-,-,-,-,-,42.61,5.54,-,-
鑫龙家园莲花六号小区位置点,"ZDBZD-JS-2025-002255	","JFZDPT-JS-20250213-11521	",2024-02-01,2024-02-29,"1536129516	","3205104477350	",1.000000,100,100.000000,4197.310000,4296.660000,99.35,99.35,0.7497,99.35,-,-,-,-,-,-,-,-,-,-,-,-,-,-,-,-,-,-,-,-,-,-,65.91,8.57,-,-
鑫龙家园莲花六号小区位置点,"ZDBZD-JS-2025-002255	","JFZDPT-JS-20250213-09090	",2023-11-01,2023-11-30,"1534337708	","3205104313087	",1.000000,100,100.000000,2959.500000,3004.580000,45.08,45.08,0.7456,45.08,-,-,-,-,-,-,-,-,-,-,-,-,-,-,-,-,-,-,-,-,-,-,29.74,3.87,-,-
鑫龙家园莲花六号小区位置点,"ZDBZD-JS-2025-002255	","JFZDPT-JS-20250213-09090	",2023-11-01,2023-11-30,"1534339435	","3205104313426	",1.000000,100,100.000000,2067.610000,2099.890000,32.28,32.28,0.7404,32.28,-,-,-,-,-,-,-,-,-,-,-,-,-,-,-,-,-,-,-,-,-,-,21.15,2.75,-,-
鑫龙家园莲花六号小区位置点,"ZDBZD-JS-2025-002255	","JFZDPT-JS-20250213-09090	",2023-11-01,2023-11-30,"1534349171	","3205104313433	",1.000000,100,100.000000,2046.050000,2077.800000,31.75,31.75,0.7528,31.75,-,-,-,-,-,-,-,-,-,-,-,-,-,-,-,-,-,-,-,-,-,-,21.15,2.75,-,-
鑫龙家园莲花六号小区位置点,"ZDBZD-JS-2025-002255	","JFZDPT-JS-20250213-09090	",2023-11-01,2023-11-30,"1554157659	","3205104313437	",1.000000,100,100.000000,2061.420000,2093.090000,31.67,31.67,0.7547,31.67,-,-,-,-,-,-,-,-,-,-,-,-,-,-,-,-,-,-,-,-,-,-,21.15,2.75,-,-
鑫龙家园莲花六号小区位置点,"ZDBZD-JS-2025-002255	","JFZDPT-JS-20250213-09090	",2023-11-01,2023-11-30,"1534339430	","3205104313446	",1.000000,100,100.000000,1979.000000,2010.870000,31.87,31.87,0.7499,31.87,-,-,-,-,-,-,-,-,-,-,-,-,-,-,-,-,-,-,-,-,-,-,21.15,2.75,-,-
鑫龙家园莲花六号小区位置点,"ZDBZD-JS-2025-002255	","JFZDPT-JS-20250213-09090	",2023-11-01,2023-11-30,"1534337522	","3205104313451	",1.000000,100,100.000000,2181.210000,2213.820000,32.61,32.61,0.7556,32.61,-,-,-,-,-,-,-,-,-,-,-,-,-,-,-,-,-,-,-,-,-,-,21.81,2.83,-,-
鑫龙家园莲花六号小区位置点,"ZDBZD-JS-2025-002255	","JFZDPT-JS-20250213-09090	",2023-11-01,2023-11-30,"1528107567	","3205104315707	",1.000000,100,100.000000,2900.960000,2922.710000,21.75,21.75,0.7554,21.75,-,-,-,-,-,-,-,-,-,-,-,-,-,-,-,-,-,-,-,-,-,-,14.54,1.89,-,-
鑫龙家园莲花六号小区位置点,"ZDBZD-JS-2025-002255	","JFZDPT-JS-20250213-09090	",2023-11-01,2023-11-30,"1556867474	","3205104315719	",1.000000,100,100.000000,501.160000,533.200000,32.04,32.04,0.7459,32.04,-,-,-,-,-,-,-,-,-,-,-,-,-,-,-,-,-,-,-,-,-,-,21.15,2.75,-,-
鑫龙家园莲花六号小区位置点,"ZDBZD-JS-2025-002255	","JFZDPT-JS-20250213-09090	",2023-11-01,2023-11-30,"1528102930	","3205104315726	",1.000000,100,100.000000,2097.250000,2128.870000,31.62,31.62,0.7559,31.62,-,-,-,-,-,-,-,-,-,-,-,-,-,-,-,-,-,-,-,-,-,-,21.15,2.75,-,-
鑫龙家园莲花六号小区位置点,"ZDBZD-JS-2025-002255	","JFZDPT-JS-20250213-09090	",2023-11-01,2023-11-30,"1559570474	","3205104353226	",1.000000,100,100.000000,1885.660000,2023.360000,137.7,137.7,0.7484,137.7,-,-,-,-,-,-,-,-,-,-,-,-,-,-,-,-,-,-,-,-,-,-,91.19,11.86,-,-
鑫龙家园莲花六号小区位置点,"ZDBZD-JS-2025-002255	","JFZDPT-JS-20250213-09090	",2023-11-01,2023-11-30,"1547726877	","3205104472953	",1.000000,100,100.000000,3246.210000,3316.550000,70.34,70.34,0.7432,70.34,-,-,-,-,-,-,-,-,-,-,-,-,-,-,-,-,-,-,-,-,-,-,46.27,6.01,-,-
鑫龙家园莲花六号小区位置点,"ZDBZD-JS-2025-002255	","JFZDPT-JS-20250213-09090	",2023-11-01,2023-11-30,"1547633945	","3205104472957	",1.000000,100,100.000000,3906.830000,4002.580000,95.75,95.75,0.7487,95.75,-,-,-,-,-,-,-,-,-,-,-,-,-,-,-,-,-,-,-,-,-,-,63.44,8.25,-,-
鑫龙家园莲花六号小区位置点,"ZDBZD-JS-2025-002255	","JFZDPT-JS-20250213-09090	",2023-11-01,2023-11-30,"1547633944	","3205104472959	",1.000000,100,100.000000,3185.160000,3253.520000,68.36,68.36,0.7428,68.36,-,-,-,-,-,-,-,-,-,-,-,-,-,-,-,-,-,-,-,-,-,-,44.94,5.84,-,-
鑫龙家园莲花六号小区位置点,"ZDBZD-JS-2025-002255	","JFZDPT-JS-20250213-09090	",2023-11-01,2023-11-30,"1547633946	","3205104472963	",1.000000,100,100.000000,3056.350000,3127.600000,71.25,71.25,0.7441,71.25,-,-,-,-,-,-,-,-,-,-,-,-,-,-,-,-,-,-,-,-,-,-,46.92,6.1,-,-
鑫龙家园莲花六号小区位置点,"ZDBZD-JS-2025-002255	","JFZDPT-JS-20250213-09090	",2023-11-01,2023-11-30,"1547634578	","3205104472970	",1.000000,100,100.000000,2588.510000,2639.890000,51.38,51.38,0.7413,51.38,-,-,-,-,-,-,-,-,-,-,-,-,-,-,-,-,-,-,-,-,-,-,33.71,4.38,-,-
鑫龙家园莲花六号小区位置点,"ZDBZD-JS-2025-002255	","JFZDPT-JS-20250213-09090	",2023-11-01,2023-11-30,"1547728488	","3205104474427	",1.000000,100,100.000000,3214.580000,3284.050000,69.47,69.47,0.7418,69.47,-,-,-,-,-,-,-,-,-,-,-,-,-,-,-,-,-,-,-,-,-,-,45.6,5.93,-,-
鑫龙家园莲花六号小区位置点,"ZDBZD-JS-2025-002255	","JFZDPT-JS-20250213-09090	",2023-11-01,2023-11-30,"1547719754	","3205104474457	",1.000000,100,100.000000,7948.510000,8107.630000,159.12,159.12,0.7462,159.12,-,-,-,-,-,-,-,-,-,-,-,-,-,-,-,-,-,-,-,-,-,-,105.08,13.66,-,-
鑫龙家园莲花六号小区位置点,"ZDBZD-JS-2025-002255	","JFZDPT-JS-20250213-09090	",2023-11-01,2023-11-30,"1547728484	","3205104474463	",1.000000,100,100.000000,2579.290000,2647.880000,68.59,68.59,0.7513,68.59,-,-,-,-,-,-,-,-,-,-,-,-,-,-,-,-,-,-,-,-,-,-,45.6,5.93,-,-
鑫龙家园莲花六号小区位置点,"ZDBZD-JS-2025-002255	","JFZDPT-JS-20250213-09090	",2023-11-01,2023-11-30,"1547719759	","3205104474467	",1.000000,100,100.000000,3136.000000,3166.520000,30.52,30.52,0.7585,30.52,-,-,-,-,-,-,-,-,-,-,-,-,-,-,-,-,-,-,-,-,-,-,20.49,2.66,-,-
鑫龙家园莲花六号小区位置点,"ZDBZD-JS-2025-002255	","JFZDPT-JS-20250213-09090	",2023-11-01,2023-11-30,"1534271368	","3205104476753	",1.000000,100,100.000000,2890.970000,2890.970000,0,0,0.7961,0,-,-,-,-,-,-,-,-,-,-,-,-,-,-,-,-,-,-,-,-,-,-,0,0,-,-
鑫龙家园莲花六号小区位置点,"ZDBZD-JS-2025-002255	","JFZDPT-JS-20250213-09090	",2023-11-01,2023-11-30,"1542462053	","3205104476756	",1.000000,100,100.000000,2743.410000,2797.260000,53.85,53.85,0.7489,53.85,-,-,-,-,-,-,-,-,-,-,-,-,-,-,-,-,-,-,-,-,-,-,35.69,4.64,-,-
鑫龙家园莲花六号小区位置点,"ZDBZD-JS-2025-002255	","JFZDPT-JS-20250213-09090	",2023-11-01,2023-11-30,"1534365028	","3205104476757	",1.000000,100,100.000000,3119.120000,3181.430000,62.31,62.31,0.7431,62.31,-,-,-,-,-,-,-,-,-,-,-,-,-,-,-,-,-,-,-,-,-,-,40.97,5.33,-,-
鑫龙家园莲花六号小区位置点,"ZDBZD-JS-2025-002255	","JFZDPT-JS-20250213-09090	",2023-11-01,2023-11-30,"1535669055	","3205104476759	",1.000000,100,100.000000,4351.270000,4445.860000,94.59,94.59,0.7501,94.59,-,-,-,-,-,-,-,-,-,-,-,-,-,-,-,-,-,-,-,-,-,-,62.79,8.16,-,-
鑫龙家园莲花六号小区位置点,"ZDBZD-JS-2025-002255	","JFZDPT-JS-20250213-09090	",2023-11-01,2023-11-30,"1535960714	","3205104476763	",1.000000,100,100.000000,6817.630000,6950.750000,133.12,133.12,0.7462,133.12,-,-,-,-,-,-,-,-,-,-,-,-,-,-,-,-,-,-,-,-,-,-,87.9,11.43,-,-
鑫龙家园莲花六号小区位置点,"ZDBZD-JS-2025-002255	","JFZDPT-JS-20250213-09090	",2023-11-01,2023-11-30,"1543218796	","3205104476766	",1.000000,100,100.000000,3374.060000,3443.990000,69.93,69.93,0.7476,69.93,-,-,-,-,-,-,-,-,-,-,-,-,-,-,-,-,-,-,-,-,-,-,46.27,6.01,-,-
鑫龙家园莲花六号小区位置点,"ZDBZD-JS-2025-002255	","JFZDPT-JS-20250213-09090	",2023-11-01,2023-11-30,"1539721710	","3205104476768	",1.000000,100,100.000000,3266.790000,3333.930000,67.14,67.14,0.7453,67.14,-,-,-,-,-,-,-,-,-,-,-,-,-,-,-,-,-,-,-,-,-,-,44.28,5.76,-,-
鑫龙家园莲花六号小区位置点,"ZDBZD-JS-2025-002255	","JFZDPT-JS-20250213-09090	",2023-11-01,2023-11-30,"1534340339	","3205104476772	",1.000000,100,100.000000,2425.390000,2494.440000,69.05,69.05,0.7463,69.05,-,-,-,-,-,-,-,-,-,-,-,-,-,-,-,-,-,-,-,-,-,-,45.6,5.93,-,-
鑫龙家园莲花六号小区位置点,"ZDBZD-JS-2025-002255	","JFZDPT-JS-20250213-09090	",2023-11-01,2023-11-30,"1542222948	","3205104476774	",1.000000,100,100.000000,3036.350000,3103.970000,67.62,67.62,0.751,67.62,-,-,-,-,-,-,-,-,-,-,-,-,-,-,-,-,-,-,-,-,-,-,44.94,5.84,-,-
鑫龙家园莲花六号小区位置点,"ZDBZD-JS-2025-002255	","JFZDPT-JS-20250213-09090	",2023-11-01,2023-11-30,"1536674431	","3205104477226	",1.000000,100,100.000000,3650.490000,3748.580000,98.09,98.09,0.7462,98.09,-,-,-,-,-,-,-,-,-,-,-,-,-,-,-,-,-,-,-,-,-,-,64.77,8.42,-,-
鑫龙家园莲花六号小区位置点,"ZDBZD-JS-2025-002255	","JFZDPT-JS-20250213-09090	",2023-11-01,2023-11-30,"1536129515	","3205104477228	",1.000000,100,100.000000,3318.260000,3387.620000,69.36,69.36,0.7429,69.36,-,-,-,-,-,-,-,-,-,-,-,-,-,-,-,-,-,-,-,-,-,-,45.6,5.93,-,-
鑫龙家园莲花六号小区位置点,"ZDBZD-JS-2025-002255	","JFZDPT-JS-20250213-09090	",2023-11-01,2023-11-30,"1539373623	","3205104477230	",1.000000,100,100.000000,3114.650000,3173.290000,58.64,58.64,0.7514,58.64,-,-,-,-,-,-,-,-,-,-,-,-,-,-,-,-,-,-,-,-,-,-,38.99,5.07,-,-
鑫龙家园莲花六号小区位置点,"ZDBZD-JS-2025-002255	","JFZDPT-JS-20250213-09090	",2023-11-01,2023-11-30,"1543105444	","3205104477232	",1.000000,100,100.000000,2668.530000,2712.060000,43.53,43.53,0.7549,43.53,-,-,-,-,-,-,-,-,-,-,-,-,-,-,-,-,-,-,-,-,-,-,29.08,3.78,-,-
鑫龙家园莲花六号小区位置点,"ZDBZD-JS-2025-002255	","JFZDPT-JS-20250213-09090	",2023-11-01,2023-11-30,"1544951755	","3205104477235	",1.000000,100,100.000000,3332.020000,3401.980000,69.96,69.96,0.7473,69.96,-,-,-,-,-,-,-,-,-,-,-,-,-,-,-,-,-,-,-,-,-,-,46.27,6.01,-,-
鑫龙家园莲花六号小区位置点,"ZDBZD-JS-2025-002255	","JFZDPT-JS-20250213-09090	",2023-11-01,2023-11-30,"1544684094	","3205104477238	",1.000000,100,100.000000,3093.340000,3093.340000,0,0,0.7961,0,-,-,-,-,-,-,-,-,-,-,-,-,-,-,-,-,-,-,-,-,-,-,0,0,-,-
鑫龙家园莲花六号小区位置点,"ZDBZD-JS-2025-002255	","JFZDPT-JS-20250213-09090	",2023-11-01,2023-11-30,"1539602549	","3205104477339	",1.000000,100,100.000000,3135.930000,3138.800000,2.87,2.87,0.7805,2.87,-,-,-,-,-,-,-,-,-,-,-,-,-,-,-,-,-,-,-,-,-,-,1.98,0.26,-,-
鑫龙家园莲花六号小区位置点,"ZDBZD-JS-2025-002255	","JFZDPT-JS-20250213-09090	",2023-11-01,2023-11-30,"1546160843	","3205104477340	",1.000000,100,100.000000,3349.330000,3394.460000,45.13,45.13,0.7447,45.13,-,-,-,-,-,-,-,-,-,-,-,-,-,-,-,-,-,-,-,-,-,-,29.74,3.87,-,-
鑫龙家园莲花六号小区位置点,"ZDBZD-JS-2025-002255	","JFZDPT-JS-20250213-09090	",2023-11-01,2023-11-30,"1546168926	","3205104477341	",1.000000,100,100.000000,3873.090000,3944.530000,71.44,71.44,0.7422,71.44,-,-,-,-,-,-,-,-,-,-,-,-,-,-,-,-,-,-,-,-,-,-,46.92,6.1,-,-
鑫龙家园莲花六号小区位置点,"ZDBZD-JS-2025-002255	","JFZDPT-JS-20250213-09090	",2023-11-01,2023-11-30,"1542466276	","3205104477344	",1.000000,100,100.000000,2888.400000,2954.780000,66.38,66.38,0.7425,66.38,-,-,-,-,-,-,-,-,-,-,-,-,-,-,-,-,-,-,-,-,-,-,43.62,5.67,-,-
鑫龙家园莲花六号小区位置点,"ZDBZD-JS-2025-002255	","JFZDPT-JS-20250213-09090	",2023-11-01,2023-11-30,"1536129516	","3205104477350	",1.000000,100,100.000000,3881.500000,3984.960000,103.46,103.46,0.7435,103.46,-,-,-,-,-,-,-,-,-,-,-,-,-,-,-,-,-,-,-,-,-,-,68.07,8.85,-,-
鑫龙家园莲花六号小区位置点,"ZDBZD-JS-2025-002255	","JFZDPT-JS-20250210-05243	",2020-03-01,2020-10-31,"1534337708	","3205104313087	",1.000000,100,-,910.570000,1277.600000,367.03,367.03,0.6379,367.03,-,-,-,-,-,-,-,-,-,-,-,-,-,-,-,-,-,-,-,-,-,-,207.19,26.94,-,-
鑫龙家园莲花六号小区位置点,"ZDBZD-JS-2025-002255	","JFZDPT-JS-20250210-05243	",2020-03-01,2020-10-31,"1534339435	","3205104313426	",1.000000,100,-,626.370000,883.410000,257.04,257.04,0.6379,257.04,-,-,-,-,-,-,-,-,-,-,-,-,-,-,-,-,-,-,-,-,-,-,145.11,18.86,-,-
鑫龙家园莲花六号小区位置点,"ZDBZD-JS-2025-002255	","JFZDPT-JS-20250210-05243	",2020-03-01,2020-10-31,"1534349171	","3205104313433	",1.000000,100,-,625.170000,878.220000,253.05,253.05,0.6379,253.05,-,-,-,-,-,-,-,-,-,-,-,-,-,-,-,-,-,-,-,-,-,-,142.85,18.57,-,-
鑫龙家园莲花六号小区位置点,"ZDBZD-JS-2025-002255	","JFZDPT-JS-20250210-05243	",2020-03-01,2020-10-31,"1554157659	","3205104313437	",1.000000,100,-,632.410000,888.450000,256.04,256.04,0.6379,256.04,-,-,-,-,-,-,-,-,-,-,-,-,-,-,-,-,-,-,-,-,-,-,144.54,18.79,-,-
鑫龙家园莲花六号小区位置点,"ZDBZD-JS-2025-002255	","JFZDPT-JS-20250210-05243	",2020-03-01,2020-10-31,"1534339430	","3205104313446	",1.000000,100,-,550.290000,802.270000,251.98,251.98,0.6379,251.98,-,-,-,-,-,-,-,-,-,-,-,-,-,-,-,-,-,-,-,-,-,-,142.25,18.49,-,-
鑫龙家园莲花六号小区位置点,"ZDBZD-JS-2025-002255	","JFZDPT-JS-20250210-05243	",2020-03-01,2020-10-31,"1534337522	","3205104313451	",1.000000,100,-,676.550000,951.510000,274.96,274.96,0.6379,274.96,-,-,-,-,-,-,-,-,-,-,-,-,-,-,-,-,-,-,-,-,-,-,155.22,20.18,-,-
鑫龙家园莲花六号小区位置点,"ZDBZD-JS-2025-002255	","JFZDPT-JS-20250210-05243	",2020-03-01,2020-10-31,"1528107567	","3205104315707	",1.000000,100,-,896.240000,1259.280000,363.04,363.04,0.6379,363.04,-,-,-,-,-,-,-,-,-,-,-,-,-,-,-,-,-,-,-,-,-,-,204.94,26.64,-,-
鑫龙家园莲花六号小区位置点,"ZDBZD-JS-2025-002255	","JFZDPT-JS-20250210-05243	",2020-03-01,2020-10-31,"1556867474	","3205104315719	",1.000000,100,-,673.610000,940.620000,267.01,267.01,0.6379,267.01,-,-,-,-,-,-,-,-,-,-,-,-,-,-,-,-,-,-,-,-,-,-,150.73,19.6,-,-
鑫龙家园莲花六号小区位置点,"ZDBZD-JS-2025-002255	","JFZDPT-JS-20250210-05243	",2020-03-01,2020-10-31,"1528102930	","3205104315726	",1.000000,100,-,635.420000,898.450000,263.03,263.03,0.6379,263.03,-,-,-,-,-,-,-,-,-,-,-,-,-,-,-,-,-,-,-,-,-,-,148.49,19.3,-,-
鑫龙家园莲花六号小区位置点,"ZDBZD-JS-2025-002255	","JFZDPT-JS-20250210-05243	",2020-03-01,2020-10-31,"1559570474	","3205104353226	",1.000000,100,-,1541.380000,2566.410000,1025.03,"1,025.03",0.6379,1025.03,-,-,-,-,-,-,-,-,-,-,-,-,-,-,-,-,-,-,-,-,-,-,578.65,75.22,-,-
鑫龙家园莲花六号小区位置点,"ZDBZD-JS-2025-002255	","JFZDPT-JS-20250210-05243	",2020-03-01,2020-10-31,"1547726877	","3205104472953	",1.000000,100,-,235.780000,775.820000,540.04,540.04,0.6379,540.04,-,-,-,-,-,-,-,-,-,-,-,-,-,-,-,-,-,-,-,-,-,-,304.86,39.63,-,-
鑫龙家园莲花六号小区位置点,"ZDBZD-JS-2025-002255	","JFZDPT-JS-20250210-05243	",2020-03-01,2020-10-31,"1547633945	","3205104472957	",1.000000,100,-,339.860000,1076.900000,737.04,737.04,0.6379,737.04,-,-,-,-,-,-,-,-,-,-,-,-,-,-,-,-,-,-,-,-,-,-,416.07,54.09,-,-
鑫龙家园莲花六号小区位置点,"ZDBZD-JS-2025-002255	","JFZDPT-JS-20250210-05243	",2020-03-01,2020-10-31,"1547633944	","3205104472959	",1.000000,100,-,244.030000,770.060000,526.03,526.03,0.6379,526.03,-,-,-,-,-,-,-,-,-,-,-,-,-,-,-,-,-,-,-,-,-,-,296.95,38.6,-,-
鑫龙家园莲花六号小区位置点,"ZDBZD-JS-2025-002255	","JFZDPT-JS-20250210-05243	",2020-03-01,2020-10-31,"1547633946	","3205104472963	",1.000000,100,-,157.170000,647.240000,490.07,490.07,0.6379,490.07,-,-,-,-,-,-,-,-,-,-,-,-,-,-,-,-,-,-,-,-,-,-,276.65,35.97,-,-
鑫龙家园莲花六号小区位置点,"ZDBZD-JS-2025-002255	","JFZDPT-JS-20250210-05243	",2020-03-01,2020-10-31,"1547634578	","3205104472970	",1.000000,100,-,233.160000,752.200000,519.04,519.04,0.6379,519.04,-,-,-,-,-,-,-,-,-,-,-,-,-,-,-,-,-,-,-,-,-,-,293.01,38.09,-,-
鑫龙家园莲花六号小区位置点,"ZDBZD-JS-2025-002255	","JFZDPT-JS-20250210-05243	",2020-03-01,2020-10-31,"1547728488	","3205104474427	",1.000000,100,-,234.270000,768.300000,534.03,534.03,0.6379,534.03,-,-,-,-,-,-,-,-,-,-,-,-,-,-,-,-,-,-,-,-,-,-,301.47,39.19,-,-
鑫龙家园莲花六号小区位置点,"ZDBZD-JS-2025-002255	","JFZDPT-JS-20250210-05243	",2020-03-01,2020-10-31,"1547719754	","3205104474457	",1.000000,100,-,587.110000,1994.120000,1407.01,"1,407.01",0.6379,1407.01,-,-,-,-,-,-,-,-,-,-,-,-,-,-,-,-,-,-,-,-,-,-,794.27,103.26,-,-
鑫龙家园莲花六号小区位置点,"ZDBZD-JS-2025-002255	","JFZDPT-JS-20250210-05243	",2020-03-01,2020-10-31,"1547728484	","3205104474463	",1.000000,100,-,250.600000,777.630000,527.03,527.03,0.6379,527.03,-,-,-,-,-,-,-,-,-,-,-,-,-,-,-,-,-,-,-,-,-,-,297.51,38.68,-,-
鑫龙家园莲花六号小区位置点,"ZDBZD-JS-2025-002255	","JFZDPT-JS-20250210-05243	",2020-03-01,2020-10-31,"1547719759	","3205104474467	",1.000000,100,-,251.960000,800.020000,548.06,548.06,0.6379,548.06,-,-,-,-,-,-,-,-,-,-,-,-,-,-,-,-,-,-,-,-,-,-,309.39,40.22,-,-
鑫龙家园莲花六号小区位置点,"ZDBZD-JS-2025-002255	","JFZDPT-JS-20250210-05243	",2020-03-01,2020-10-31,"1534271368	","3205104476753	",1.000000,100,-,251.460000,733.510000,482.05,482.05,0.6379,482.05,-,-,-,-,-,-,-,-,-,-,-,-,-,-,-,-,-,-,-,-,-,-,272.12,35.38,-,-
鑫龙家园莲花六号小区位置点,"ZDBZD-JS-2025-002255	","JFZDPT-JS-20250210-05243	",2020-03-01,2020-10-31,"1542462053	","3205104476756	",1.000000,100,-,244.740000,771.750000,527.01,527.01,0.6379,527.01,-,-,-,-,-,-,-,-,-,-,-,-,-,-,-,-,-,-,-,-,-,-,297.5,38.68,-,-
鑫龙家园莲花六号小区位置点,"ZDBZD-JS-2025-002255	","JFZDPT-JS-20250210-05243	",2020-03-01,2020-10-31,"1534365028	","3205104476757	",1.000000,100,-,251.050000,734.120000,483.07,483.07,0.6379,483.07,-,-,-,-,-,-,-,-,-,-,-,-,-,-,-,-,-,-,-,-,-,-,272.7,35.45,-,-
鑫龙家园莲花六号小区位置点,"ZDBZD-JS-2025-002255	","JFZDPT-JS-20250210-05243	",2020-03-01,2020-10-31,"1535669055	","3205104476759	",1.000000,100,-,340.600000,1101.650000,761.05,761.05,0.6379,761.05,-,-,-,-,-,-,-,-,-,-,-,-,-,-,-,-,-,-,-,-,-,-,429.62,55.85,-,-
鑫龙家园莲花六号小区位置点,"ZDBZD-JS-2025-002255	","JFZDPT-JS-20250210-05243	",2020-03-01,2020-10-31,"1535960714	","3205104476763	",1.000000,100,-,453.120000,1683.130000,1230.01,"1,230.01",0.6379,1230.01,-,-,-,-,-,-,-,-,-,-,-,-,-,-,-,-,-,-,-,-,-,-,694.35,90.27,-,-
鑫龙家园莲花六号小区位置点,"ZDBZD-JS-2025-002255	","JFZDPT-JS-20250210-05243	",2020-03-01,2020-10-31,"1543218796	","3205104476766	",1.000000,100,-,242.220000,810.270000,568.05,568.05,0.6379,568.05,-,-,-,-,-,-,-,-,-,-,-,-,-,-,-,-,-,-,-,-,-,-,320.67,41.69,-,-
鑫龙家园莲花六号小区位置点,"ZDBZD-JS-2025-002255	","JFZDPT-JS-20250210-05243	",2020-03-01,2020-10-31,"1539721710	","3205104476768	",1.000000,100,-,236.540000,796.560000,560.02,560.02,0.6379,560.02,-,-,-,-,-,-,-,-,-,-,-,-,-,-,-,-,-,-,-,-,-,-,316.14,41.1,-,-
鑫龙家园莲花六号小区位置点,"ZDBZD-JS-2025-002255	","JFZDPT-JS-20250210-05243	",2020-03-01,2020-10-31,"1534340339	","3205104476772	",1.000000,100,-,201.110000,570.160000,369.05,369.05,0.6379,369.05,-,-,-,-,-,-,-,-,-,-,-,-,-,-,-,-,-,-,-,-,-,-,208.34,27.08,-,-
鑫龙家园莲花六号小区位置点,"ZDBZD-JS-2025-002255	","JFZDPT-JS-20250210-05243	",2020-03-01,2020-10-31,"1542222948	","3205104476774	",1.000000,100,-,238.650000,775.660000,537.01,537.01,0.6379,537.01,-,-,-,-,-,-,-,-,-,-,-,-,-,-,-,-,-,-,-,-,-,-,303.15,39.41,-,-
鑫龙家园莲花六号小区位置点,"ZDBZD-JS-2025-002255	","JFZDPT-JS-20250210-05243	",2020-03-01,2020-10-31,"1536674431	","3205104477226	",1.000000,100,-,310.420000,919.460000,609.04,609.04,0.6379,609.04,-,-,-,-,-,-,-,-,-,-,-,-,-,-,-,-,-,-,-,-,-,-,343.81,44.7,-,-
鑫龙家园莲花六号小区位置点,"ZDBZD-JS-2025-002255	","JFZDPT-JS-20250210-05243	",2020-03-01,2020-10-31,"1536129515	","3205104477228	",1.000000,100,-,243.170000,784.170000,541,541,0.6379,541,-,-,-,-,-,-,-,-,-,-,-,-,-,-,-,-,-,-,-,-,-,-,305.4,39.7,-,-
鑫龙家园莲花六号小区位置点,"ZDBZD-JS-2025-002255	","JFZDPT-JS-20250210-05243	",2020-03-01,2020-10-31,"1539373623	","3205104477230	",1.000000,100,-,246.820000,793.900000,547.08,547.08,0.6379,547.08,-,-,-,-,-,-,-,-,-,-,-,-,-,-,-,-,-,-,-,-,-,-,308.83,40.15,-,-
鑫龙家园莲花六号小区位置点,"ZDBZD-JS-2025-002255	","JFZDPT-JS-20250210-05243	",2020-03-01,2020-10-31,"1543105444	","3205104477232	",1.000000,100,-,246.190000,793.250000,547.06,547.06,0.6379,547.06,-,-,-,-,-,-,-,-,-,-,-,-,-,-,-,-,-,-,-,-,-,-,308.82,40.15,-,-
鑫龙家园莲花六号小区位置点,"ZDBZD-JS-2025-002255	","JFZDPT-JS-20250210-05243	",2020-03-01,2020-10-31,"1544951755	","3205104477235	",1.000000,100,-,238.370000,781.400000,543.03,543.03,0.6379,543.03,-,-,-,-,-,-,-,-,-,-,-,-,-,-,-,-,-,-,-,-,-,-,306.55,39.85,-,-
鑫龙家园莲花六号小区位置点,"ZDBZD-JS-2025-002255	","JFZDPT-JS-20250210-05243	",2020-03-01,2020-10-31,"1544684094	","3205104477238	",1.000000,100,-,230.060000,778.060000,548,548,0.6379,548,-,-,-,-,-,-,-,-,-,-,-,-,-,-,-,-,-,-,-,-,-,-,309.35,40.22,-,-
鑫龙家园莲花六号小区位置点,"ZDBZD-JS-2025-002255	","JFZDPT-JS-20250210-05243	",2020-03-01,2020-10-31,"1539602549	","3205104477339	",1.000000,100,-,241.240000,817.320000,576.08,576.08,0.6379,576.08,-,-,-,-,-,-,-,-,-,-,-,-,-,-,-,-,-,-,-,-,-,-,325.2,42.28,-,-
鑫龙家园莲花六号小区位置点,"ZDBZD-JS-2025-002255	","JFZDPT-JS-20250210-05243	",2020-03-01,2020-10-31,"1546160843	","3205104477340	",1.000000,100,-,241.320000,811.370000,570.05,570.05,0.6379,570.05,-,-,-,-,-,-,-,-,-,-,-,-,-,-,-,-,-,-,-,-,-,-,321.8,41.83,-,-
鑫龙家园莲花六号小区位置点,"ZDBZD-JS-2025-002255	","JFZDPT-JS-20250210-05243	",2020-03-01,2020-10-31,"1546168926	","3205104477341	",1.000000,100,-,269.210000,925.210000,656,656,0.6379,656,-,-,-,-,-,-,-,-,-,-,-,-,-,-,-,-,-,-,-,-,-,-,370.32,48.14,-,-
鑫龙家园莲花六号小区位置点,"ZDBZD-JS-2025-002255	","JFZDPT-JS-20250210-05243	",2020-03-01,2020-10-31,"1542466276	","3205104477344	",1.000000,100,-,218.200000,578.250000,360.05,360.05,0.6379,360.05,-,-,-,-,-,-,-,-,-,-,-,-,-,-,-,-,-,-,-,-,-,-,203.26,26.42,-,-
鑫龙家园莲花六号小区位置点,"ZDBZD-JS-2025-002255	","JFZDPT-JS-20250210-05243	",2020-03-01,2020-10-31,"1536129516	","3205104477350	",1.000000,100,-,332.670000,924.700000,592.03,592.03,0.6379,592.03,-,-,-,-,-,-,-,-,-,-,-,-,-,-,-,-,-,-,-,-,-,-,334.21,43.45,-,-
鑫龙家园莲花六号小区位置点,"ZDBZD-JS-2025-002255	","JFZDPT-JS-20250210-09420	",2021-12-01,2021-12-31,"1534337708	","3205104313087	",1.000000,100,100.000000,1885.940000,1933.620000,47.68,47.68,0.7406,47.68,-,-,-,-,-,-,-,-,-,-,-,-,-,-,-,-,-,-,-,-,-,-,31.25,4.06,-,-
鑫龙家园莲花六号小区位置点,"ZDBZD-JS-2025-002255	","JFZDPT-JS-20250210-09420	",2021-12-01,2021-12-31,"1534339435	","3205104313426	",1.000000,100,100.000000,1308.030000,1341.220000,33.19,33.19,0.7312,33.19,-,-,-,-,-,-,-,-,-,-,-,-,-,-,-,-,-,-,-,-,-,-,21.48,2.79,-,-
鑫龙家园莲花六号小区位置点,"ZDBZD-JS-2025-002255	","JFZDPT-JS-20250210-09420	",2021-12-01,2021-12-31,"1534349171	","3205104313433	",1.000000,100,100.000000,1296.890000,1329.670000,32.78,32.78,0.7404,32.78,-,-,-,-,-,-,-,-,-,-,-,-,-,-,-,-,-,-,-,-,-,-,21.48,2.79,-,-
鑫龙家园莲花六号小区位置点,"ZDBZD-JS-2025-002255	","JFZDPT-JS-20250210-09420	",2021-12-01,2021-12-31,"1554157659	","3205104313437	",1.000000,100,100.000000,1311.040000,1344.070000,33.03,33.03,0.7348,33.03,-,-,-,-,-,-,-,-,-,-,-,-,-,-,-,-,-,-,-,-,-,-,21.48,2.79,-,-
鑫龙家园莲花六号小区位置点,"ZDBZD-JS-2025-002255	","JFZDPT-JS-20250210-09420	",2021-12-01,2021-12-31,"1534339430	","3205104313446	",1.000000,100,100.000000,1226.370000,1259.390000,33.02,33.02,0.735,33.02,-,-,-,-,-,-,-,-,-,-,-,-,-,-,-,-,-,-,-,-,-,-,21.48,2.79,-,-
鑫龙家园莲花六号小区位置点,"ZDBZD-JS-2025-002255	","JFZDPT-JS-20250210-09420	",2021-12-01,2021-12-31,"1534337522	","3205104313451	",1.000000,100,100.000000,1385.830000,1419.980000,34.15,34.15,0.7324,34.15,-,-,-,-,-,-,-,-,-,-,-,-,-,-,-,-,-,-,-,-,-,-,22.13,2.88,-,-
鑫龙家园莲花六号小区位置点,"ZDBZD-JS-2025-002255	","JFZDPT-JS-20250210-09420	",2021-12-01,2021-12-31,"1528107567	","3205104315707	",1.000000,100,100.000000,1856.040000,1903.010000,46.97,46.97,0.736,46.97,-,-,-,-,-,-,-,-,-,-,-,-,-,-,-,-,-,-,-,-,-,-,30.59,3.98,-,-
鑫龙家园莲花六号小区位置点,"ZDBZD-JS-2025-002255	","JFZDPT-JS-20250210-09420	",2021-12-01,2021-12-31,"1556867474	","3205104315719	",1.000000,100,100.000000,1361.190000,1394.180000,32.99,32.99,0.7357,32.99,-,-,-,-,-,-,-,-,-,-,-,-,-,-,-,-,-,-,-,-,-,-,21.48,2.79,-,-
鑫龙家园莲花六号小区位置点,"ZDBZD-JS-2025-002255	","JFZDPT-JS-20250210-09420	",2021-12-01,2021-12-31,"1528102930	","3205104315726	",1.000000,100,100.000000,1336.880000,1370.610000,33.73,33.73,0.7415,33.73,-,-,-,-,-,-,-,-,-,-,-,-,-,-,-,-,-,-,-,-,-,-,22.13,2.88,-,-
鑫龙家园莲花六号小区位置点,"ZDBZD-JS-2025-002255	","JFZDPT-JS-20250210-09420	",2021-12-01,2021-12-31,"1559570474	","3205104353226	",1.000000,100,100.000000,304.790000,472.710000,167.92,167.92,0.7359,167.92,-,-,-,-,-,-,-,-,-,-,-,-,-,-,-,-,-,-,-,-,-,-,109.35,14.22,-,-
鑫龙家园莲花六号小区位置点,"ZDBZD-JS-2025-002255	","JFZDPT-JS-20250210-09420	",2021-12-01,2021-12-31,"1547726877	","3205104472953	",1.000000,100,100.000000,1600.210000,1672.680000,72.47,72.47,0.7308,72.47,-,-,-,-,-,-,-,-,-,-,-,-,-,-,-,-,-,-,-,-,-,-,46.87,6.09,-,-
鑫龙家园莲花六号小区位置点,"ZDBZD-JS-2025-002255	","JFZDPT-JS-20250210-09420	",2021-12-01,2021-12-31,"1547633945	","3205104472957	",1.000000,100,100.000000,2030.080000,2104.540000,74.46,74.46,0.731,74.46,-,-,-,-,-,-,-,-,-,-,-,-,-,-,-,-,-,-,-,-,-,-,48.17,6.26,-,-
鑫龙家园莲花六号小区位置点,"ZDBZD-JS-2025-002255	","JFZDPT-JS-20250210-09420	",2021-12-01,2021-12-31,"1547633944	","3205104472959	",1.000000,100,100.000000,1580.910000,1651.540000,70.63,70.63,0.7393,70.63,-,-,-,-,-,-,-,-,-,-,-,-,-,-,-,-,-,-,-,-,-,-,46.21,6.01,-,-
鑫龙家园莲花六号小区位置点,"ZDBZD-JS-2025-002255	","JFZDPT-JS-20250210-09420	",2021-12-01,2021-12-31,"1547633946	","3205104472963	",1.000000,100,100.000000,1386.440000,1460.210000,73.77,73.77,0.7378,73.77,-,-,-,-,-,-,-,-,-,-,-,-,-,-,-,-,-,-,-,-,-,-,48.17,6.26,-,-
鑫龙家园莲花六号小区位置点,"ZDBZD-JS-2025-002255	","JFZDPT-JS-20250210-09420	",2021-12-01,2021-12-31,"1547634578	","3205104472970	",1.000000,100,100.000000,1386.380000,1439.280000,52.9,52.9,0.7369,52.9,-,-,-,-,-,-,-,-,-,-,-,-,-,-,-,-,-,-,-,-,-,-,34.5,4.48,-,-
鑫龙家园莲花六号小区位置点,"ZDBZD-JS-2025-002255	","JFZDPT-JS-20250210-09420	",2021-12-01,2021-12-31,"1547728488	","3205104474427	",1.000000,100,100.000000,1586.860000,1658.830000,71.97,71.97,0.7359,71.97,-,-,-,-,-,-,-,-,-,-,-,-,-,-,-,-,-,-,-,-,-,-,46.87,6.09,-,-
鑫龙家园莲花六号小区位置点,"ZDBZD-JS-2025-002255	","JFZDPT-JS-20250210-09420	",2021-12-01,2021-12-31,"1547719754	","3205104474457	",1.000000,100,100.000000,4150.840000,4331.470000,180.63,180.63,0.737,180.63,-,-,-,-,-,-,-,-,-,-,-,-,-,-,-,-,-,-,-,-,-,-,117.81,15.31,-,-
鑫龙家园莲花六号小区位置点,"ZDBZD-JS-2025-002255	","JFZDPT-JS-20250210-09420	",2021-12-01,2021-12-31,"1547728484	","3205104474463	",1.000000,100,100.000000,1596.300000,1668.980000,72.68,72.68,0.7387,72.68,-,-,-,-,-,-,-,-,-,-,-,-,-,-,-,-,-,-,-,-,-,-,47.51,6.18,-,-
鑫龙家园莲花六号小区位置点,"ZDBZD-JS-2025-002255	","JFZDPT-JS-20250210-09420	",2021-12-01,2021-12-31,"1547719759	","3205104474467	",1.000000,100,100.000000,1709.110000,1781.220000,72.11,72.11,0.7344,72.11,-,-,-,-,-,-,-,-,-,-,-,-,-,-,-,-,-,-,-,-,-,-,46.87,6.09,-,-
鑫龙家园莲花六号小区位置点,"ZDBZD-JS-2025-002255	","JFZDPT-JS-20250210-09420	",2021-12-01,2021-12-31,"1534271368	","3205104476753	",1.000000,100,100.000000,1532.700000,1602.360000,69.66,69.66,0.7392,69.66,-,-,-,-,-,-,-,-,-,-,-,-,-,-,-,-,-,-,-,-,-,-,45.57,5.92,-,-
鑫龙家园莲花六号小区位置点,"ZDBZD-JS-2025-002255	","JFZDPT-JS-20250210-09420	",2021-12-01,2021-12-31,"1542462053	","3205104476756	",1.000000,100,100.000000,1483.710000,1539.930000,56.22,56.22,0.7327,56.22,-,-,-,-,-,-,-,-,-,-,-,-,-,-,-,-,-,-,-,-,-,-,36.45,4.74,-,-
鑫龙家园莲花六号小区位置点,"ZDBZD-JS-2025-002255	","JFZDPT-JS-20250210-09420	",2021-12-01,2021-12-31,"1534365028	","3205104476757	",1.000000,100,100.000000,1580.200000,1653.690000,73.49,73.49,0.7306,73.49,-,-,-,-,-,-,-,-,-,-,-,-,-,-,-,-,-,-,-,-,-,-,47.51,6.18,-,-
鑫龙家园莲花六号小区位置点,"ZDBZD-JS-2025-002255	","JFZDPT-JS-20250210-09420	",2021-12-01,2021-12-31,"1535669055	","3205104476759	",1.000000,100,100.000000,2242.660000,2342.970000,100.31,100.31,0.7332,100.31,-,-,-,-,-,-,-,-,-,-,-,-,-,-,-,-,-,-,-,-,-,-,65.09,8.46,-,-
鑫龙家园莲花六号小区位置点,"ZDBZD-JS-2025-002255	","JFZDPT-JS-20250210-09420	",2021-12-01,2021-12-31,"1535960714	","3205104476763	",1.000000,100,100.000000,3578.440000,3728.810000,150.37,150.37,0.7337,150.37,-,-,-,-,-,-,-,-,-,-,-,-,-,-,-,-,-,-,-,-,-,-,97.64,12.69,-,-
鑫龙家园莲花六号小区位置点,"ZDBZD-JS-2025-002255	","JFZDPT-JS-20250210-09420	",2021-12-01,2021-12-31,"1543218796	","3205104476766	",1.000000,100,100.000000,1735.020000,1807.850000,72.83,72.83,0.7372,72.83,-,-,-,-,-,-,-,-,-,-,-,-,-,-,-,-,-,-,-,-,-,-,47.51,6.18,-,-
鑫龙家园莲花六号小区位置点,"ZDBZD-JS-2025-002255	","JFZDPT-JS-20250210-09420	",2021-12-01,2021-12-31,"1539721710	","3205104476768	",1.000000,100,100.000000,1687.620000,1757.470000,69.85,69.85,0.7372,69.85,-,-,-,-,-,-,-,-,-,-,-,-,-,-,-,-,-,-,-,-,-,-,45.57,5.92,-,-
鑫龙家园莲花六号小区位置点,"ZDBZD-JS-2025-002255	","JFZDPT-JS-20250210-09420	",2021-12-01,2021-12-31,"1534340339	","3205104476772	",1.000000,100,100.000000,1173.980000,1221.450000,47.47,47.47,0.7282,47.47,-,-,-,-,-,-,-,-,-,-,-,-,-,-,-,-,-,-,-,-,-,-,30.59,3.98,-,-
鑫龙家园莲花六号小区位置点,"ZDBZD-JS-2025-002255	","JFZDPT-JS-20250210-09420	",2021-12-01,2021-12-31,"1542222948	","3205104476774	",1.000000,100,100.000000,1594.420000,1666.610000,72.19,72.19,0.7336,72.19,-,-,-,-,-,-,-,-,-,-,-,-,-,-,-,-,-,-,-,-,-,-,46.87,6.09,-,-
鑫龙家园莲花六号小区位置点,"ZDBZD-JS-2025-002255	","JFZDPT-JS-20250210-09420	",2021-12-01,2021-12-31,"1536674431	","3205104477226	",1.000000,100,100.000000,1904.030000,1981.130000,77.1,77.1,0.7346,77.1,-,-,-,-,-,-,-,-,-,-,-,-,-,-,-,-,-,-,-,-,-,-,50.12,6.52,-,-
鑫龙家园莲花六号小区位置点,"ZDBZD-JS-2025-002255	","JFZDPT-JS-20250210-09420	",2021-12-01,2021-12-31,"1536129515	","3205104477228	",1.000000,100,100.000000,1692.210000,1764.010000,71.8,71.8,0.7376,71.8,-,-,-,-,-,-,-,-,-,-,-,-,-,-,-,-,-,-,-,-,-,-,46.87,6.09,-,-
鑫龙家园莲花六号小区位置点,"ZDBZD-JS-2025-002255	","JFZDPT-JS-20250210-09420	",2021-12-01,2021-12-31,"1539373623	","3205104477230	",1.000000,100,100.000000,1620.190000,1692.930000,72.74,72.74,0.7381,72.74,-,-,-,-,-,-,-,-,-,-,-,-,-,-,-,-,-,-,-,-,-,-,47.51,6.18,-,-
鑫龙家园莲花六号小区位置点,"ZDBZD-JS-2025-002255	","JFZDPT-JS-20250210-09420	",2021-12-01,2021-12-31,"1543105444	","3205104477232	",1.000000,100,100.000000,1652.160000,1697.330000,45.17,45.17,0.7328,45.17,-,-,-,-,-,-,-,-,-,-,-,-,-,-,-,-,-,-,-,-,-,-,29.29,3.81,-,-
鑫龙家园莲花六号小区位置点,"ZDBZD-JS-2025-002255	","JFZDPT-JS-20250210-09420	",2021-12-01,2021-12-31,"1544951755	","3205104477235	",1.000000,100,100.000000,1694.970000,1767.550000,72.58,72.58,0.7397,72.58,-,-,-,-,-,-,-,-,-,-,-,-,-,-,-,-,-,-,-,-,-,-,47.51,6.18,-,-
鑫龙家园莲花六号小区位置点,"ZDBZD-JS-2025-002255	","JFZDPT-JS-20250210-09420	",2021-12-01,2021-12-31,"1544684094	","3205104477238	",1.000000,100,100.000000,1674.550000,1744.700000,70.15,70.15,0.734,70.15,-,-,-,-,-,-,-,-,-,-,-,-,-,-,-,-,-,-,-,-,-,-,45.57,5.92,-,-
鑫龙家园莲花六号小区位置点,"ZDBZD-JS-2025-002255	","JFZDPT-JS-20250210-09420	",2021-12-01,2021-12-31,"1539602549	","3205104477339	",1.000000,100,100.000000,1753.610000,1826.840000,73.23,73.23,0.7332,73.23,-,-,-,-,-,-,-,-,-,-,-,-,-,-,-,-,-,-,-,-,-,-,47.51,6.18,-,-
鑫龙家园莲花六号小区位置点,"ZDBZD-JS-2025-002255	","JFZDPT-JS-20250210-09420	",2021-12-01,2021-12-31,"1546160843	","3205104477340	",1.000000,100,100.000000,1729.000000,1801.480000,72.48,72.48,0.7307,72.48,-,-,-,-,-,-,-,-,-,-,-,-,-,-,-,-,-,-,-,-,-,-,46.87,6.09,-,-
鑫龙家园莲花六号小区位置点,"ZDBZD-JS-2025-002255	","JFZDPT-JS-20250210-09420	",2021-12-01,2021-12-31,"1546168926	","3205104477341	",1.000000,100,100.000000,1990.790000,2073.280000,82.49,82.49,0.7311,82.49,-,-,-,-,-,-,-,-,-,-,-,-,-,-,-,-,-,-,-,-,-,-,53.37,6.94,-,-
鑫龙家园莲花六号小区位置点,"ZDBZD-JS-2025-002255	","JFZDPT-JS-20250210-09420	",2021-12-01,2021-12-31,"1542466276	","3205104477344	",1.000000,100,100.000000,1327.280000,1396.580000,69.3,69.3,0.7323,69.3,-,-,-,-,-,-,-,-,-,-,-,-,-,-,-,-,-,-,-,-,-,-,44.91,5.84,-,-
鑫龙家园莲花六号小区位置点,"ZDBZD-JS-2025-002255	","JFZDPT-JS-20250210-09420	",2021-12-01,2021-12-31,"1536129516	","3205104477350	",1.000000,100,100.000000,2163.650000,2270.780000,107.13,107.13,0.7346,107.13,-,-,-,-,-,-,-,-,-,-,-,-,-,-,-,-,-,-,-,-,-,-,69.65,9.05,-,-
鑫龙家园莲花六号小区位置点,"ZDBZD-JS-2025-002255	","JFZDPT-JS-20260418-02958	",2026-03-01,2026-03-31,"1534337708	","3205104313087	",1.000000,100,100.000000,4101.960000,4123.570000,21.61,21.61,0.679994,21.61,-,-,-,-,-,-,-,-,-,-,-,-,-,-,-,-,-,-,-,-,-,-,13.004133,1.690537,-,-
鑫龙家园莲花六号小区位置点,"ZDBZD-JS-2025-002255	","JFZDPT-JS-20260418-02958	",2026-03-01,2026-03-31,"1534339435	","3205104313426	",1.000000,100,100.000000,3023.330000,3051.440000,28.11,28.11,0.664659,28.11,-,-,-,-,-,-,-,-,-,-,-,-,-,-,-,-,-,-,-,-,-,-,16.534127,2.149437,-,-
鑫龙家园莲花六号小区位置点,"ZDBZD-JS-2025-002255	","JFZDPT-JS-20260418-02958	",2026-03-01,2026-03-31,"1534349171	","3205104313433	",1.000000,100,100.000000,2814.790000,2828.050000,13.26,13.26,0.653858,13.26,-,-,-,-,-,-,-,-,-,-,-,-,-,-,-,-,-,-,-,-,-,-,7.672705,0.997452,-,-
鑫龙家园莲花六号小区位置点,"ZDBZD-JS-2025-002255	","JFZDPT-JS-20260418-02958	",2026-03-01,2026-03-31,"1554157659	","3205104313437	",1.000000,100,100.000000,403.500000,417.020000,13.52,13.52,0.692493,13.52,-,-,-,-,-,-,-,-,-,-,-,-,-,-,-,-,-,-,-,-,-,-,8.285403,1.077102,-,-
鑫龙家园莲花六号小区位置点,"ZDBZD-JS-2025-002255	","JFZDPT-JS-20260418-02958	",2026-03-01,2026-03-31,"1534339430	","3205104313446	",1.000000,100,100.000000,2744.670000,2757.930000,13.26,13.26,0.653858,13.26,-,-,-,-,-,-,-,-,-,-,-,-,-,-,-,-,-,-,-,-,-,-,7.672705,0.997452,-,-
鑫龙家园莲花六号小区位置点,"ZDBZD-JS-2025-002255	","JFZDPT-JS-20260418-02958	",2026-03-01,2026-03-31,"1534337522	","3205104313451	",1.000000,100,100.000000,2977.990000,2991.570000,13.58,13.58,0.689304,13.58,-,-,-,-,-,-,-,-,-,-,-,-,-,-,-,-,-,-,-,-,-,-,8.283848,1.0769,-,-
鑫龙家园莲花六号小区位置点,"ZDBZD-JS-2025-002255	","JFZDPT-JS-20260418-02958	",2026-03-01,2026-03-31,"1528107567	","3205104315707	",1.000000,100,100.000000,4011.170000,4032.540000,21.37,21.37,0.655205,21.37,-,-,-,-,-,-,-,-,-,-,-,-,-,-,-,-,-,-,-,-,-,-,12.390912,1.610819,-,-
鑫龙家园莲花六号小区位置点,"ZDBZD-JS-2025-002255	","JFZDPT-JS-20260418-02958	",2026-03-01,2026-03-31,"1556867474	","3205104315719	",1.000000,100,100.000000,1305.180000,1319.360000,14.18,14.18,0.658893,14.18,-,-,-,-,-,-,-,-,-,-,-,-,-,-,-,-,-,-,-,-,-,-,8.268233,1.07487,-,-
鑫龙家园莲花六号小区位置点,"ZDBZD-JS-2025-002255	","JFZDPT-JS-20260418-02958	",2026-03-01,2026-03-31,"1528102930	","3205104315726	",1.000000,100,100.000000,2931.180000,2960.450000,29.27,29.27,0.661068,29.27,-,-,-,-,-,-,-,-,-,-,-,-,-,-,-,-,-,-,-,-,-,-,17.123416,2.226044,-,-
鑫龙家园莲花六号小区位置点,"ZDBZD-JS-2025-002255	","JFZDPT-JS-20260418-02958	",2026-03-01,2026-03-31,"1559570474	","3205104353226	",1.000000,100,100.000000,5746.080000,5881.990000,135.91,135.91,0.667973,135.91,-,-,-,-,-,-,-,-,-,-,-,-,-,-,-,-,-,-,-,-,-,-,80.340009,10.444201,-,-
鑫龙家园莲花六号小区位置点,"ZDBZD-JS-2025-002255	","JFZDPT-JS-20260418-02958	",2026-03-01,2026-03-31,"1547726877	","3205104472953	",1.000000,100,100.000000,5246.320000,5318.990000,72.67,72.67,0.670614,72.67,-,-,-,-,-,-,-,-,-,-,-,-,-,-,-,-,-,-,-,-,-,-,43.127008,5.606511,-,-
鑫龙家园莲花六号小区位置点,"ZDBZD-JS-2025-002255	","JFZDPT-JS-20260418-02958	",2026-03-01,2026-03-31,"1547633945	","3205104472957	",1.000000,100,100.000000,6632.280000,6731.340000,99.06,99.06,0.667047,99.06,-,-,-,-,-,-,-,-,-,-,-,-,-,-,-,-,-,-,-,-,-,-,58.475819,7.601857,-,-
鑫龙家园莲花六号小区位置点,"ZDBZD-JS-2025-002255	","JFZDPT-JS-20260418-02958	",2026-03-01,2026-03-31,"1547633944	","3205104472959	",1.000000,100,100.000000,5129.130000,5199.710000,70.58,70.58,0.671648,70.58,-,-,-,-,-,-,-,-,-,-,-,-,-,-,-,-,-,-,-,-,-,-,41.951253,5.453663,-,-
鑫龙家园莲花六号小区位置点,"ZDBZD-JS-2025-002255	","JFZDPT-JS-20260418-02958	",2026-03-01,2026-03-31,"1547633946	","3205104472963	",1.000000,100,100.000000,4987.850000,5061.440000,73.59,73.59,0.671375,73.59,-,-,-,-,-,-,-,-,-,-,-,-,-,-,-,-,-,-,-,-,-,-,43.722554,5.683932,-,-
鑫龙家园莲花六号小区位置点,"ZDBZD-JS-2025-002255	","JFZDPT-JS-20260418-02958	",2026-03-01,2026-03-31,"1547634578	","3205104472970	",1.000000,100,100.000000,3882.800000,3927.640000,44.84,44.84,0.669976,44.84,-,-,-,-,-,-,-,-,-,-,-,-,-,-,-,-,-,-,-,-,-,-,26.585596,3.456128,-,-
鑫龙家园莲花六号小区位置点,"ZDBZD-JS-2025-002255	","JFZDPT-JS-20260418-02958	",2026-03-01,2026-03-31,"1547728488	","3205104474427	",1.000000,100,100.000000,5133.790000,5197.060000,63.27,63.27,0.664452,63.27,-,-,-,-,-,-,-,-,-,-,-,-,-,-,-,-,-,-,-,-,-,-,37.203432,4.836446,-,-
鑫龙家园莲花六号小区位置点,"ZDBZD-JS-2025-002255	","JFZDPT-JS-20260418-02958	",2026-03-01,2026-03-31,"1547719754	","3205104474457	",1.000000,100,100.000000,12425.600000,12583.480000,157.88,157.88,0.668028,157.88,-,-,-,-,-,-,-,-,-,-,-,-,-,-,-,-,-,-,-,-,-,-,93.334744,12.133517,-,-
鑫龙家园莲花六号小区位置点,"ZDBZD-JS-2025-002255	","JFZDPT-JS-20260418-02958	",2026-03-01,2026-03-31,"1547728484	","3205104474463	",1.000000,100,100.000000,4356.580000,4413.080000,56.5,56.5,0.673609,56.5,-,-,-,-,-,-,-,-,-,-,-,-,-,-,-,-,-,-,-,-,-,-,33.68045,4.378459,-,-
鑫龙家园莲花六号小区位置点,"ZDBZD-JS-2025-002255	","JFZDPT-JS-20260418-02958	",2026-03-01,2026-03-31,"1547719759	","3205104474467	",1.000000,100,100.000000,5044.000000,5118.360000,74.36,74.36,0.664118,74.36,-,-,-,-,-,-,-,-,-,-,-,-,-,-,-,-,-,-,-,-,-,-,43.70249,5.681324,-,-
鑫龙家园莲花六号小区位置点,"ZDBZD-JS-2025-002255	","JFZDPT-JS-20260418-02958	",2026-03-01,2026-03-31,"1542462053	","3205104476756	",1.000000,100,100.000000,4272.630000,4328.450000,55.82,55.82,0.669812,55.82,-,-,-,-,-,-,-,-,-,-,-,-,-,-,-,-,-,-,-,-,-,-,33.087527,4.301379,-,-
鑫龙家园莲花六号小区位置点,"ZDBZD-JS-2025-002255	","JFZDPT-JS-20260418-02958	",2026-03-01,2026-03-31,"1534365028	","3205104476757	",1.000000,100,100.000000,4839.500000,4899.130000,59.63,59.63,0.671757,59.63,-,-,-,-,-,-,-,-,-,-,-,-,-,-,-,-,-,-,-,-,-,-,35.448558,4.608312,-,-
鑫龙家园莲花六号小区位置点,"ZDBZD-JS-2025-002255	","JFZDPT-JS-20260418-02958	",2026-03-01,2026-03-31,"1535960714	","3205104476763	",1.000000,100,100.000000,10636.100000,10770.560000,134.46,134.46,0.665156,134.46,-,-,-,-,-,-,-,-,-,-,-,-,-,-,-,-,-,-,-,-,-,-,79.147678,10.289198,-,-
鑫龙家园莲花六号小区位置点,"ZDBZD-JS-2025-002255	","JFZDPT-JS-20260418-02958	",2026-03-01,2026-03-31,"1543218796	","3205104476766	",1.000000,100,100.000000,5358.250000,5430.320000,72.07,72.07,0.666868,72.07,-,-,-,-,-,-,-,-,-,-,-,-,-,-,-,-,-,-,-,-,-,-,42.532015,5.529162,-,-
鑫龙家园莲花六号小区位置点,"ZDBZD-JS-2025-002255	","JFZDPT-JS-20260418-02958	",2026-03-01,2026-03-31,"1539721710	","3205104476768	",1.000000,100,100.000000,5181.460000,5250.860000,69.4,69.4,0.663539,69.4,-,-,-,-,-,-,-,-,-,-,-,-,-,-,-,-,-,-,-,-,-,-,40.751865,5.297742,-,-
鑫龙家园莲花六号小区位置点,"ZDBZD-JS-2025-002255	","JFZDPT-JS-20260418-02958	",2026-03-01,2026-03-31,"1534340339	","3205104476772	",1.000000,100,100.000000,4390.140000,4461.490000,71.35,71.35,0.664083,71.35,-,-,-,-,-,-,-,-,-,-,-,-,-,-,-,-,-,-,-,-,-,-,41.931258,5.451064,-,-
鑫龙家园莲花六号小区位置点,"ZDBZD-JS-2025-002255	","JFZDPT-JS-20260418-02958	",2026-03-01,2026-03-31,"1542222948	","3205104476774	",1.000000,100,100.000000,4651.130000,4705.910000,54.78,54.78,0.670308,54.78,-,-,-,-,-,-,-,-,-,-,-,-,-,-,-,-,-,-,-,-,-,-,32.495108,4.224364,-,-
鑫龙家园莲花六号小区位置点,"ZDBZD-JS-2025-002255	","JFZDPT-JS-20260418-02958	",2026-03-01,2026-03-31,"1536674431	","3205104477226	",1.000000,100,100.000000,5811.280000,5863.120000,51.84,51.84,0.669674,51.84,-,-,-,-,-,-,-,-,-,-,-,-,-,-,-,-,-,-,-,-,-,-,30.722035,3.993865,-,-
鑫龙家园莲花六号小区位置点,"ZDBZD-JS-2025-002255	","JFZDPT-JS-20260418-02958	",2026-03-01,2026-03-31,"1536129515	","3205104477228	",1.000000,100,100.000000,5201.010000,5272.920000,71.91,71.91,0.668417,71.91,-,-,-,-,-,-,-,-,-,-,-,-,-,-,-,-,-,-,-,-,-,-,42.536165,5.529701,-,-
鑫龙家园莲花六号小区位置点,"ZDBZD-JS-2025-002255	","JFZDPT-JS-20260418-02958	",2026-03-01,2026-03-31,"1539373623	","3205104477230	",1.000000,100,100.000000,4792.860000,4846.970000,54.11,54.11,0.666035,54.11,-,-,-,-,-,-,-,-,-,-,-,-,-,-,-,-,-,-,-,-,-,-,31.893057,4.146097,-,-
鑫龙家园莲花六号小区位置点,"ZDBZD-JS-2025-002255	","JFZDPT-JS-20260418-02958	",2026-03-01,2026-03-31,"1543105444	","3205104477232	",1.000000,100,100.000000,3865.690000,3910.990000,45.3,45.3,0.662874,45.3,-,-,-,-,-,-,-,-,-,-,-,-,-,-,-,-,-,-,-,-,-,-,26.573621,3.454571,-,-
鑫龙家园莲花六号小区位置点,"ZDBZD-JS-2025-002255	","JFZDPT-JS-20260418-02958	",2026-03-01,2026-03-31,"1544951755	","3205104477235	",1.000000,100,100.000000,5227.760000,5300.310000,72.55,72.55,0.671772,72.55,-,-,-,-,-,-,-,-,-,-,-,-,-,-,-,-,-,-,-,-,-,-,43.130141,5.606918,-,-
鑫龙家园莲花六号小区位置点,"ZDBZD-JS-2025-002255	","JFZDPT-JS-20260418-02958	",2026-03-01,2026-03-31,"1539602549	","3205104477339	",1.000000,100,100.000000,4513.640000,4584.220000,70.58,70.58,0.671648,70.58,-,-,-,-,-,-,-,-,-,-,-,-,-,-,-,-,-,-,-,-,-,-,41.951253,5.453663,-,-
鑫龙家园莲花六号小区位置点,"ZDBZD-JS-2025-002255	","JFZDPT-JS-20260418-02958	",2026-03-01,2026-03-31,"1546160843	","3205104477340	",1.000000,100,100.000000,5299.090000,5370.910000,71.82,71.82,0.669291,71.82,-,-,-,-,-,-,-,-,-,-,-,-,-,-,-,-,-,-,-,-,-,-,42.538478,5.530002,-,-
鑫龙家园莲花六号小区位置点,"ZDBZD-JS-2025-002255	","JFZDPT-JS-20260418-02958	",2026-03-01,2026-03-31,"1546168926	","3205104477341	",1.000000,100,100.000000,5876.270000,5948.510000,72.24,72.24,0.665229,72.24,-,-,-,-,-,-,-,-,-,-,-,-,-,-,-,-,-,-,-,-,-,-,42.52756,5.528583,-,-
鑫龙家园莲花六号小区位置点,"ZDBZD-JS-2025-002255	","JFZDPT-JS-20260418-02958	",2026-03-01,2026-03-31,"1542466276	","3205104477344	",1.000000,100,100.000000,4772.140000,4840.650000,68.51,68.51,0.672541,68.51,-,-,-,-,-,-,-,-,-,-,-,-,-,-,-,-,-,-,-,-,-,-,40.77503,5.300754,-,-
鑫龙家园莲花六号小区位置点,"ZDBZD-JS-2025-002255	","JFZDPT-JS-20260418-02958	",2026-03-01,2026-03-31,"1536129516	","3205104477350	",1.000000,100,100.000000,6461.790000,6536.250000,74.46,74.46,0.663187,74.46,-,-,-,-,-,-,-,-,-,-,-,-,-,-,-,-,-,-,-,-,-,-,43.699915,5.680989,-,-
鑫龙家园莲花六号小区位置点,"ZDBZD-JS-2025-002255	","JFZDPT-JS-20250211-05630	",2022-03-01,2022-03-31,"1534337708	","3205104313087	",1.000000,100,100.000000,2024.470000,2072.080000,47.61,47.61,0.74,47.61,-,-,-,-,-,-,-,-,-,-,-,-,-,-,-,-,-,-,-,-,-,-,31.18,4.05,-,-
鑫龙家园莲花六号小区位置点,"ZDBZD-JS-2025-002255	","JFZDPT-JS-20250211-05630	",2022-03-01,2022-03-31,"1534339435	","3205104313426	",1.000000,100,100.000000,1404.380000,1437.790000,33.41,33.41,0.7249,33.41,-,-,-,-,-,-,-,-,-,-,-,-,-,-,-,-,-,-,-,-,-,-,21.43,2.79,-,-
鑫龙家园莲花六号小区位置点,"ZDBZD-JS-2025-002255	","JFZDPT-JS-20250211-05630	",2022-03-01,2022-03-31,"1534349171	","3205104313433	",1.000000,100,100.000000,1392.070000,1424.880000,32.81,32.81,0.7382,32.81,-,-,-,-,-,-,-,-,-,-,-,-,-,-,-,-,-,-,-,-,-,-,21.43,2.79,-,-
鑫龙家园莲花六号小区位置点,"ZDBZD-JS-2025-002255	","JFZDPT-JS-20250211-05630	",2022-03-01,2022-03-31,"1554157659	","3205104313437	",1.000000,100,100.000000,1406.980000,1440.090000,33.11,33.11,0.7315,33.11,-,-,-,-,-,-,-,-,-,-,-,-,-,-,-,-,-,-,-,-,-,-,21.43,2.79,-,-
鑫龙家园莲花六号小区位置点,"ZDBZD-JS-2025-002255	","JFZDPT-JS-20250211-05630	",2022-03-01,2022-03-31,"1534339430	","3205104313446	",1.000000,100,100.000000,1322.280000,1355.420000,33.14,33.14,0.7308,33.14,-,-,-,-,-,-,-,-,-,-,-,-,-,-,-,-,-,-,-,-,-,-,21.43,2.79,-,-
鑫龙家园莲花六号小区位置点,"ZDBZD-JS-2025-002255	","JFZDPT-JS-20250211-05630	",2022-03-01,2022-03-31,"1534337522	","3205104313451	",1.000000,100,100.000000,1484.610000,1518.990000,34.38,34.38,0.726,34.38,-,-,-,-,-,-,-,-,-,-,-,-,-,-,-,-,-,-,-,-,-,-,22.09,2.87,-,-
鑫龙家园莲花六号小区位置点,"ZDBZD-JS-2025-002255	","JFZDPT-JS-20250211-05630	",2022-03-01,2022-03-31,"1528107567	","3205104315707	",1.000000,100,100.000000,1992.630000,2039.640000,47.01,47.01,0.7339,47.01,-,-,-,-,-,-,-,-,-,-,-,-,-,-,-,-,-,-,-,-,-,-,30.53,3.97,-,-
鑫龙家园莲花六号小区位置点,"ZDBZD-JS-2025-002255	","JFZDPT-JS-20250211-05630	",2022-03-01,2022-03-31,"1556867474	","3205104315719	",1.000000,100,100.000000,1456.940000,1490.100000,33.16,33.16,0.7304,33.16,-,-,-,-,-,-,-,-,-,-,-,-,-,-,-,-,-,-,-,-,-,-,21.43,2.79,-,-
鑫龙家园莲花六号小区位置点,"ZDBZD-JS-2025-002255	","JFZDPT-JS-20250211-05630	",2022-03-01,2022-03-31,"1528102930	","3205104315726	",1.000000,100,100.000000,1435.160000,1469.110000,33.95,33.95,0.7352,33.95,-,-,-,-,-,-,-,-,-,-,-,-,-,-,-,-,-,-,-,-,-,-,22.09,2.87,-,-
鑫龙家园莲花六号小区位置点,"ZDBZD-JS-2025-002255	","JFZDPT-JS-20250211-05630	",2022-03-01,2022-03-31,"1559570474	","3205104353226	",1.000000,100,100.000000,797.310000,955.420000,158.11,158.11,0.7335,158.11,-,-,-,-,-,-,-,-,-,-,-,-,-,-,-,-,-,-,-,-,-,-,102.63,13.34,-,-
鑫龙家园莲花六号小区位置点,"ZDBZD-JS-2025-002255	","JFZDPT-JS-20250211-05630	",2022-03-01,2022-03-31,"1547726877	","3205104472953	",1.000000,100,100.000000,1810.670000,1883.300000,72.63,72.63,0.7377,72.63,-,-,-,-,-,-,-,-,-,-,-,-,-,-,-,-,-,-,-,-,-,-,47.42,6.16,-,-
鑫龙家园莲花六号小区位置点,"ZDBZD-JS-2025-002255	","JFZDPT-JS-20250211-05630	",2022-03-01,2022-03-31,"1547633945	","3205104472957	",1.000000,100,100.000000,2246.210000,2320.850000,74.64,74.64,0.7375,74.64,-,-,-,-,-,-,-,-,-,-,-,-,-,-,-,-,-,-,-,-,-,-,48.72,6.33,-,-
鑫龙家园莲花六号小区位置点,"ZDBZD-JS-2025-002255	","JFZDPT-JS-20250211-05630	",2022-03-01,2022-03-31,"1547633944	","3205104472959	",1.000000,100,100.000000,1785.970000,1856.790000,70.82,70.82,0.7358,70.82,-,-,-,-,-,-,-,-,-,-,-,-,-,-,-,-,-,-,-,-,-,-,46.12,5.99,-,-
鑫龙家园莲花六号小区位置点,"ZDBZD-JS-2025-002255	","JFZDPT-JS-20250211-05630	",2022-03-01,2022-03-31,"1547633946	","3205104472963	",1.000000,100,100.000000,1600.580000,1674.460000,73.88,73.88,0.7351,73.88,-,-,-,-,-,-,-,-,-,-,-,-,-,-,-,-,-,-,-,-,-,-,48.06,6.25,-,-
鑫龙家园莲花六号小区位置点,"ZDBZD-JS-2025-002255	","JFZDPT-JS-20250211-05630	",2022-03-01,2022-03-31,"1547634578	","3205104472970	",1.000000,100,100.000000,1539.810000,1592.820000,53.01,53.01,0.7338,53.01,-,-,-,-,-,-,-,-,-,-,-,-,-,-,-,-,-,-,-,-,-,-,34.42,4.48,-,-
鑫龙家园莲花六号小区位置点,"ZDBZD-JS-2025-002255	","JFZDPT-JS-20250211-05630	",2022-03-01,2022-03-31,"1547728488	","3205104474427	",1.000000,100,100.000000,1796.020000,1868.010000,71.99,71.99,0.7341,71.99,-,-,-,-,-,-,-,-,-,-,-,-,-,-,-,-,-,-,-,-,-,-,46.77,6.08,-,-
鑫龙家园莲花六号小区位置点,"ZDBZD-JS-2025-002255	","JFZDPT-JS-20250211-05630	",2022-03-01,2022-03-31,"1547719754	","3205104474457	",1.000000,100,100.000000,4676.060000,4857.450000,181.39,181.39,0.7324,181.39,-,-,-,-,-,-,-,-,-,-,-,-,-,-,-,-,-,-,-,-,-,-,117.57,15.28,-,-
鑫龙家园莲花六号小区位置点,"ZDBZD-JS-2025-002255	","JFZDPT-JS-20250211-05630	",2022-03-01,2022-03-31,"1547728484	","3205104474463	",1.000000,100,100.000000,1807.300000,1880.060000,72.76,72.76,0.7364,72.76,-,-,-,-,-,-,-,-,-,-,-,-,-,-,-,-,-,-,-,-,-,-,47.42,6.16,-,-
鑫龙家园莲花六号小区位置点,"ZDBZD-JS-2025-002255	","JFZDPT-JS-20250211-05630	",2022-03-01,2022-03-31,"1547719759	","3205104474467	",1.000000,100,100.000000,1918.470000,1990.640000,72.17,72.17,0.7323,72.17,-,-,-,-,-,-,-,-,-,-,-,-,-,-,-,-,-,-,-,-,-,-,46.77,6.08,-,-
鑫龙家园莲花六号小区位置点,"ZDBZD-JS-2025-002255	","JFZDPT-JS-20250211-05630	",2022-03-01,2022-03-31,"1534271368	","3205104476753	",1.000000,100,100.000000,1734.860000,1804.740000,69.88,69.88,0.7353,69.88,-,-,-,-,-,-,-,-,-,-,-,-,-,-,-,-,-,-,-,-,-,-,45.47,5.91,-,-
鑫龙家园莲花六号小区位置点,"ZDBZD-JS-2025-002255	","JFZDPT-JS-20250211-05630	",2022-03-01,2022-03-31,"1542462053	","3205104476756	",1.000000,100,100.000000,1647.000000,1702.760000,55.76,55.76,0.7371,55.76,-,-,-,-,-,-,-,-,-,-,-,-,-,-,-,-,-,-,-,-,-,-,36.37,4.73,-,-
鑫龙家园莲花六号小区位置点,"ZDBZD-JS-2025-002255	","JFZDPT-JS-20250211-05630	",2022-03-01,2022-03-31,"1534365028	","3205104476757	",1.000000,100,100.000000,1793.530000,1867.140000,73.61,73.61,0.7378,73.61,-,-,-,-,-,-,-,-,-,-,-,-,-,-,-,-,-,-,-,-,-,-,48.06,6.25,-,-
鑫龙家园莲花六号小区位置点,"ZDBZD-JS-2025-002255	","JFZDPT-JS-20250211-05630	",2022-03-01,2022-03-31,"1535669055	","3205104476759	",1.000000,100,100.000000,2533.800000,2634.380000,100.58,100.58,0.737,100.58,-,-,-,-,-,-,-,-,-,-,-,-,-,-,-,-,-,-,-,-,-,-,65.6,8.53,-,-
鑫龙家园莲花六号小区位置点,"ZDBZD-JS-2025-002255	","JFZDPT-JS-20250211-05630	",2022-03-01,2022-03-31,"1535960714	","3205104476763	",1.000000,100,100.000000,4016.540000,4166.960000,150.42,150.42,0.732,150.42,-,-,-,-,-,-,-,-,-,-,-,-,-,-,-,-,-,-,-,-,-,-,97.44,12.67,-,-
鑫龙家园莲花六号小区位置点,"ZDBZD-JS-2025-002255	","JFZDPT-JS-20250211-05630	",2022-03-01,2022-03-31,"1543218796	","3205104476766	",1.000000,100,100.000000,1946.570000,2018.990000,72.42,72.42,0.7298,72.42,-,-,-,-,-,-,-,-,-,-,-,-,-,-,-,-,-,-,-,-,-,-,46.77,6.08,-,-
鑫龙家园莲花六号小区位置点,"ZDBZD-JS-2025-002255	","JFZDPT-JS-20250211-05630	",2022-03-01,2022-03-31,"1539721710	","3205104476768	",1.000000,100,100.000000,1890.380000,1959.930000,69.55,69.55,0.7387,69.55,-,-,-,-,-,-,-,-,-,-,-,-,-,-,-,-,-,-,-,-,-,-,45.47,5.91,-,-
鑫龙家园莲花六号小区位置点,"ZDBZD-JS-2025-002255	","JFZDPT-JS-20250211-05630	",2022-03-01,2022-03-31,"1534340339	","3205104476772	",1.000000,100,100.000000,1311.740000,1359.050000,47.31,47.31,0.7292,47.31,-,-,-,-,-,-,-,-,-,-,-,-,-,-,-,-,-,-,-,-,-,-,30.53,3.97,-,-
鑫龙家园莲花六号小区位置点,"ZDBZD-JS-2025-002255	","JFZDPT-JS-20250211-05630	",2022-03-01,2022-03-31,"1542222948	","3205104476774	",1.000000,100,100.000000,1804.330000,1876.860000,72.53,72.53,0.7387,72.53,-,-,-,-,-,-,-,-,-,-,-,-,-,-,-,-,-,-,-,-,-,-,47.42,6.16,-,-
鑫龙家园莲花六号小区位置点,"ZDBZD-JS-2025-002255	","JFZDPT-JS-20250211-05630	",2022-03-01,2022-03-31,"1536674431	","3205104477226	",1.000000,100,100.000000,2127.570000,2204.320000,76.75,76.75,0.7364,76.75,-,-,-,-,-,-,-,-,-,-,-,-,-,-,-,-,-,-,-,-,-,-,50.02,6.5,-,-
鑫龙家园莲花六号小区位置点,"ZDBZD-JS-2025-002255	","JFZDPT-JS-20250211-05630	",2022-03-01,2022-03-31,"1536129515	","3205104477228	",1.000000,100,100.000000,1900.680000,1972.460000,71.78,71.78,0.7363,71.78,-,-,-,-,-,-,-,-,-,-,-,-,-,-,-,-,-,-,-,-,-,-,46.77,6.08,-,-
鑫龙家园莲花六号小区位置点,"ZDBZD-JS-2025-002255	","JFZDPT-JS-20250211-05630	",2022-03-01,2022-03-31,"1539373623	","3205104477230	",1.000000,100,100.000000,1831.390000,1904.220000,72.83,72.83,0.7357,72.83,-,-,-,-,-,-,-,-,-,-,-,-,-,-,-,-,-,-,-,-,-,-,47.42,6.16,-,-
鑫龙家园莲花六号小区位置点,"ZDBZD-JS-2025-002255	","JFZDPT-JS-20250211-05630	",2022-03-01,2022-03-31,"1543105444	","3205104477232	",1.000000,100,100.000000,1783.440000,1828.500000,45.06,45.06,0.733,45.06,-,-,-,-,-,-,-,-,-,-,-,-,-,-,-,-,-,-,-,-,-,-,29.23,3.8,-,-
鑫龙家园莲花六号小区位置点,"ZDBZD-JS-2025-002255	","JFZDPT-JS-20250211-05630	",2022-03-01,2022-03-31,"1544951755	","3205104477235	",1.000000,100,100.000000,1905.820000,1978.360000,72.54,72.54,0.7386,72.54,-,-,-,-,-,-,-,-,-,-,-,-,-,-,-,-,-,-,-,-,-,-,47.42,6.16,-,-
鑫龙家园莲花六号小区位置点,"ZDBZD-JS-2025-002255	","JFZDPT-JS-20250211-05630	",2022-03-01,2022-03-31,"1544684094	","3205104477238	",1.000000,100,100.000000,1878.090000,1948.460000,70.37,70.37,0.7301,70.37,-,-,-,-,-,-,-,-,-,-,-,-,-,-,-,-,-,-,-,-,-,-,45.47,5.91,-,-
鑫龙家园莲花六号小区位置点,"ZDBZD-JS-2025-002255	","JFZDPT-JS-20250211-05630	",2022-03-01,2022-03-31,"1539602549	","3205104477339	",1.000000,100,100.000000,1966.440000,2040.170000,73.73,73.73,0.7366,73.73,-,-,-,-,-,-,-,-,-,-,-,-,-,-,-,-,-,-,-,-,-,-,48.06,6.25,-,-
鑫龙家园莲花六号小区位置点,"ZDBZD-JS-2025-002255	","JFZDPT-JS-20250211-05630	",2022-03-01,2022-03-31,"1546160843	","3205104477340	",1.000000,100,100.000000,1939.540000,2012.170000,72.63,72.63,0.7377,72.63,-,-,-,-,-,-,-,-,-,-,-,-,-,-,-,-,-,-,-,-,-,-,47.42,6.16,-,-
鑫龙家园莲花六号小区位置点,"ZDBZD-JS-2025-002255	","JFZDPT-JS-20250211-05630	",2022-03-01,2022-03-31,"1546168926	","3205104477341	",1.000000,100,100.000000,2228.730000,2312.080000,83.35,83.35,0.7309,83.35,-,-,-,-,-,-,-,-,-,-,-,-,-,-,-,-,-,-,-,-,-,-,53.91,7.01,-,-
鑫龙家园莲花六号小区位置点,"ZDBZD-JS-2025-002255	","JFZDPT-JS-20250211-05630	",2022-03-01,2022-03-31,"1542466276	","3205104477344	",1.000000,100,100.000000,1528.450000,1597.840000,69.39,69.39,0.7298,69.39,-,-,-,-,-,-,-,-,-,-,-,-,-,-,-,-,-,-,-,-,-,-,44.81,5.83,-,-
鑫龙家园莲花六号小区位置点,"ZDBZD-JS-2025-002255	","JFZDPT-JS-20250211-05630	",2022-03-01,2022-03-31,"1536129516	","3205104477350	",1.000000,100,100.000000,2474.580000,2581.960000,107.38,107.38,0.7314,107.38,-,-,-,-,-,-,-,-,-,-,-,-,-,-,-,-,-,-,-,-,-,-,69.5,9.04,-,-
鑫龙家园莲花六号小区位置点,"ZDBZD-JS-2025-002255	","JFZDPT-JS-20250210-06471	",2021-03-01,2021-03-31,"1534337708	","3205104313087	",1.000000,100,100.000000,1462.650000,1510.580000,47.93,47.93,0.6347,47.93,-,-,-,-,-,-,-,-,-,-,-,-,-,-,-,-,-,-,-,-,-,-,26.92,3.5,-,-
鑫龙家园莲花六号小区位置点,"ZDBZD-JS-2025-002255	","JFZDPT-JS-20250210-06471	",2021-03-01,2021-03-31,"1534339435	","3205104313426	",1.000000,100,100.000000,1011.940000,1045.210000,33.27,33.27,0.6285,33.27,-,-,-,-,-,-,-,-,-,-,-,-,-,-,-,-,-,-,-,-,-,-,18.5,2.41,-,-
鑫龙家园莲花六号小区位置点,"ZDBZD-JS-2025-002255	","JFZDPT-JS-20250210-06471	",2021-03-01,2021-03-31,"1534349171	","3205104313433	",1.000000,100,100.000000,1004.520000,1037.120000,32.6,32.6,0.6414,32.6,-,-,-,-,-,-,-,-,-,-,-,-,-,-,-,-,-,-,-,-,-,-,18.5,2.41,-,-
鑫龙家园莲花六号小区位置点,"ZDBZD-JS-2025-002255	","JFZDPT-JS-20250210-06471	",2021-03-01,2021-03-31,"1554157659	","3205104313437	",1.000000,100,100.000000,1016.580000,1049.620000,33.04,33.04,0.6329,33.04,-,-,-,-,-,-,-,-,-,-,-,-,-,-,-,-,-,-,-,-,-,-,18.5,2.41,-,-
鑫龙家园莲花六号小区位置点,"ZDBZD-JS-2025-002255	","JFZDPT-JS-20250210-06471	",2021-03-01,2021-03-31,"1534339430	","3205104313446	",1.000000,100,100.000000,930.170000,963.150000,32.98,32.98,0.634,32.98,-,-,-,-,-,-,-,-,-,-,-,-,-,-,-,-,-,-,-,-,-,-,18.5,2.41,-,-
鑫龙家园莲花六号小区位置点,"ZDBZD-JS-2025-002255	","JFZDPT-JS-20250210-06471	",2021-03-01,2021-03-31,"1534337522	","3205104313451	",1.000000,100,100.000000,1082.640000,1116.520000,33.88,33.88,0.6361,33.88,-,-,-,-,-,-,-,-,-,-,-,-,-,-,-,-,-,-,-,-,-,-,19.07,2.48,-,-
鑫龙家园莲花六号小区位置点,"ZDBZD-JS-2025-002255	","JFZDPT-JS-20250210-06471	",2021-03-01,2021-03-31,"1528107567	","3205104315707	",1.000000,100,100.000000,1440.860000,1487.780000,46.92,46.92,0.6349,46.92,-,-,-,-,-,-,-,-,-,-,-,-,-,-,-,-,-,-,-,-,-,-,26.36,3.43,-,-
鑫龙家园莲花六号小区位置点,"ZDBZD-JS-2025-002255	","JFZDPT-JS-20250210-06471	",2021-03-01,2021-03-31,"1556867474	","3205104315719	",1.000000,100,100.000000,1068.210000,1101.220000,33.01,33.01,0.6334,33.01,-,-,-,-,-,-,-,-,-,-,-,-,-,-,-,-,-,-,-,-,-,-,18.5,2.41,-,-
鑫龙家园莲花六号小区位置点,"ZDBZD-JS-2025-002255	","JFZDPT-JS-20250210-06471	",2021-03-01,2021-03-31,"1528102930	","3205104315726	",1.000000,100,100.000000,1030.660000,1064.600000,33.94,33.94,0.6349,33.94,-,-,-,-,-,-,-,-,-,-,-,-,-,-,-,-,-,-,-,-,-,-,19.07,2.48,-,-
鑫龙家园莲花六号小区位置点,"ZDBZD-JS-2025-002255	","JFZDPT-JS-20250210-06471	",2021-03-01,2021-03-31,"1559570474	","3205104353226	",1.000000,100,100.000000,3218.270000,3387.860000,169.59,169.59,0.6353,169.59,-,-,-,-,-,-,-,-,-,-,-,-,-,-,-,-,-,-,-,-,-,-,95.35,12.39,-,-
鑫龙家园莲花六号小区位置点,"ZDBZD-JS-2025-002255	","JFZDPT-JS-20250210-06471	",2021-03-01,2021-03-31,"1547726877	","3205104472953	",1.000000,100,100.000000,1000.280000,1058.470000,58.19,58.19,0.6317,58.19,-,-,-,-,-,-,-,-,-,-,-,-,-,-,-,-,-,-,-,-,-,-,32.53,4.23,-,-
鑫龙家园莲花六号小区位置点,"ZDBZD-JS-2025-002255	","JFZDPT-JS-20250210-06471	",2021-03-01,2021-03-31,"1547633945	","3205104472957	",1.000000,100,100.000000,1378.410000,1456.420000,78.01,78.01,0.6336,78.01,-,-,-,-,-,-,-,-,-,-,-,-,-,-,-,-,-,-,-,-,-,-,43.74,5.69,-,-
鑫龙家园莲花六号小区位置点,"ZDBZD-JS-2025-002255	","JFZDPT-JS-20250210-06471	",2021-03-01,2021-03-31,"1547633944	","3205104472959	",1.000000,100,100.000000,992.250000,1049.690000,57.44,57.44,0.6288,57.44,-,-,-,-,-,-,-,-,-,-,-,-,-,-,-,-,-,-,-,-,-,-,31.96,4.16,-,-
鑫龙家园莲花六号小区位置点,"ZDBZD-JS-2025-002255	","JFZDPT-JS-20250210-06471	",2021-03-01,2021-03-31,"1547633946	","3205104472963	",1.000000,100,100.000000,858.860000,913.580000,54.72,54.72,0.6369,54.72,-,-,-,-,-,-,-,-,-,-,-,-,-,-,-,-,-,-,-,-,-,-,30.84,4.01,-,-
鑫龙家园莲花六号小区位置点,"ZDBZD-JS-2025-002255	","JFZDPT-JS-20250210-06471	",2021-03-01,2021-03-31,"1547634578	","3205104472970	",1.000000,100,100.000000,913.850000,966.670000,52.82,52.82,0.6359,52.82,-,-,-,-,-,-,-,-,-,-,-,-,-,-,-,-,-,-,-,-,-,-,29.73,3.86,-,-
鑫龙家园莲花六号小区位置点,"ZDBZD-JS-2025-002255	","JFZDPT-JS-20250210-06471	",2021-03-01,2021-03-31,"1547728488	","3205104474427	",1.000000,100,100.000000,992.590000,1050.610000,58.02,58.02,0.6336,58.02,-,-,-,-,-,-,-,-,-,-,-,-,-,-,-,-,-,-,-,-,-,-,32.53,4.23,-,-
鑫龙家园莲花六号小区位置点,"ZDBZD-JS-2025-002255	","JFZDPT-JS-20250210-06471	",2021-03-01,2021-03-31,"1547719754	","3205104474457	",1.000000,100,100.000000,2611.460000,2772.200000,160.74,160.74,0.6348,160.74,-,-,-,-,-,-,-,-,-,-,-,-,-,-,-,-,-,-,-,-,-,-,90.3,11.74,-,-
鑫龙家园莲花六号小区位置点,"ZDBZD-JS-2025-002255	","JFZDPT-JS-20250210-06471	",2021-03-01,2021-03-31,"1547728484	","3205104474463	",1.000000,100,100.000000,1001.370000,1059.240000,57.87,57.87,0.6352,57.87,-,-,-,-,-,-,-,-,-,-,-,-,-,-,-,-,-,-,-,-,-,-,32.53,4.23,-,-
鑫龙家园莲花六号小区位置点,"ZDBZD-JS-2025-002255	","JFZDPT-JS-20250210-06471	",2021-03-01,2021-03-31,"1547719759	","3205104474467	",1.000000,100,100.000000,1072.290000,1142.760000,70.47,70.47,0.6295,70.47,-,-,-,-,-,-,-,-,-,-,-,-,-,-,-,-,-,-,-,-,-,-,39.26,5.1,-,-
鑫龙家园莲花六号小区位置点,"ZDBZD-JS-2025-002255	","JFZDPT-JS-20250210-06471	",2021-03-01,2021-03-31,"1534271368	","3205104476753	",1.000000,100,100.000000,951.930000,1008.470000,56.54,56.54,0.6388,56.54,-,-,-,-,-,-,-,-,-,-,-,-,-,-,-,-,-,-,-,-,-,-,31.96,4.16,-,-
鑫龙家园莲花六号小区位置点,"ZDBZD-JS-2025-002255	","JFZDPT-JS-20250210-06471	",2021-03-01,2021-03-31,"1542462053	","3205104476756	",1.000000,100,100.000000,988.950000,1044.930000,55.98,55.98,0.634,55.98,-,-,-,-,-,-,-,-,-,-,-,-,-,-,-,-,-,-,-,-,-,-,31.41,4.08,-,-
鑫龙家园莲花六号小区位置点,"ZDBZD-JS-2025-002255	","JFZDPT-JS-20250210-06471	",2021-03-01,2021-03-31,"1534365028	","3205104476757	",1.000000,100,100.000000,966.950000,1027.320000,60.37,60.37,0.6298,60.37,-,-,-,-,-,-,-,-,-,-,-,-,-,-,-,-,-,-,-,-,-,-,33.65,4.37,-,-
鑫龙家园莲花六号小区位置点,"ZDBZD-JS-2025-002255	","JFZDPT-JS-20250210-06471	",2021-03-01,2021-03-31,"1535669055	","3205104476759	",1.000000,100,100.000000,1411.050000,1491.100000,80.05,80.05,0.6334,80.05,-,-,-,-,-,-,-,-,-,-,-,-,-,-,-,-,-,-,-,-,-,-,44.87,5.83,-,-
鑫龙家园莲花六号小区位置点,"ZDBZD-JS-2025-002255	","JFZDPT-JS-20250210-06471	",2021-03-01,2021-03-31,"1535960714	","3205104476763	",1.000000,100,100.000000,2258.760000,2406.010000,147.25,147.25,0.6327,147.25,-,-,-,-,-,-,-,-,-,-,-,-,-,-,-,-,-,-,-,-,-,-,82.45,10.72,-,-
鑫龙家园莲花六号小区位置点,"ZDBZD-JS-2025-002255	","JFZDPT-JS-20250210-06471	",2021-03-01,2021-03-31,"1543218796	","3205104476766	",1.000000,100,100.000000,1091.320000,1163.780000,72.46,72.46,0.6297,72.46,-,-,-,-,-,-,-,-,-,-,-,-,-,-,-,-,-,-,-,-,-,-,40.38,5.25,-,-
鑫龙家园莲花六号小区位置点,"ZDBZD-JS-2025-002255	","JFZDPT-JS-20250210-06471	",2021-03-01,2021-03-31,"1539721710	","3205104476768	",1.000000,100,100.000000,1067.160000,1136.880000,69.72,69.72,0.6363,69.72,-,-,-,-,-,-,-,-,-,-,-,-,-,-,-,-,-,-,-,-,-,-,39.26,5.1,-,-
鑫龙家园莲花六号小区位置点,"ZDBZD-JS-2025-002255	","JFZDPT-JS-20250210-06471	",2021-03-01,2021-03-31,"1534340339	","3205104476772	",1.000000,100,100.000000,753.220000,800.390000,47.17,47.17,0.6315,47.17,-,-,-,-,-,-,-,-,-,-,-,-,-,-,-,-,-,-,-,-,-,-,26.36,3.43,-,-
鑫龙家园莲花六号小区位置点,"ZDBZD-JS-2025-002255	","JFZDPT-JS-20250210-06471	",2021-03-01,2021-03-31,"1542222948	","3205104476774	",1.000000,100,100.000000,996.640000,1054.020000,57.38,57.38,0.6295,57.38,-,-,-,-,-,-,-,-,-,-,-,-,-,-,-,-,-,-,-,-,-,-,31.96,4.16,-,-
鑫龙家园莲花六号小区位置点,"ZDBZD-JS-2025-002255	","JFZDPT-JS-20250210-06471	",2021-03-01,2021-03-31,"1536674431	","3205104477226	",1.000000,100,100.000000,1217.890000,1294.800000,76.91,76.91,0.6345,76.91,-,-,-,-,-,-,-,-,-,-,-,-,-,-,-,-,-,-,-,-,-,-,43.19,5.61,-,-
鑫龙家园莲花六号小区位置点,"ZDBZD-JS-2025-002255	","JFZDPT-JS-20250210-06471	",2021-03-01,2021-03-31,"1536129515	","3205104477228	",1.000000,100,100.000000,1056.420000,1126.880000,70.46,70.46,0.6296,70.46,-,-,-,-,-,-,-,-,-,-,-,-,-,-,-,-,-,-,-,-,-,-,39.26,5.1,-,-
鑫龙家园莲花六号小区位置点,"ZDBZD-JS-2025-002255	","JFZDPT-JS-20250210-06471	",2021-03-01,2021-03-31,"1539373623	","3205104477230	",1.000000,100,100.000000,1018.630000,1076.910000,58.28,58.28,0.6307,58.28,-,-,-,-,-,-,-,-,-,-,-,-,-,-,-,-,-,-,-,-,-,-,32.53,4.23,-,-
鑫龙家园莲花六号小区位置点,"ZDBZD-JS-2025-002255	","JFZDPT-JS-20250210-06471	",2021-03-01,2021-03-31,"1543105444	","3205104477232	",1.000000,100,100.000000,1069.810000,1141.360000,71.55,71.55,0.6377,71.55,-,-,-,-,-,-,-,-,-,-,-,-,-,-,-,-,-,-,-,-,-,-,40.38,5.25,-,-
鑫龙家园莲花六号小区位置点,"ZDBZD-JS-2025-002255	","JFZDPT-JS-20250210-06471	",2021-03-01,2021-03-31,"1544951755	","3205104477235	",1.000000,100,100.000000,1056.380000,1127.350000,70.97,70.97,0.6339,70.97,-,-,-,-,-,-,-,-,-,-,-,-,-,-,-,-,-,-,-,-,-,-,39.81,5.18,-,-
鑫龙家园莲花六号小区位置点,"ZDBZD-JS-2025-002255	","JFZDPT-JS-20250210-06471	",2021-03-01,2021-03-31,"1544684094	","3205104477238	",1.000000,100,100.000000,1048.930000,1118.970000,70.04,70.04,0.6334,70.04,-,-,-,-,-,-,-,-,-,-,-,-,-,-,-,-,-,-,-,-,-,-,39.26,5.1,-,-
鑫龙家园莲花六号小区位置点,"ZDBZD-JS-2025-002255	","JFZDPT-JS-20250210-06471	",2021-03-01,2021-03-31,"1539602549	","3205104477339	",1.000000,100,100.000000,1100.460000,1173.640000,73.18,73.18,0.6323,73.18,-,-,-,-,-,-,-,-,-,-,-,-,-,-,-,-,-,-,-,-,-,-,40.95,5.32,-,-
鑫龙家园莲花六号小区位置点,"ZDBZD-JS-2025-002255	","JFZDPT-JS-20250210-06471	",2021-03-01,2021-03-31,"1546160843	","3205104477340	",1.000000,100,100.000000,1088.540000,1160.240000,71.7,71.7,0.6364,71.7,-,-,-,-,-,-,-,-,-,-,-,-,-,-,-,-,-,-,-,-,-,-,40.38,5.25,-,-
鑫龙家园莲花六号小区位置点,"ZDBZD-JS-2025-002255	","JFZDPT-JS-20250210-06471	",2021-03-01,2021-03-31,"1546168926	","3205104477341	",1.000000,100,100.000000,1246.360000,1329.470000,83.11,83.11,0.6329,83.11,-,-,-,-,-,-,-,-,-,-,-,-,-,-,-,-,-,-,-,-,-,-,46.55,6.05,-,-
鑫龙家园莲花六号小区位置点,"ZDBZD-JS-2025-002255	","JFZDPT-JS-20250210-06471	",2021-03-01,2021-03-31,"1542466276	","3205104477344	",1.000000,100,100.000000,753.580000,798.770000,45.19,45.19,0.6311,45.19,-,-,-,-,-,-,-,-,-,-,-,-,-,-,-,-,-,-,-,-,-,-,25.24,3.28,-,-
鑫龙家园莲花六号小区位置点,"ZDBZD-JS-2025-002255	","JFZDPT-JS-20250210-06471	",2021-03-01,2021-03-31,"1536129516	","3205104477350	",1.000000,100,100.000000,1215.020000,1317.410000,102.39,102.39,0.6313,102.39,-,-,-,-,-,-,-,-,-,-,-,-,-,-,-,-,-,-,-,-,-,-,57.2,7.44,-,-
鑫龙家园莲花六号小区位置点,"ZDBZD-JS-2025-002255	","JFZDPT-JS-20250213-05774	",2023-02-01,2023-02-28,"1534337708	","3205104313087	",1.000000,100,100.000000,2545.560000,2588.660000,43.1,43.1,0.7429,43.1,-,-,-,-,-,-,-,-,-,-,-,-,-,-,-,-,-,-,-,-,-,-,28.34,3.68,-,-
鑫龙家园莲花六号小区位置点,"ZDBZD-JS-2025-002255	","JFZDPT-JS-20250213-05774	",2023-02-01,2023-02-28,"1534339435	","3205104313426	",1.000000,100,100.000000,1771.280000,1801.440000,30.16,30.16,0.7407,30.16,-,-,-,-,-,-,-,-,-,-,-,-,-,-,-,-,-,-,-,-,-,-,19.77,2.57,-,-
鑫龙家园莲花六号小区位置点,"ZDBZD-JS-2025-002255	","JFZDPT-JS-20250213-05774	",2023-02-01,2023-02-28,"1534349171	","3205104313433	",1.000000,100,100.000000,1753.010000,1782.780000,29.77,29.77,0.7504,29.77,-,-,-,-,-,-,-,-,-,-,-,-,-,-,-,-,-,-,-,-,-,-,19.77,2.57,-,-
鑫龙家园莲花六号小区位置点,"ZDBZD-JS-2025-002255	","JFZDPT-JS-20250213-05774	",2023-02-01,2023-02-28,"1554157659	","3205104313437	",1.000000,100,100.000000,1769.020000,1798.680000,29.66,29.66,0.7532,29.66,-,-,-,-,-,-,-,-,-,-,-,-,-,-,-,-,-,-,-,-,-,-,19.77,2.57,-,-
鑫龙家园莲花六号小区位置点,"ZDBZD-JS-2025-002255	","JFZDPT-JS-20250213-05774	",2023-02-01,2023-02-28,"1534339430	","3205104313446	",1.000000,100,100.000000,1686.080000,1715.940000,29.86,29.86,0.7482,29.86,-,-,-,-,-,-,-,-,-,-,-,-,-,-,-,-,-,-,-,-,-,-,19.77,2.57,-,-
鑫龙家园莲花六号小区位置点,"ZDBZD-JS-2025-002255	","JFZDPT-JS-20250213-05774	",2023-02-01,2023-02-28,"1534337522	","3205104313451	",1.000000,100,100.000000,1872.520000,1905.030000,32.51,32.51,0.7561,32.51,-,-,-,-,-,-,-,-,-,-,-,-,-,-,-,-,-,-,-,-,-,-,21.75,2.83,-,-
鑫龙家园莲花六号小区位置点,"ZDBZD-JS-2025-002255	","JFZDPT-JS-20250213-05774	",2023-02-01,2023-02-28,"1528107567	","3205104315707	",1.000000,100,100.000000,2500.790000,2543.010000,42.22,42.22,0.7409,42.22,-,-,-,-,-,-,-,-,-,-,-,-,-,-,-,-,-,-,-,-,-,-,27.68,3.6,-,-
鑫龙家园莲花六号小区位置点,"ZDBZD-JS-2025-002255	","JFZDPT-JS-20250213-05774	",2023-02-01,2023-02-28,"1556867474	","3205104315719	",1.000000,100,100.000000,205.250000,235.540000,30.29,30.29,0.7375,30.29,-,-,-,-,-,-,-,-,-,-,-,-,-,-,-,-,-,-,-,-,-,-,19.77,2.57,-,-
鑫龙家园莲花六号小区位置点,"ZDBZD-JS-2025-002255	","JFZDPT-JS-20250213-05774	",2023-02-01,2023-02-28,"1528102930	","3205104315726	",1.000000,100,100.000000,1803.860000,1833.800000,29.94,29.94,0.7462,29.94,-,-,-,-,-,-,-,-,-,-,-,-,-,-,-,-,-,-,-,-,-,-,19.77,2.57,-,-
鑫龙家园莲花六号小区位置点,"ZDBZD-JS-2025-002255	","JFZDPT-JS-20250213-05774	",2023-02-01,2023-02-28,"1559570474	","3205104353226	",1.000000,100,100.000000,516.590000,667.020000,150.43,150.43,0.7426,150.43,-,-,-,-,-,-,-,-,-,-,-,-,-,-,-,-,-,-,-,-,-,-,98.86,12.85,-,-
鑫龙家园莲花六号小区位置点,"ZDBZD-JS-2025-002255	","JFZDPT-JS-20250213-05774	",2023-02-01,2023-02-28,"1547726877	","3205104472953	",1.000000,100,100.000000,2603.770000,2669.270000,65.5,65.5,0.7504,65.5,-,-,-,-,-,-,-,-,-,-,-,-,-,-,-,-,-,-,-,-,-,-,43.5,5.65,-,-
鑫龙家园莲花六号小区位置点,"ZDBZD-JS-2025-002255	","JFZDPT-JS-20250213-05774	",2023-02-01,2023-02-28,"1547633945	","3205104472957	",1.000000,100,100.000000,3061.320000,3128.470000,67.15,67.15,0.7431,67.15,-,-,-,-,-,-,-,-,-,-,-,-,-,-,-,-,-,-,-,-,-,-,44.16,5.74,-,-
鑫龙家园莲花六号小区位置点,"ZDBZD-JS-2025-002255	","JFZDPT-JS-20250213-05774	",2023-02-01,2023-02-28,"1547633944	","3205104472959	",1.000000,100,100.000000,2559.540000,2623.210000,63.67,63.67,0.7485,63.67,-,-,-,-,-,-,-,-,-,-,-,-,-,-,-,-,-,-,-,-,-,-,42.18,5.48,-,-
鑫龙家园莲花六号小区位置点,"ZDBZD-JS-2025-002255	","JFZDPT-JS-20250213-05774	",2023-02-01,2023-02-28,"1547633946	","3205104472963	",1.000000,100,100.000000,2405.700000,2472.160000,66.46,66.46,0.7395,66.46,-,-,-,-,-,-,-,-,-,-,-,-,-,-,-,-,-,-,-,-,-,-,43.5,5.65,-,-
鑫龙家园莲花六号小区位置点,"ZDBZD-JS-2025-002255	","JFZDPT-JS-20250213-05774	",2023-02-01,2023-02-28,"1547634578	","3205104472970	",1.000000,100,100.000000,2118.810000,2166.590000,47.78,47.78,0.7482,47.78,-,-,-,-,-,-,-,-,-,-,-,-,-,-,-,-,-,-,-,-,-,-,31.64,4.11,-,-
鑫龙家园莲花六号小区位置点,"ZDBZD-JS-2025-002255	","JFZDPT-JS-20250213-05774	",2023-02-01,2023-02-28,"1547728488	","3205104474427	",1.000000,100,100.000000,2580.610000,2645.640000,65.03,65.03,0.7444,65.03,-,-,-,-,-,-,-,-,-,-,-,-,-,-,-,-,-,-,-,-,-,-,42.84,5.57,-,-
鑫龙家园莲花六号小区位置点,"ZDBZD-JS-2025-002255	","JFZDPT-JS-20250213-05774	",2023-02-01,2023-02-28,"1547719754	","3205104474457	",1.000000,100,100.000000,6536.230000,6683.030000,146.8,146.8,0.7457,146.8,-,-,-,-,-,-,-,-,-,-,-,-,-,-,-,-,-,-,-,-,-,-,96.88,12.59,-,-
鑫龙家园莲花六号小区位置点,"ZDBZD-JS-2025-002255	","JFZDPT-JS-20250213-05774	",2023-02-01,2023-02-28,"1547728484	","3205104474463	",1.000000,100,100.000000,2026.040000,2026.040000,0,0,0.735,0,-,-,-,-,-,-,-,-,-,-,-,-,-,-,-,-,-,-,-,-,-,-,0,0,-,-
鑫龙家园莲花六号小区位置点,"ZDBZD-JS-2025-002255	","JFZDPT-JS-20250213-05774	",2023-02-01,2023-02-28,"1547719759	","3205104474467	",1.000000,100,100.000000,2705.700000,2770.750000,65.05,65.05,0.7442,65.05,-,-,-,-,-,-,-,-,-,-,-,-,-,-,-,-,-,-,-,-,-,-,42.84,5.57,-,-
鑫龙家园莲花六号小区位置点,"ZDBZD-JS-2025-002255	","JFZDPT-JS-20250213-05774	",2023-02-01,2023-02-28,"1534271368	","3205104476753	",1.000000,100,100.000000,2475.170000,2538.210000,63.04,63.04,0.7443,63.04,-,-,-,-,-,-,-,-,-,-,-,-,-,-,-,-,-,-,-,-,-,-,41.52,5.4,-,-
鑫龙家园莲花六号小区位置点,"ZDBZD-JS-2025-002255	","JFZDPT-JS-20250213-05774	",2023-02-01,2023-02-28,"1542462053	","3205104476756	",1.000000,100,100.000000,2254.300000,2304.680000,50.38,50.38,0.7392,50.38,-,-,-,-,-,-,-,-,-,-,-,-,-,-,-,-,-,-,-,-,-,-,32.96,4.28,-,-
鑫龙家园莲花六号小区位置点,"ZDBZD-JS-2025-002255	","JFZDPT-JS-20250213-05774	",2023-02-01,2023-02-28,"1534365028	","3205104476757	",1.000000,100,100.000000,2573.370000,2639.940000,66.57,66.57,0.7496,66.57,-,-,-,-,-,-,-,-,-,-,-,-,-,-,-,-,-,-,-,-,-,-,44.16,5.74,-,-
鑫龙家园莲花六号小区位置点,"ZDBZD-JS-2025-002255	","JFZDPT-JS-20250213-05774	",2023-02-01,2023-02-28,"1535669055	","3205104476759	",1.000000,100,100.000000,3596.770000,3687.540000,90.77,90.77,0.7466,90.77,-,-,-,-,-,-,-,-,-,-,-,-,-,-,-,-,-,-,-,-,-,-,59.97,7.8,-,-
鑫龙家园莲花六号小区位置点,"ZDBZD-JS-2025-002255	","JFZDPT-JS-20250213-05774	",2023-02-01,2023-02-28,"1535960714	","3205104476763	",1.000000,100,100.000000,5618.020000,5741.910000,123.89,123.89,0.7454,123.89,-,-,-,-,-,-,-,-,-,-,-,-,-,-,-,-,-,-,-,-,-,-,81.73,10.62,-,-
鑫龙家园莲花六号小区位置点,"ZDBZD-JS-2025-002255	","JFZDPT-JS-20250213-05774	",2023-02-01,2023-02-28,"1543218796	","3205104476766	",1.000000,100,100.000000,2737.090000,2802.430000,65.34,65.34,0.7409,65.34,-,-,-,-,-,-,-,-,-,-,-,-,-,-,-,-,-,-,-,-,-,-,42.84,5.57,-,-
鑫龙家园莲花六号小区位置点,"ZDBZD-JS-2025-002255	","JFZDPT-JS-20250213-05774	",2023-02-01,2023-02-28,"1539721710	","3205104476768	",1.000000,100,100.000000,2651.620000,2714.350000,62.73,62.73,0.748,62.73,-,-,-,-,-,-,-,-,-,-,-,-,-,-,-,-,-,-,-,-,-,-,41.52,5.4,-,-
鑫龙家园莲花六号小区位置点,"ZDBZD-JS-2025-002255	","JFZDPT-JS-20250213-05774	",2023-02-01,2023-02-28,"1534340339	","3205104476772	",1.000000,100,100.000000,1828.670000,1871.400000,42.73,42.73,0.7494,42.73,-,-,-,-,-,-,-,-,-,-,-,-,-,-,-,-,-,-,-,-,-,-,28.34,3.68,-,-
鑫龙家园莲花六号小区位置点,"ZDBZD-JS-2025-002255	","JFZDPT-JS-20250213-05774	",2023-02-01,2023-02-28,"1542222948	","3205104476774	",1.000000,100,100.000000,2502.030000,2554.570000,52.54,52.54,0.7512,52.54,-,-,-,-,-,-,-,-,-,-,-,-,-,-,-,-,-,-,-,-,-,-,34.93,4.54,-,-
鑫龙家园莲花六号小区位置点,"ZDBZD-JS-2025-002255	","JFZDPT-JS-20250213-05774	",2023-02-01,2023-02-28,"1536674431	","3205104477226	",1.000000,100,100.000000,2968.740000,3037.860000,69.12,69.12,0.7435,69.12,-,-,-,-,-,-,-,-,-,-,-,-,-,-,-,-,-,-,-,-,-,-,45.48,5.91,-,-
鑫龙家园莲花六号小区位置点,"ZDBZD-JS-2025-002255	","JFZDPT-JS-20250213-05774	",2023-02-01,2023-02-28,"1536129515	","3205104477228	",1.000000,100,100.000000,2684.240000,2748.620000,64.38,64.38,0.7403,64.38,-,-,-,-,-,-,-,-,-,-,-,-,-,-,-,-,-,-,-,-,-,-,42.18,5.48,-,-
鑫龙家园莲花六号小区位置点,"ZDBZD-JS-2025-002255	","JFZDPT-JS-20250213-05774	",2023-02-01,2023-02-28,"1539373623	","3205104477230	",1.000000,100,100.000000,2600.650000,2666.420000,65.77,65.77,0.7473,65.77,-,-,-,-,-,-,-,-,-,-,-,-,-,-,-,-,-,-,-,-,-,-,43.5,5.65,-,-
鑫龙家园莲花六号小区位置点,"ZDBZD-JS-2025-002255	","JFZDPT-JS-20250213-05774	",2023-02-01,2023-02-28,"1543105444	","3205104477232	",1.000000,100,100.000000,2272.660000,2313.310000,40.65,40.65,0.751,40.65,-,-,-,-,-,-,-,-,-,-,-,-,-,-,-,-,-,-,-,-,-,-,27.02,3.51,-,-
鑫龙家园莲花六号小区位置点,"ZDBZD-JS-2025-002255	","JFZDPT-JS-20250213-05774	",2023-02-01,2023-02-28,"1544951755	","3205104477235	",1.000000,100,100.000000,2695.220000,2760.640000,65.42,65.42,0.74,65.42,-,-,-,-,-,-,-,-,-,-,-,-,-,-,-,-,-,-,-,-,-,-,42.84,5.57,-,-
鑫龙家园莲花六号小区位置点,"ZDBZD-JS-2025-002255	","JFZDPT-JS-20250213-05774	",2023-02-01,2023-02-28,"1544684094	","3205104477238	",1.000000,100,100.000000,2646.350000,2709.350000,63,63,0.7448,63,-,-,-,-,-,-,-,-,-,-,-,-,-,-,-,-,-,-,-,-,-,-,41.52,5.4,-,-
鑫龙家园莲花六号小区位置点,"ZDBZD-JS-2025-002255	","JFZDPT-JS-20250213-05774	",2023-02-01,2023-02-28,"1539602549	","3205104477339	",1.000000,100,100.000000,2767.290000,2832.650000,65.36,65.36,0.7407,65.36,-,-,-,-,-,-,-,-,-,-,-,-,-,-,-,-,-,-,-,-,-,-,42.84,5.57,-,-
鑫龙家园莲花六号小区位置点,"ZDBZD-JS-2025-002255	","JFZDPT-JS-20250213-05774	",2023-02-01,2023-02-28,"1546160843	","3205104477340	",1.000000,100,100.000000,2730.800000,2795.640000,64.84,64.84,0.7466,64.84,-,-,-,-,-,-,-,-,-,-,-,-,-,-,-,-,-,-,-,-,-,-,42.84,5.57,-,-
鑫龙家园莲花六号小区位置点,"ZDBZD-JS-2025-002255	","JFZDPT-JS-20250213-05774	",2023-02-01,2023-02-28,"1546168926	","3205104477341	",1.000000,100,100.000000,3138.640000,3212.710000,74.07,74.07,0.744,74.07,-,-,-,-,-,-,-,-,-,-,-,-,-,-,-,-,-,-,-,-,-,-,48.77,6.34,-,-
鑫龙家园莲花六号小区位置点,"ZDBZD-JS-2025-002255	","JFZDPT-JS-20250213-05774	",2023-02-01,2023-02-28,"1542466276	","3205104477344	",1.000000,100,100.000000,2282.670000,2344.700000,62.03,62.03,0.7443,62.03,-,-,-,-,-,-,-,-,-,-,-,-,-,-,-,-,-,-,-,-,-,-,40.86,5.31,-,-
鑫龙家园莲花六号小区位置点,"ZDBZD-JS-2025-002255	","JFZDPT-JS-20250213-05774	",2023-02-01,2023-02-28,"1536129516	","3205104477350	",1.000000,100,100.000000,3431.790000,3477.590000,45.8,45.8,0.748,45.8,-,-,-,-,-,-,-,-,-,-,-,-,-,-,-,-,-,-,-,-,-,-,30.32,3.94,-,-
鑫龙家园莲花六号小区位置点,"ZDBZD-JS-2025-002255	","JFZDPT-JS-20250213-11779	",2024-03-01,2024-03-31,"1534337708	","3205104313087	",1.000000,100,100.000000,3139.070000,3185.570000,46.5,46.5,0.7899,46.5,-,-,-,-,-,-,-,-,-,-,-,-,-,-,-,-,-,-,-,-,-,-,32.5,4.23,-,-
鑫龙家园莲花六号小区位置点,"ZDBZD-JS-2025-002255	","JFZDPT-JS-20250213-11779	",2024-03-01,2024-03-31,"1534339435	","3205104313426	",1.000000,100,100.000000,2194.160000,2263.390000,69.23,69.23,0.779,69.23,-,-,-,-,-,-,-,-,-,-,-,-,-,-,-,-,-,-,-,-,-,-,47.73,6.2,-,-
鑫龙家园莲花六号小区位置点,"ZDBZD-JS-2025-002255	","JFZDPT-JS-20250213-11779	",2024-03-01,2024-03-31,"1534349171	","3205104313433	",1.000000,100,100.000000,2170.540000,2203.260000,32.72,32.72,0.7882,32.72,-,-,-,-,-,-,-,-,-,-,-,-,-,-,-,-,-,-,-,-,-,-,22.82,2.97,-,-
鑫龙家园莲花六号小区位置点,"ZDBZD-JS-2025-002255	","JFZDPT-JS-20250213-11779	",2024-03-01,2024-03-31,"1554157659	","3205104313437	",1.000000,100,100.000000,2182.920000,2215.270000,32.35,32.35,0.7731,32.35,-,-,-,-,-,-,-,-,-,-,-,-,-,-,-,-,-,-,-,-,-,-,22.13,2.88,-,-
鑫龙家园莲花六号小区位置点,"ZDBZD-JS-2025-002255	","JFZDPT-JS-20250213-11779	",2024-03-01,2024-03-31,"1534339430	","3205104313446	",1.000000,100,100.000000,2107.010000,2139.880000,32.87,32.87,0.7846,32.87,-,-,-,-,-,-,-,-,-,-,-,-,-,-,-,-,-,-,-,-,-,-,22.82,2.97,-,-
鑫龙家园莲花六号小区位置点,"ZDBZD-JS-2025-002255	","JFZDPT-JS-20250213-11779	",2024-03-01,2024-03-31,"1534337522	","3205104313451	",1.000000,100,100.000000,2306.710000,2339.960000,33.25,33.25,0.7756,33.25,-,-,-,-,-,-,-,-,-,-,-,-,-,-,-,-,-,-,-,-,-,-,22.82,2.97,-,-
鑫龙家园莲花六号小区位置点,"ZDBZD-JS-2025-002255	","JFZDPT-JS-20250213-11779	",2024-03-01,2024-03-31,"1528107567	","3205104315707	",1.000000,100,100.000000,3056.430000,3102.260000,45.83,45.83,0.7844,45.83,-,-,-,-,-,-,-,-,-,-,-,-,-,-,-,-,-,-,-,-,-,-,31.81,4.14,-,-
鑫龙家园莲花六号小区位置点,"ZDBZD-JS-2025-002255	","JFZDPT-JS-20250213-11779	",2024-03-01,2024-03-31,"1556867474	","3205104315719	",1.000000,100,100.000000,625.760000,658.970000,33.21,33.21,0.7766,33.21,-,-,-,-,-,-,-,-,-,-,-,-,-,-,-,-,-,-,-,-,-,-,22.82,2.97,-,-
鑫龙家园莲花六号小区位置点,"ZDBZD-JS-2025-002255	","JFZDPT-JS-20250213-11779	",2024-03-01,2024-03-31,"1528102930	","3205104315726	",1.000000,100,100.000000,2215.740000,2247.980000,32.24,32.24,0.7757,32.24,-,-,-,-,-,-,-,-,-,-,-,-,-,-,-,-,-,-,-,-,-,-,22.13,2.88,-,-
鑫龙家园莲花六号小区位置点,"ZDBZD-JS-2025-002255	","JFZDPT-JS-20250213-11779	",2024-03-01,2024-03-31,"1559570474	","3205104353226	",1.000000,100,100.000000,2442.440000,2587.280000,144.84,144.84,0.7824,144.84,-,-,-,-,-,-,-,-,-,-,-,-,-,-,-,-,-,-,-,-,-,-,100.28,13.04,-,-
鑫龙家园莲花六号小区位置点,"ZDBZD-JS-2025-002255	","JFZDPT-JS-20250213-11779	",2024-03-01,2024-03-31,"1547726877	","3205104472953	",1.000000,100,100.000000,3529.830000,3602.630000,72.8,72.8,0.7837,72.8,-,-,-,-,-,-,-,-,-,-,-,-,-,-,-,-,-,-,-,-,-,-,50.49,6.56,-,-
鑫龙家园莲花六号小区位置点,"ZDBZD-JS-2025-002255	","JFZDPT-JS-20250213-11779	",2024-03-01,2024-03-31,"1547633945	","3205104472957	",1.000000,100,100.000000,4292.740000,4391.830000,99.09,99.09,0.7808,99.09,-,-,-,-,-,-,-,-,-,-,-,-,-,-,-,-,-,-,-,-,-,-,68.47,8.9,-,-
鑫龙家园莲花六号小区位置点,"ZDBZD-JS-2025-002255	","JFZDPT-JS-20250213-11779	",2024-03-01,2024-03-31,"1547633944	","3205104472959	",1.000000,100,100.000000,3460.570000,3531.230000,70.66,70.66,0.7853,70.66,-,-,-,-,-,-,-,-,-,-,-,-,-,-,-,-,-,-,-,-,-,-,49.11,6.38,-,-
鑫龙家园莲花六号小区位置点,"ZDBZD-JS-2025-002255	","JFZDPT-JS-20250213-11779	",2024-03-01,2024-03-31,"1547633946	","3205104472963	",1.000000,100,100.000000,3343.550000,3417.200000,73.65,73.65,0.7852,73.65,-,-,-,-,-,-,-,-,-,-,-,-,-,-,-,-,-,-,-,-,-,-,51.18,6.65,-,-
鑫龙家园莲花六号小区位置点,"ZDBZD-JS-2025-002255	","JFZDPT-JS-20250213-11779	",2024-03-01,2024-03-31,"1547634578	","3205104472970	",1.000000,100,100.000000,2795.110000,2848.170000,53.06,53.06,0.7806,53.06,-,-,-,-,-,-,-,-,-,-,-,-,-,-,-,-,-,-,-,-,-,-,36.65,4.77,-,-
鑫龙家园莲花六号小区位置点,"ZDBZD-JS-2025-002255	","JFZDPT-JS-20250213-11779	",2024-03-01,2024-03-31,"1547728488	","3205104474427	",1.000000,100,100.000000,3495.460000,3567.390000,71.93,71.93,0.7823,71.93,-,-,-,-,-,-,-,-,-,-,-,-,-,-,-,-,-,-,-,-,-,-,49.8,6.47,-,-
鑫龙家园莲花六号小区位置点,"ZDBZD-JS-2025-002255	","JFZDPT-JS-20250213-11779	",2024-03-01,2024-03-31,"1547719754	","3205104474457	",1.000000,100,100.000000,8622.610000,8785.530000,162.92,162.92,0.7819,162.92,-,-,-,-,-,-,-,-,-,-,-,-,-,-,-,-,-,-,-,-,-,-,112.73,14.66,-,-
鑫龙家园莲花六号小区位置点,"ZDBZD-JS-2025-002255	","JFZDPT-JS-20250213-11779	",2024-03-01,2024-03-31,"1547728484	","3205104474463	",1.000000,100,100.000000,2856.010000,2926.930000,70.92,70.92,0.7824,70.92,-,-,-,-,-,-,-,-,-,-,-,-,-,-,-,-,-,-,-,-,-,-,49.11,6.38,-,-
鑫龙家园莲花六号小区位置点,"ZDBZD-JS-2025-002255	","JFZDPT-JS-20250213-11779	",2024-03-01,2024-03-31,"1547719759	","3205104474467	",1.000000,100,100.000000,3384.620000,3458.880000,74.26,74.26,0.7788,74.26,-,-,-,-,-,-,-,-,-,-,-,-,-,-,-,-,-,-,-,-,-,-,51.18,6.65,-,-
鑫龙家园莲花六号小区位置点,"ZDBZD-JS-2025-002255	","JFZDPT-JS-20250213-11779	",2024-03-01,2024-03-31,"1534271368	","3205104476753	",1.000000,100,100.000000,2890.970000,2890.970000,0,0,0.7961,0,-,-,-,-,-,-,-,-,-,-,-,-,-,-,-,-,-,-,-,-,-,-,0,0,-,-
鑫龙家园莲花六号小区位置点,"ZDBZD-JS-2025-002255	","JFZDPT-JS-20250213-11779	",2024-03-01,2024-03-31,"1542462053	","3205104476756	",1.000000,100,100.000000,2960.940000,3016.600000,55.66,55.66,0.7864,55.66,-,-,-,-,-,-,-,-,-,-,-,-,-,-,-,-,-,-,-,-,-,-,38.73,5.04,-,-
鑫龙家园莲花六号小区位置点,"ZDBZD-JS-2025-002255	","JFZDPT-JS-20250213-11779	",2024-03-01,2024-03-31,"1534365028	","3205104476757	",1.000000,100,100.000000,3395.960000,3463.360000,67.4,67.4,0.7769,67.4,-,-,-,-,-,-,-,-,-,-,-,-,-,-,-,-,-,-,-,-,-,-,46.34,6.02,-,-
鑫龙家园莲花六号小区位置点,"ZDBZD-JS-2025-002255	","JFZDPT-JS-20250213-11779	",2024-03-01,2024-03-31,"1535669055	","3205104476759	",1.000000,100,100.000000,4738.770000,4826.390000,87.62,87.62,0.785,87.62,-,-,-,-,-,-,-,-,-,-,-,-,-,-,-,-,-,-,-,-,-,-,60.87,7.91,-,-
鑫龙家园莲花六号小区位置点,"ZDBZD-JS-2025-002255	","JFZDPT-JS-20250213-11779	",2024-03-01,2024-03-31,"1535960714	","3205104476763	",1.000000,100,100.000000,7348.970000,7521.020000,172.05,172.05,0.7813,172.05,-,-,-,-,-,-,-,-,-,-,-,-,-,-,-,-,-,-,-,-,-,-,118.96,15.46,-,-
鑫龙家园莲花六号小区位置点,"ZDBZD-JS-2025-002255	","JFZDPT-JS-20250213-11779	",2024-03-01,2024-03-31,"1543218796	","3205104476766	",1.000000,100,100.000000,3656.230000,3728.430000,72.2,72.2,0.7794,72.2,-,-,-,-,-,-,-,-,-,-,-,-,-,-,-,-,-,-,-,-,-,-,49.8,6.47,-,-
鑫龙家园莲花六号小区位置点,"ZDBZD-JS-2025-002255	","JFZDPT-JS-20250213-11779	",2024-03-01,2024-03-31,"1539721710	","3205104476768	",1.000000,100,100.000000,3538.250000,3607.900000,69.65,69.65,0.7855,69.65,-,-,-,-,-,-,-,-,-,-,-,-,-,-,-,-,-,-,-,-,-,-,48.42,6.29,-,-
鑫龙家园莲花六号小区位置点,"ZDBZD-JS-2025-002255	","JFZDPT-JS-20250213-11779	",2024-03-01,2024-03-31,"1534340339	","3205104476772	",1.000000,100,100.000000,2703.740000,2775.090000,71.35,71.35,0.7777,71.35,-,-,-,-,-,-,-,-,-,-,-,-,-,-,-,-,-,-,-,-,-,-,49.11,6.38,-,-
鑫龙家园莲花六号小区位置点,"ZDBZD-JS-2025-002255	","JFZDPT-JS-20250213-11779	",2024-03-01,2024-03-31,"1542222948	","3205104476774	",1.000000,100,100.000000,3313.580000,3379.470000,65.89,65.89,0.7828,65.89,-,-,-,-,-,-,-,-,-,-,-,-,-,-,-,-,-,-,-,-,-,-,45.65,5.93,-,-
鑫龙家园莲花六号小区位置点,"ZDBZD-JS-2025-002255	","JFZDPT-JS-20250213-11779	",2024-03-01,2024-03-31,"1536674431	","3205104477226	",1.000000,100,100.000000,4045.290000,4146.560000,101.27,101.27,0.7795,101.27,-,-,-,-,-,-,-,-,-,-,-,-,-,-,-,-,-,-,-,-,-,-,69.86,9.08,-,-
鑫龙家园莲花六号小区位置点,"ZDBZD-JS-2025-002255	","JFZDPT-JS-20250213-11779	",2024-03-01,2024-03-31,"1536129515	","3205104477228	",1.000000,100,100.000000,3598.130000,3669.880000,71.75,71.75,0.7843,71.75,-,-,-,-,-,-,-,-,-,-,-,-,-,-,-,-,-,-,-,-,-,-,49.8,6.47,-,-
鑫龙家园莲花六号小区位置点,"ZDBZD-JS-2025-002255	","JFZDPT-JS-20250213-11779	",2024-03-01,2024-03-31,"1539373623	","3205104477230	",1.000000,100,100.000000,3385.190000,3451.170000,65.98,65.98,0.7818,65.98,-,-,-,-,-,-,-,-,-,-,-,-,-,-,-,-,-,-,-,-,-,-,45.65,5.93,-,-
鑫龙家园莲花六号小区位置点,"ZDBZD-JS-2025-002255	","JFZDPT-JS-20250213-11779	",2024-03-01,2024-03-31,"1543105444	","3205104477232	",1.000000,100,100.000000,2844.780000,2889.880000,45.1,45.1,0.7798,45.1,-,-,-,-,-,-,-,-,-,-,-,-,-,-,-,-,-,-,-,-,-,-,31.12,4.05,-,-
鑫龙家园莲花六号小区位置点,"ZDBZD-JS-2025-002255	","JFZDPT-JS-20250213-11779	",2024-03-01,2024-03-31,"1544951755	","3205104477235	",1.000000,100,100.000000,3615.060000,3687.550000,72.49,72.49,0.7762,72.49,-,-,-,-,-,-,-,-,-,-,-,-,-,-,-,-,-,-,-,-,-,-,49.8,6.47,-,-
鑫龙家园莲花六号小区位置点,"ZDBZD-JS-2025-002255	","JFZDPT-JS-20250213-11779	",2024-03-01,2024-03-31,"1544684094	","3205104477238	",1.000000,100,100.000000,3093.340000,3093.340000,0,0,0.7961,0,-,-,-,-,-,-,-,-,-,-,-,-,-,-,-,-,-,-,-,-,-,-,0,0,-,-
鑫龙家园莲花六号小区位置点,"ZDBZD-JS-2025-002255	","JFZDPT-JS-20250213-11779	",2024-03-01,2024-03-31,"1539602549	","3205104477339	",1.000000,100,100.000000,3147.610000,3150.010000,2.4,2.4,0.65,2.4,-,-,-,-,-,-,-,-,-,-,-,-,-,-,-,-,-,-,-,-,-,-,1.38,0.18,-,-
鑫龙家园莲花六号小区位置点,"ZDBZD-JS-2025-002255	","JFZDPT-JS-20250213-11779	",2024-03-01,2024-03-31,"1546160843	","3205104477340	",1.000000,100,100.000000,3604.840000,3676.520000,71.68,71.68,0.785,71.68,-,-,-,-,-,-,-,-,-,-,-,-,-,-,-,-,-,-,-,-,-,-,49.8,6.47,-,-
鑫龙家园莲花六号小区位置点,"ZDBZD-JS-2025-002255	","JFZDPT-JS-20250213-11779	",2024-03-01,2024-03-31,"1546168926	","3205104477341	",1.000000,100,100.000000,4153.850000,4226.870000,73.02,73.02,0.7813,73.02,-,-,-,-,-,-,-,-,-,-,-,-,-,-,-,-,-,-,-,-,-,-,50.49,6.56,-,-
鑫龙家园莲花六号小区位置点,"ZDBZD-JS-2025-002255	","JFZDPT-JS-20250213-11779	",2024-03-01,2024-03-31,"1542466276	","3205104477344	",1.000000,100,100.000000,3155.940000,3224.530000,68.59,68.59,0.7863,68.59,-,-,-,-,-,-,-,-,-,-,-,-,-,-,-,-,-,-,-,-,-,-,47.73,6.2,-,-
鑫龙家园莲花六号小区位置点,"ZDBZD-JS-2025-002255	","JFZDPT-JS-20250213-11779	",2024-03-01,2024-03-31,"1536129516	","3205104477350	",1.000000,100,100.000000,4296.660000,4403.010000,106.35,106.35,0.7789,106.35,-,-,-,-,-,-,-,-,-,-,-,-,-,-,-,-,-,-,-,-,-,-,73.31,9.53,-,-
鑫龙家园莲花六号小区位置点,"ZDBZD-JS-2025-002255	","JFZDPT-JS-20250213-06421	",2023-03-01,2023-03-31,"1534337708	","3205104313087	",1.000000,100,100.000000,2588.660000,2635.560000,46.9,46.9,0.7384,46.9,-,-,-,-,-,-,-,-,-,-,-,-,-,-,-,-,-,-,-,-,-,-,30.65,3.98,-,-
鑫龙家园莲花六号小区位置点,"ZDBZD-JS-2025-002255	","JFZDPT-JS-20250213-06421	",2023-03-01,2023-03-31,"1534339435	","3205104313426	",1.000000,100,100.000000,1801.440000,1834.810000,33.37,33.37,0.7285,33.37,-,-,-,-,-,-,-,-,-,-,-,-,-,-,-,-,-,-,-,-,-,-,21.51,2.8,-,-
鑫龙家园莲花六号小区位置点,"ZDBZD-JS-2025-002255	","JFZDPT-JS-20250213-06421	",2023-03-01,2023-03-31,"1534349171	","3205104313433	",1.000000,100,100.000000,1782.780000,1816.010000,33.23,33.23,0.7316,33.23,-,-,-,-,-,-,-,-,-,-,-,-,-,-,-,-,-,-,-,-,-,-,21.51,2.8,-,-
鑫龙家园莲花六号小区位置点,"ZDBZD-JS-2025-002255	","JFZDPT-JS-20250213-06421	",2023-03-01,2023-03-31,"1554157659	","3205104313437	",1.000000,100,100.000000,1798.680000,1831.630000,32.95,32.95,0.7378,32.95,-,-,-,-,-,-,-,-,-,-,-,-,-,-,-,-,-,-,-,-,-,-,21.51,2.8,-,-
鑫龙家园莲花六号小区位置点,"ZDBZD-JS-2025-002255	","JFZDPT-JS-20250213-06421	",2023-03-01,2023-03-31,"1534339430	","3205104313446	",1.000000,100,100.000000,1715.940000,1749.090000,33.15,33.15,0.7333,33.15,-,-,-,-,-,-,-,-,-,-,-,-,-,-,-,-,-,-,-,-,-,-,21.51,2.8,-,-
鑫龙家园莲花六号小区位置点,"ZDBZD-JS-2025-002255	","JFZDPT-JS-20250213-06421	",2023-03-01,2023-03-31,"1534337522	","3205104313451	",1.000000,100,100.000000,1905.030000,1940.690000,35.66,35.66,0.7437,35.66,-,-,-,-,-,-,-,-,-,-,-,-,-,-,-,-,-,-,-,-,-,-,23.47,3.05,-,-
鑫龙家园莲花六号小区位置点,"ZDBZD-JS-2025-002255	","JFZDPT-JS-20250213-06421	",2023-03-01,2023-03-31,"1528107567	","3205104315707	",1.000000,100,100.000000,2543.010000,2589.340000,46.33,46.33,0.7315,46.33,-,-,-,-,-,-,-,-,-,-,-,-,-,-,-,-,-,-,-,-,-,-,29.99,3.9,-,-
鑫龙家园莲花六号小区位置点,"ZDBZD-JS-2025-002255	","JFZDPT-JS-20250213-06421	",2023-03-01,2023-03-31,"1556867474	","3205104315719	",1.000000,100,100.000000,235.540000,269.070000,33.53,33.53,0.7471,33.53,-,-,-,-,-,-,-,-,-,-,-,-,-,-,-,-,-,-,-,-,-,-,22.17,2.88,-,-
鑫龙家园莲花六号小区位置点,"ZDBZD-JS-2025-002255	","JFZDPT-JS-20250213-06421	",2023-03-01,2023-03-31,"1528102930	","3205104315726	",1.000000,100,100.000000,1833.800000,1867.000000,33.2,33.2,0.7322,33.2,-,-,-,-,-,-,-,-,-,-,-,-,-,-,-,-,-,-,-,-,-,-,21.51,2.8,-,-
鑫龙家园莲花六号小区位置点,"ZDBZD-JS-2025-002255	","JFZDPT-JS-20250213-06421	",2023-03-01,2023-03-31,"1559570474	","3205104353226	",1.000000,100,100.000000,667.020000,836.180000,169.16,169.16,0.736,169.16,-,-,-,-,-,-,-,-,-,-,-,-,-,-,-,-,-,-,-,-,-,-,110.18,14.32,-,-
鑫龙家园莲花六号小区位置点,"ZDBZD-JS-2025-002255	","JFZDPT-JS-20250213-06421	",2023-03-01,2023-03-31,"1547726877	","3205104472953	",1.000000,100,100.000000,2669.270000,2741.390000,72.12,72.12,0.7356,72.12,-,-,-,-,-,-,-,-,-,-,-,-,-,-,-,-,-,-,-,-,-,-,46.95,6.1,-,-
鑫龙家园莲花六号小区位置点,"ZDBZD-JS-2025-002255	","JFZDPT-JS-20250213-06421	",2023-03-01,2023-03-31,"1547633945	","3205104472957	",1.000000,100,100.000000,3128.470000,3218.810000,90.34,90.34,0.734,90.34,-,-,-,-,-,-,-,-,-,-,-,-,-,-,-,-,-,-,-,-,-,-,58.68,7.63,-,-
鑫龙家园莲花六号小区位置点,"ZDBZD-JS-2025-002255	","JFZDPT-JS-20250213-06421	",2023-03-01,2023-03-31,"1547633944	","3205104472959	",1.000000,100,100.000000,2623.210000,2693.640000,70.43,70.43,0.7322,70.43,-,-,-,-,-,-,-,-,-,-,-,-,-,-,-,-,-,-,-,-,-,-,45.64,5.93,-,-
鑫龙家园莲花六号小区位置点,"ZDBZD-JS-2025-002255	","JFZDPT-JS-20250213-06421	",2023-03-01,2023-03-31,"1547633946	","3205104472963	",1.000000,100,100.000000,2472.160000,2545.430000,73.27,73.27,0.734,73.27,-,-,-,-,-,-,-,-,-,-,-,-,-,-,-,-,-,-,-,-,-,-,47.59,6.19,-,-
鑫龙家园莲花六号小区位置点,"ZDBZD-JS-2025-002255	","JFZDPT-JS-20250213-06421	",2023-03-01,2023-03-31,"1547634578	","3205104472970	",1.000000,100,100.000000,2166.590000,2219.430000,52.84,52.84,0.739,52.84,-,-,-,-,-,-,-,-,-,-,-,-,-,-,-,-,-,-,-,-,-,-,34.56,4.49,-,-
鑫龙家园莲花六号小区位置点,"ZDBZD-JS-2025-002255	","JFZDPT-JS-20250213-06421	",2023-03-01,2023-03-31,"1547728488	","3205104474427	",1.000000,100,100.000000,2645.640000,2717.350000,71.71,71.71,0.7398,71.71,-,-,-,-,-,-,-,-,-,-,-,-,-,-,-,-,-,-,-,-,-,-,46.95,6.1,-,-
鑫龙家园莲花六号小区位置点,"ZDBZD-JS-2025-002255	","JFZDPT-JS-20250213-06421	",2023-03-01,2023-03-31,"1547719754	","3205104474457	",1.000000,100,100.000000,6683.030000,6847.620000,164.59,164.59,0.7386,164.59,-,-,-,-,-,-,-,-,-,-,-,-,-,-,-,-,-,-,-,-,-,-,107.58,13.99,-,-
鑫龙家园莲花六号小区位置点,"ZDBZD-JS-2025-002255	","JFZDPT-JS-20250213-06421	",2023-03-01,2023-03-31,"1547728484	","3205104474463	",1.000000,100,100.000000,2026.040000,2086.570000,60.53,60.53,0.7424,60.53,-,-,-,-,-,-,-,-,-,-,-,-,-,-,-,-,-,-,-,-,-,-,39.77,5.17,-,-
鑫龙家园莲花六号小区位置点,"ZDBZD-JS-2025-002255	","JFZDPT-JS-20250213-06421	",2023-03-01,2023-03-31,"1547719759	","3205104474467	",1.000000,100,100.000000,2770.750000,2842.210000,71.46,71.46,0.732,71.46,-,-,-,-,-,-,-,-,-,-,-,-,-,-,-,-,-,-,-,-,-,-,46.29,6.02,-,-
鑫龙家园莲花六号小区位置点,"ZDBZD-JS-2025-002255	","JFZDPT-JS-20250213-06421	",2023-03-01,2023-03-31,"1534271368	","3205104476753	",1.000000,100,100.000000,2538.210000,2598.670000,60.46,60.46,0.7312,60.46,-,-,-,-,-,-,-,-,-,-,-,-,-,-,-,-,-,-,-,-,-,-,39.12,5.09,-,-
鑫龙家园莲花六号小区位置点,"ZDBZD-JS-2025-002255	","JFZDPT-JS-20250213-06421	",2023-03-01,2023-03-31,"1542462053	","3205104476756	",1.000000,100,100.000000,2304.680000,2360.140000,55.46,55.46,0.7306,55.46,-,-,-,-,-,-,-,-,-,-,-,-,-,-,-,-,-,-,-,-,-,-,35.86,4.66,-,-
鑫龙家园莲花六号小区位置点,"ZDBZD-JS-2025-002255	","JFZDPT-JS-20250213-06421	",2023-03-01,2023-03-31,"1534365028	","3205104476757	",1.000000,100,100.000000,2639.940000,2704.220000,64.28,64.28,0.7335,64.28,-,-,-,-,-,-,-,-,-,-,-,-,-,-,-,-,-,-,-,-,-,-,41.73,5.42,-,-
鑫龙家园莲花六号小区位置点,"ZDBZD-JS-2025-002255	","JFZDPT-JS-20250213-06421	",2023-03-01,2023-03-31,"1535669055	","3205104476759	",1.000000,100,100.000000,3687.540000,3773.850000,86.31,86.31,0.7341,86.31,-,-,-,-,-,-,-,-,-,-,-,-,-,-,-,-,-,-,-,-,-,-,56.07,7.29,-,-
鑫龙家园莲花六号小区位置点,"ZDBZD-JS-2025-002255	","JFZDPT-JS-20250213-06421	",2023-03-01,2023-03-31,"1535960714	","3205104476763	",1.000000,100,100.000000,5741.910000,5877.580000,135.67,135.67,0.7386,135.67,-,-,-,-,-,-,-,-,-,-,-,-,-,-,-,-,-,-,-,-,-,-,88.68,11.53,-,-
鑫龙家园莲花六号小区位置点,"ZDBZD-JS-2025-002255	","JFZDPT-JS-20250213-06421	",2023-03-01,2023-03-31,"1543218796	","3205104476766	",1.000000,100,100.000000,2802.430000,2874.200000,71.77,71.77,0.7392,71.77,-,-,-,-,-,-,-,-,-,-,-,-,-,-,-,-,-,-,-,-,-,-,46.95,6.1,-,-
鑫龙家园莲花六号小区位置点,"ZDBZD-JS-2025-002255	","JFZDPT-JS-20250213-06421	",2023-03-01,2023-03-31,"1539721710	","3205104476768	",1.000000,100,100.000000,2714.350000,2783.760000,69.41,69.41,0.7325,69.41,-,-,-,-,-,-,-,-,-,-,-,-,-,-,-,-,-,-,-,-,-,-,44.99,5.85,-,-
鑫龙家园莲花六号小区位置点,"ZDBZD-JS-2025-002255	","JFZDPT-JS-20250213-06421	",2023-03-01,2023-03-31,"1534340339	","3205104476772	",1.000000,100,100.000000,1871.400000,1931.250000,59.85,59.85,0.7387,59.85,-,-,-,-,-,-,-,-,-,-,-,-,-,-,-,-,-,-,-,-,-,-,39.12,5.09,-,-
鑫龙家园莲花六号小区位置点,"ZDBZD-JS-2025-002255	","JFZDPT-JS-20250213-06421	",2023-03-01,2023-03-31,"1542222948	","3205104476774	",1.000000,100,100.000000,2554.570000,2614.690000,60.12,60.12,0.7354,60.12,-,-,-,-,-,-,-,-,-,-,-,-,-,-,-,-,-,-,-,-,-,-,39.12,5.09,-,-
鑫龙家园莲花六号小区位置点,"ZDBZD-JS-2025-002255	","JFZDPT-JS-20250213-06421	",2023-03-01,2023-03-31,"1536674431	","3205104477226	",1.000000,100,100.000000,3037.860000,3114.470000,76.61,76.61,0.7405,76.61,-,-,-,-,-,-,-,-,-,-,-,-,-,-,-,-,-,-,-,-,-,-,50.2,6.53,-,-
鑫龙家园莲花六号小区位置点,"ZDBZD-JS-2025-002255	","JFZDPT-JS-20250213-06421	",2023-03-01,2023-03-31,"1536129515	","3205104477228	",1.000000,100,100.000000,2748.620000,2820.310000,71.69,71.69,0.74,71.69,-,-,-,-,-,-,-,-,-,-,-,-,-,-,-,-,-,-,-,-,-,-,46.95,6.1,-,-
鑫龙家园莲花六号小区位置点,"ZDBZD-JS-2025-002255	","JFZDPT-JS-20250213-06421	",2023-03-01,2023-03-31,"1539373623	","3205104477230	",1.000000,100,100.000000,2666.420000,2729.200000,62.78,62.78,0.7394,62.78,-,-,-,-,-,-,-,-,-,-,-,-,-,-,-,-,-,-,-,-,-,-,41.08,5.34,-,-
鑫龙家园莲花六号小区位置点,"ZDBZD-JS-2025-002255	","JFZDPT-JS-20250213-06421	",2023-03-01,2023-03-31,"1543105444	","3205104477232	",1.000000,100,100.000000,2313.310000,2358.290000,44.98,44.98,0.737,44.98,-,-,-,-,-,-,-,-,-,-,-,-,-,-,-,-,-,-,-,-,-,-,29.34,3.81,-,-
鑫龙家园莲花六号小区位置点,"ZDBZD-JS-2025-002255	","JFZDPT-JS-20250213-06421	",2023-03-01,2023-03-31,"1544951755	","3205104477235	",1.000000,100,100.000000,2760.640000,2832.620000,71.98,71.98,0.737,71.98,-,-,-,-,-,-,-,-,-,-,-,-,-,-,-,-,-,-,-,-,-,-,46.95,6.1,-,-
鑫龙家园莲花六号小区位置点,"ZDBZD-JS-2025-002255	","JFZDPT-JS-20250213-06421	",2023-03-01,2023-03-31,"1544684094	","3205104477238	",1.000000,100,100.000000,2709.350000,2779.160000,69.81,69.81,0.7387,69.81,-,-,-,-,-,-,-,-,-,-,-,-,-,-,-,-,-,-,-,-,-,-,45.64,5.93,-,-
鑫龙家园莲花六号小区位置点,"ZDBZD-JS-2025-002255	","JFZDPT-JS-20250213-06421	",2023-03-01,2023-03-31,"1539602549	","3205104477339	",1.000000,100,100.000000,2832.650000,2905.020000,72.37,72.37,0.733,72.37,-,-,-,-,-,-,-,-,-,-,-,-,-,-,-,-,-,-,-,-,-,-,46.95,6.1,-,-
鑫龙家园莲花六号小区位置点,"ZDBZD-JS-2025-002255	","JFZDPT-JS-20250213-06421	",2023-03-01,2023-03-31,"1546160843	","3205104477340	",1.000000,100,100.000000,2795.640000,2867.210000,71.57,71.57,0.7412,71.57,-,-,-,-,-,-,-,-,-,-,-,-,-,-,-,-,-,-,-,-,-,-,46.95,6.1,-,-
鑫龙家园莲花六号小区位置点,"ZDBZD-JS-2025-002255	","JFZDPT-JS-20250213-06421	",2023-03-01,2023-03-31,"1546168926	","3205104477341	",1.000000,100,100.000000,3212.710000,3295.640000,82.93,82.93,0.7374,82.93,-,-,-,-,-,-,-,-,-,-,-,-,-,-,-,-,-,-,-,-,-,-,54.12,7.03,-,-
鑫龙家园莲花六号小区位置点,"ZDBZD-JS-2025-002255	","JFZDPT-JS-20250213-06421	",2023-03-01,2023-03-31,"1542466276	","3205104477344	",1.000000,100,100.000000,2344.700000,2413.230000,68.53,68.53,0.7419,68.53,-,-,-,-,-,-,-,-,-,-,-,-,-,-,-,-,-,-,-,-,-,-,44.99,5.85,-,-
鑫龙家园莲花六号小区位置点,"ZDBZD-JS-2025-002255	","JFZDPT-JS-20250213-06421	",2023-03-01,2023-03-31,"1536129516	","3205104477350	",1.000000,100,100.000000,3477.590000,3528.250000,50.66,50.66,0.7416,50.66,-,-,-,-,-,-,-,-,-,-,-,-,-,-,-,-,-,-,-,-,-,-,33.25,4.32,-,-
鑫龙家园莲花六号小区位置点,"ZDBZD-JS-2025-002255	","JFZDPT-JS-20250213-10727	",2023-12-01,2023-12-31,"1534337708	","3205104313087	",1.000000,100,100.000000,3004.580000,3051.070000,46.49,46.49,0.743,46.49,-,-,-,-,-,-,-,-,-,-,-,-,-,-,-,-,-,-,-,-,-,-,30.57,3.97,-,-
鑫龙家园莲花六号小区位置点,"ZDBZD-JS-2025-002255	","JFZDPT-JS-20250213-10727	",2023-12-01,2023-12-31,"1534339435	","3205104313426	",1.000000,100,100.000000,2099.890000,2132.570000,32.68,32.68,0.7583,32.68,-,-,-,-,-,-,-,-,-,-,-,-,-,-,-,-,-,-,-,-,-,-,21.93,2.85,-,-
鑫龙家园莲花六号小区位置点,"ZDBZD-JS-2025-002255	","JFZDPT-JS-20250213-10727	",2023-12-01,2023-12-31,"1534349171	","3205104313433	",1.000000,100,100.000000,2077.800000,2110.090000,32.29,32.29,0.7442,32.29,-,-,-,-,-,-,-,-,-,-,-,-,-,-,-,-,-,-,-,-,-,-,21.27,2.76,-,-
鑫龙家园莲花六号小区位置点,"ZDBZD-JS-2025-002255	","JFZDPT-JS-20250213-10727	",2023-12-01,2023-12-31,"1554157659	","3205104313437	",1.000000,100,100.000000,2093.090000,2124.460000,31.37,31.37,0.7421,31.37,-,-,-,-,-,-,-,-,-,-,-,-,-,-,-,-,-,-,-,-,-,-,20.6,2.68,-,-
鑫龙家园莲花六号小区位置点,"ZDBZD-JS-2025-002255	","JFZDPT-JS-20250213-10727	",2023-12-01,2023-12-31,"1534339430	","3205104313446	",1.000000,100,100.000000,2010.870000,2043.690000,32.82,32.82,0.755,32.82,-,-,-,-,-,-,-,-,-,-,-,-,-,-,-,-,-,-,-,-,-,-,21.93,2.85,-,-
鑫龙家园莲花六号小区位置点,"ZDBZD-JS-2025-002255	","JFZDPT-JS-20250213-10727	",2023-12-01,2023-12-31,"1534337522	","3205104313451	",1.000000,100,100.000000,2213.820000,2246.280000,32.46,32.46,0.7403,32.46,-,-,-,-,-,-,-,-,-,-,-,-,-,-,-,-,-,-,-,-,-,-,21.27,2.76,-,-
鑫龙家园莲花六号小区位置点,"ZDBZD-JS-2025-002255	","JFZDPT-JS-20250213-10727	",2023-12-01,2023-12-31,"1528107567	","3205104315707	",1.000000,100,100.000000,2922.710000,2969.040000,46.33,46.33,0.7455,46.33,-,-,-,-,-,-,-,-,-,-,-,-,-,-,-,-,-,-,-,-,-,-,30.57,3.97,-,-
鑫龙家园莲花六号小区位置点,"ZDBZD-JS-2025-002255	","JFZDPT-JS-20250213-10727	",2023-12-01,2023-12-31,"1556867474	","3205104315719	",1.000000,100,100.000000,533.200000,561.920000,28.72,28.72,0.758,28.72,-,-,-,-,-,-,-,-,-,-,-,-,-,-,-,-,-,-,-,-,-,-,19.27,2.5,-,-
鑫龙家园莲花六号小区位置点,"ZDBZD-JS-2025-002255	","JFZDPT-JS-20250213-10727	",2023-12-01,2023-12-31,"1528102930	","3205104315726	",1.000000,100,100.000000,2128.870000,2157.950000,29.08,29.08,0.7486,29.08,-,-,-,-,-,-,-,-,-,-,-,-,-,-,-,-,-,-,-,-,-,-,19.27,2.5,-,-
鑫龙家园莲花六号小区位置点,"ZDBZD-JS-2025-002255	","JFZDPT-JS-20250213-10727	",2023-12-01,2023-12-31,"1559570474	","3205104353226	",1.000000,100,100.000000,2023.360000,2168.810000,145.45,145.45,0.7485,145.45,-,-,-,-,-,-,-,-,-,-,-,-,-,-,-,-,-,-,-,-,-,-,96.35,12.52,-,-
鑫龙家园莲花六号小区位置点,"ZDBZD-JS-2025-002255	","JFZDPT-JS-20250213-10727	",2023-12-01,2023-12-31,"1547726877	","3205104472953	",1.000000,100,100.000000,3316.550000,3389.170000,72.62,72.62,0.7548,72.62,-,-,-,-,-,-,-,-,-,-,-,-,-,-,-,-,-,-,-,-,-,-,48.5,6.31,-,-
鑫龙家园莲花六号小区位置点,"ZDBZD-JS-2025-002255	","JFZDPT-JS-20250213-10727	",2023-12-01,2023-12-31,"1547633945	","3205104472957	",1.000000,100,100.000000,4002.580000,4101.420000,98.84,98.84,0.752,98.84,-,-,-,-,-,-,-,-,-,-,-,-,-,-,-,-,-,-,-,-,-,-,65.78,8.55,-,-
鑫龙家园莲花六号小区位置点,"ZDBZD-JS-2025-002255	","JFZDPT-JS-20250213-10727	",2023-12-01,2023-12-31,"1547633944	","3205104472959	",1.000000,100,100.000000,3253.520000,3324.040000,70.52,70.52,0.756,70.52,-,-,-,-,-,-,-,-,-,-,-,-,-,-,-,-,-,-,-,-,-,-,47.18,6.13,-,-
鑫龙家园莲花六号小区位置点,"ZDBZD-JS-2025-002255	","JFZDPT-JS-20250213-10727	",2023-12-01,2023-12-31,"1547633946	","3205104472963	",1.000000,100,100.000000,3127.600000,3201.170000,73.57,73.57,0.7552,73.57,-,-,-,-,-,-,-,-,-,-,-,-,-,-,-,-,-,-,-,-,-,-,49.17,6.39,-,-
鑫龙家园莲花六号小区位置点,"ZDBZD-JS-2025-002255	","JFZDPT-JS-20250213-10727	",2023-12-01,2023-12-31,"1547634578	","3205104472970	",1.000000,100,100.000000,2639.890000,2692.800000,52.91,52.91,0.752,52.91,-,-,-,-,-,-,-,-,-,-,-,-,-,-,-,-,-,-,-,-,-,-,35.21,4.58,-,-
鑫龙家园莲花六号小区位置点,"ZDBZD-JS-2025-002255	","JFZDPT-JS-20250213-10727	",2023-12-01,2023-12-31,"1547728488	","3205104474427	",1.000000,100,100.000000,3284.050000,3356.050000,72,72,0.7508,72,-,-,-,-,-,-,-,-,-,-,-,-,-,-,-,-,-,-,-,-,-,-,47.84,6.22,-,-
鑫龙家园莲花六号小区位置点,"ZDBZD-JS-2025-002255	","JFZDPT-JS-20250213-10727	",2023-12-01,2023-12-31,"1547719754	","3205104474457	",1.000000,100,100.000000,8107.630000,8285.060000,177.43,177.43,0.749,177.43,-,-,-,-,-,-,-,-,-,-,-,-,-,-,-,-,-,-,-,-,-,-,117.61,15.29,-,-
鑫龙家园莲花六号小区位置点,"ZDBZD-JS-2025-002255	","JFZDPT-JS-20250213-10727	",2023-12-01,2023-12-31,"1547728484	","3205104474463	",1.000000,100,100.000000,2647.880000,2718.750000,70.87,70.87,0.7522,70.87,-,-,-,-,-,-,-,-,-,-,-,-,-,-,-,-,-,-,-,-,-,-,47.18,6.13,-,-
鑫龙家园莲花六号小区位置点,"ZDBZD-JS-2025-002255	","JFZDPT-JS-20250213-10727	",2023-12-01,2023-12-31,"1547719759	","3205104474467	",1.000000,100,100.000000,3166.520000,3240.850000,74.33,74.33,0.7475,74.33,-,-,-,-,-,-,-,-,-,-,-,-,-,-,-,-,-,-,-,-,-,-,49.17,6.39,-,-
鑫龙家园莲花六号小区位置点,"ZDBZD-JS-2025-002255	","JFZDPT-JS-20250213-10727	",2023-12-01,2023-12-31,"1534271368	","3205104476753	",1.000000,100,100.000000,2890.970000,2890.970000,0,0,0.7961,0,-,-,-,-,-,-,-,-,-,-,-,-,-,-,-,-,-,-,-,-,-,-,0,0,-,-
鑫龙家园莲花六号小区位置点,"ZDBZD-JS-2025-002255	","JFZDPT-JS-20250213-10727	",2023-12-01,2023-12-31,"1542462053	","3205104476756	",1.000000,100,100.000000,2797.260000,2852.990000,55.73,55.73,0.7545,55.73,-,-,-,-,-,-,-,-,-,-,-,-,-,-,-,-,-,-,-,-,-,-,37.21,4.84,-,-
鑫龙家园莲花六号小区位置点,"ZDBZD-JS-2025-002255	","JFZDPT-JS-20250213-10727	",2023-12-01,2023-12-31,"1534365028	","3205104476757	",1.000000,100,100.000000,3181.430000,3255.370000,73.94,73.94,0.7514,73.94,-,-,-,-,-,-,-,-,-,-,-,-,-,-,-,-,-,-,-,-,-,-,49.17,6.39,-,-
鑫龙家园莲花六号小区位置点,"ZDBZD-JS-2025-002255	","JFZDPT-JS-20250213-10727	",2023-12-01,2023-12-31,"1535669055	","3205104476759	",1.000000,100,100.000000,4445.860000,4547.030000,101.17,101.17,0.7495,101.17,-,-,-,-,-,-,-,-,-,-,-,-,-,-,-,-,-,-,-,-,-,-,67.11,8.72,-,-
鑫龙家园莲花六号小区位置点,"ZDBZD-JS-2025-002255	","JFZDPT-JS-20250213-10727	",2023-12-01,2023-12-31,"1535960714	","3205104476763	",1.000000,100,100.000000,6950.750000,7086.330000,135.58,135.58,0.7531,135.58,-,-,-,-,-,-,-,-,-,-,-,-,-,-,-,-,-,-,-,-,-,-,90.36,11.75,-,-
鑫龙家园莲花六号小区位置点,"ZDBZD-JS-2025-002255	","JFZDPT-JS-20250213-10727	",2023-12-01,2023-12-31,"1543218796	","3205104476766	",1.000000,100,100.000000,3443.990000,3516.280000,72.29,72.29,0.7478,72.29,-,-,-,-,-,-,-,-,-,-,-,-,-,-,-,-,-,-,-,-,-,-,47.84,6.22,-,-
鑫龙家园莲花六号小区位置点,"ZDBZD-JS-2025-002255	","JFZDPT-JS-20250213-10727	",2023-12-01,2023-12-31,"1539721710	","3205104476768	",1.000000,100,100.000000,3333.930000,3403.510000,69.58,69.58,0.7554,69.58,-,-,-,-,-,-,-,-,-,-,-,-,-,-,-,-,-,-,-,-,-,-,46.51,6.05,-,-
鑫龙家园莲花六号小区位置点,"ZDBZD-JS-2025-002255	","JFZDPT-JS-20250213-10727	",2023-12-01,2023-12-31,"1534340339	","3205104476772	",1.000000,100,100.000000,2494.440000,2565.730000,71.29,71.29,0.7478,71.29,-,-,-,-,-,-,-,-,-,-,-,-,-,-,-,-,-,-,-,-,-,-,47.18,6.13,-,-
鑫龙家园莲花六号小区位置点,"ZDBZD-JS-2025-002255	","JFZDPT-JS-20250213-10727	",2023-12-01,2023-12-31,"1542222948	","3205104476774	",1.000000,100,100.000000,3103.970000,3176.220000,72.25,72.25,0.7482,72.25,-,-,-,-,-,-,-,-,-,-,-,-,-,-,-,-,-,-,-,-,-,-,47.84,6.22,-,-
鑫龙家园莲花六号小区位置点,"ZDBZD-JS-2025-002255	","JFZDPT-JS-20250213-10727	",2023-12-01,2023-12-31,"1536674431	","3205104477226	",1.000000,100,100.000000,3748.580000,3849.600000,101.02,101.02,0.7506,101.02,-,-,-,-,-,-,-,-,-,-,-,-,-,-,-,-,-,-,-,-,-,-,67.11,8.72,-,-
鑫龙家园莲花六号小区位置点,"ZDBZD-JS-2025-002255	","JFZDPT-JS-20250213-10727	",2023-12-01,2023-12-31,"1536129515	","3205104477228	",1.000000,100,100.000000,3387.620000,3459.310000,71.69,71.69,0.7541,71.69,-,-,-,-,-,-,-,-,-,-,-,-,-,-,-,-,-,-,-,-,-,-,47.84,6.22,-,-
鑫龙家园莲花六号小区位置点,"ZDBZD-JS-2025-002255	","JFZDPT-JS-20250213-10727	",2023-12-01,2023-12-31,"1539373623	","3205104477230	",1.000000,100,100.000000,3173.290000,3246.460000,73.17,73.17,0.7491,73.17,-,-,-,-,-,-,-,-,-,-,-,-,-,-,-,-,-,-,-,-,-,-,48.5,6.31,-,-
鑫龙家园莲花六号小区位置点,"ZDBZD-JS-2025-002255	","JFZDPT-JS-20250213-10727	",2023-12-01,2023-12-31,"1543105444	","3205104477232	",1.000000,100,100.000000,2712.060000,2757.240000,45.18,45.18,0.7479,45.18,-,-,-,-,-,-,-,-,-,-,-,-,-,-,-,-,-,-,-,-,-,-,29.9,3.89,-,-
鑫龙家园莲花六号小区位置点,"ZDBZD-JS-2025-002255	","JFZDPT-JS-20250213-10727	",2023-12-01,2023-12-31,"1544951755	","3205104477235	",1.000000,100,100.000000,3401.980000,3474.540000,72.56,72.56,0.7554,72.56,-,-,-,-,-,-,-,-,-,-,-,-,-,-,-,-,-,-,-,-,-,-,48.5,6.31,-,-
鑫龙家园莲花六号小区位置点,"ZDBZD-JS-2025-002255	","JFZDPT-JS-20250213-10727	",2023-12-01,2023-12-31,"1544684094	","3205104477238	",1.000000,100,100.000000,3093.340000,3093.340000,0,0,0.7961,0,-,-,-,-,-,-,-,-,-,-,-,-,-,-,-,-,-,-,-,-,-,-,0,0,-,-
鑫龙家园莲花六号小区位置点,"ZDBZD-JS-2025-002255	","JFZDPT-JS-20250213-10727	",2023-12-01,2023-12-31,"1539602549	","3205104477339	",1.000000,100,100.000000,3138.800000,3141.800000,3,3,0.75,3,-,-,-,-,-,-,-,-,-,-,-,-,-,-,-,-,-,-,-,-,-,-,1.99,0.26,-,-
鑫龙家园莲花六号小区位置点,"ZDBZD-JS-2025-002255	","JFZDPT-JS-20250213-10727	",2023-12-01,2023-12-31,"1546160843	","3205104477340	",1.000000,100,100.000000,3394.460000,3466.120000,71.66,71.66,0.7544,71.66,-,-,-,-,-,-,-,-,-,-,-,-,-,-,-,-,-,-,-,-,-,-,47.84,6.22,-,-
鑫龙家园莲花六号小区位置点,"ZDBZD-JS-2025-002255	","JFZDPT-JS-20250213-10727	",2023-12-01,2023-12-31,"1546168926	","3205104477341	",1.000000,100,100.000000,3944.530000,4016.100000,71.57,71.57,0.7553,71.57,-,-,-,-,-,-,-,-,-,-,-,-,-,-,-,-,-,-,-,-,-,-,47.84,6.22,-,-
鑫龙家园莲花六号小区位置点,"ZDBZD-JS-2025-002255	","JFZDPT-JS-20250213-10727	",2023-12-01,2023-12-31,"1542466276	","3205104477344	",1.000000,100,100.000000,2954.780000,3023.310000,68.53,68.53,0.756,68.53,-,-,-,-,-,-,-,-,-,-,-,-,-,-,-,-,-,-,-,-,-,-,45.85,5.96,-,-
鑫龙家园莲花六号小区位置点,"ZDBZD-JS-2025-002255	","JFZDPT-JS-20250213-10727	",2023-12-01,2023-12-31,"1536129516	","3205104477350	",1.000000,100,100.000000,3984.960000,4091.100000,106.14,106.14,0.7499,106.14,-,-,-,-,-,-,-,-,-,-,-,-,-,-,-,-,-,-,-,-,-,-,70.43,9.16,-,-
鑫龙家园莲花六号小区位置点,"ZDBZD-JS-2025-002255	","JFZDPT-JS-20250521-02282	",2025-02-01,2025-02-28,"1534337708	","3205104313087	",1.000000,100,100.000000,3644.380000,3686.470000,42.09,42.09,0.7379,42.09,-,-,-,-,-,-,-,-,-,-,-,-,-,-,-,-,-,-,-,-,-,-,27.485142,3.573069,-,-
鑫龙家园莲花六号小区位置点,"ZDBZD-JS-2025-002255	","JFZDPT-JS-20250521-02282	",2025-02-01,2025-02-28,"1534339435	","3205104313426	",1.000000,100,100.000000,2661.300000,2690.580000,29.28,29.28,0.7322,29.28,-,-,-,-,-,-,-,-,-,-,-,-,-,-,-,-,-,-,-,-,-,-,18.972404,2.466412,-,-
鑫龙家园莲花六号小区位置点,"ZDBZD-JS-2025-002255	","JFZDPT-JS-20250521-02282	",2025-02-01,2025-02-28,"1534349171	","3205104313433	",1.000000,100,100.000000,2526.860000,2556.130000,29.27,29.27,0.7325,29.27,-,-,-,-,-,-,-,-,-,-,-,-,-,-,-,-,-,-,-,-,-,-,18.973695,2.46658,-,-
鑫龙家园莲花六号小区位置点,"ZDBZD-JS-2025-002255	","JFZDPT-JS-20250521-02282	",2025-02-01,2025-02-28,"1554157659	","3205104313437	",1.000000,100,100.000000,103.950000,132.730000,28.78,28.78,0.745,28.78,-,-,-,-,-,-,-,-,-,-,-,-,-,-,-,-,-,-,-,-,-,-,18.974425,2.466675,-,-
鑫龙家园莲花六号小区位置点,"ZDBZD-JS-2025-002255	","JFZDPT-JS-20250521-02282	",2025-02-01,2025-02-28,"1534339430	","3205104313446	",1.000000,100,100.000000,2463.830000,2493.190000,29.36,29.36,0.7302,29.36,-,-,-,-,-,-,-,-,-,-,-,-,-,-,-,-,-,-,-,-,-,-,18.972276,2.466396,-,-
鑫龙家园莲花六号小区位置点,"ZDBZD-JS-2025-002255	","JFZDPT-JS-20250521-02282	",2025-02-01,2025-02-28,"1534337522	","3205104313451	",1.000000,100,100.000000,2673.990000,2704.070000,30.08,30.08,0.7374,30.08,-,-,-,-,-,-,-,-,-,-,-,-,-,-,-,-,-,-,-,-,-,-,19.629196,2.551796,-,-
鑫龙家园莲花六号小区位置点,"ZDBZD-JS-2025-002255	","JFZDPT-JS-20250521-02282	",2025-02-01,2025-02-28,"1528107567	","3205104315707	",1.000000,100,100.000000,3558.890000,3600.020000,41.13,41.13,0.7372,41.13,-,-,-,-,-,-,-,-,-,-,-,-,-,-,-,-,-,-,-,-,-,-,26.832775,3.488261,-,-
鑫龙家园莲花六号小区位置点,"ZDBZD-JS-2025-002255	","JFZDPT-JS-20250521-02282	",2025-02-01,2025-02-28,"1556867474	","3205104315719	",1.000000,100,100.000000,989.420000,1019.690000,30.27,30.27,0.7327,30.27,-,-,-,-,-,-,-,-,-,-,-,-,-,-,-,-,-,-,-,-,-,-,19.627282,2.551547,-,-
鑫龙家园莲花六号小区位置点,"ZDBZD-JS-2025-002255	","JFZDPT-JS-20250521-02282	",2025-02-01,2025-02-28,"1528102930	","3205104315726	",1.000000,100,100.000000,2568.850000,2597.900000,29.05,29.05,0.738,29.05,-,-,-,-,-,-,-,-,-,-,-,-,-,-,-,-,-,-,-,-,-,-,18.972478,2.466422,-,-
鑫龙家园莲花六号小区位置点,"ZDBZD-JS-2025-002255	","JFZDPT-JS-20250521-02282	",2025-02-01,2025-02-28,"1559570474	","3205104353226	",1.000000,100,100.000000,3985.590000,4112.340000,126.75,126.75,0.7408,126.75,-,-,-,-,-,-,-,-,-,-,-,-,-,-,-,-,-,-,-,-,-,-,83.094159,10.802241,-,-
鑫龙家园莲花六号小区位置点,"ZDBZD-JS-2025-002255	","JFZDPT-JS-20250521-02282	",2025-02-01,2025-02-28,"1547726877	","3205104472953	",1.000000,100,100.000000,4322.440000,4387.900000,65.46,65.46,0.7342,65.46,-,-,-,-,-,-,-,-,-,-,-,-,-,-,-,-,-,-,-,-,-,-,42.531621,5.529111,-,-
鑫龙家园莲花六号小区位置点,"ZDBZD-JS-2025-002255	","JFZDPT-JS-20250521-02282	",2025-02-01,2025-02-28,"1547633945	","3205104472957	",1.000000,100,100.000000,5372.460000,5461.570000,89.11,89.11,0.7385,89.11,-,-,-,-,-,-,-,-,-,-,-,-,-,-,-,-,-,-,-,-,-,-,58.236934,7.570801,-,-
鑫龙家园莲花六号小区位置点,"ZDBZD-JS-2025-002255	","JFZDPT-JS-20250521-02282	",2025-02-01,2025-02-28,"1547633944	","3205104472959	",1.000000,100,100.000000,4231.300000,4294.860000,63.56,63.56,0.7445,63.56,-,-,-,-,-,-,-,-,-,-,-,-,-,-,-,-,-,-,-,-,-,-,41.876478,5.443942,-,-
鑫龙家园莲花六号小区位置点,"ZDBZD-JS-2025-002255	","JFZDPT-JS-20250521-02282	",2025-02-01,2025-02-28,"1547633946	","3205104472963	",1.000000,100,100.000000,4114.760000,4181.100000,66.34,66.34,0.7356,66.34,-,-,-,-,-,-,-,-,-,-,-,-,-,-,-,-,-,-,-,-,-,-,43.185579,5.614125,-,-
鑫龙家园莲花六号小区位置点,"ZDBZD-JS-2025-002255	","JFZDPT-JS-20250521-02282	",2025-02-01,2025-02-28,"1547634578	","3205104472970	",1.000000,100,100.000000,3314.840000,3355.360000,40.52,40.52,0.7483,40.52,-,-,-,-,-,-,-,-,-,-,-,-,-,-,-,-,-,-,-,-,-,-,26.832846,3.48827,-,-
鑫龙家园莲花六号小区位置点,"ZDBZD-JS-2025-002255	","JFZDPT-JS-20250521-02282	",2025-02-01,2025-02-28,"1547728488	","3205104474427	",1.000000,100,100.000000,4276.340000,4341.170000,64.83,64.83,0.7413,64.83,-,-,-,-,-,-,-,-,-,-,-,-,-,-,-,-,-,-,-,-,-,-,42.529627,5.528852,-,-
鑫龙家园莲花六号小区位置点,"ZDBZD-JS-2025-002255	","JFZDPT-JS-20250521-02282	",2025-02-01,2025-02-28,"1547719754	","3205104474457	",1.000000,100,100.000000,10400.550000,10557.570000,157.02,157.02,0.7393,157.02,-,-,-,-,-,-,-,-,-,-,-,-,-,-,-,-,-,-,-,-,-,-,102.729988,13.354898,-,-
鑫龙家园莲花六号小区位置点,"ZDBZD-JS-2025-002255	","JFZDPT-JS-20250521-02282	",2025-02-01,2025-02-28,"1547728484	","3205104474463	",1.000000,100,100.000000,3598.240000,3662.070000,63.83,63.83,0.7413,63.83,-,-,-,-,-,-,-,-,-,-,-,-,-,-,-,-,-,-,-,-,-,-,41.87361,5.443569,-,-
鑫龙家园莲花六号小区位置点,"ZDBZD-JS-2025-002255	","JFZDPT-JS-20250521-02282	",2025-02-01,2025-02-28,"1547719759	","3205104474467	",1.000000,100,100.000000,4162.570000,4229.630000,67.06,67.06,0.7387,67.06,-,-,-,-,-,-,-,-,-,-,-,-,-,-,-,-,-,-,-,-,-,-,43.83825,5.698972,-,-
鑫龙家园莲花六号小区位置点,"ZDBZD-JS-2025-002255	","JFZDPT-JS-20250521-02282	",2025-02-01,2025-02-28,"1534271368	","3205104476753	",1.000000,100,100.000000,2890.970000,2890.970000,0,0,0.7407,0,-,-,-,-,-,-,-,-,-,-,-,-,-,-,-,-,-,-,-,-,-,-,0,0,-,-
鑫龙家园莲花六号小区位置点,"ZDBZD-JS-2025-002255	","JFZDPT-JS-20250521-02282	",2025-02-01,2025-02-28,"1542462053	","3205104476756	",1.000000,100,100.000000,3565.480000,3615.860000,50.38,50.38,0.7338,50.38,-,-,-,-,-,-,-,-,-,-,-,-,-,-,-,-,-,-,-,-,-,-,32.715791,4.253053,-,-
鑫龙家园莲花六号小区位置点,"ZDBZD-JS-2025-002255	","JFZDPT-JS-20250521-02282	",2025-02-01,2025-02-28,"1534365028	","3205104476757	",1.000000,100,100.000000,4067.080000,4134.050000,66.97,66.97,0.7397,66.97,-,-,-,-,-,-,-,-,-,-,-,-,-,-,-,-,-,-,-,-,-,-,43.838681,5.699028,-,-
鑫龙家园莲花六号小区位置点,"ZDBZD-JS-2025-002255	","JFZDPT-JS-20250521-02282	",2025-02-01,2025-02-28,"1535669055	","3205104476759	",1.000000,100,100.000000,4854.560000,4857.130000,2.57,2.57,0.74,2.57,-,-,-,-,-,-,-,-,-,-,-,-,-,-,-,-,-,-,-,-,-,-,1.683009,0.218791,-,-
鑫龙家园莲花六号小区位置点,"ZDBZD-JS-2025-002255	","JFZDPT-JS-20250521-02282	",2025-02-01,2025-02-28,"1535960714	","3205104476763	",1.000000,100,100.000000,8925.100000,9045.890000,120.79,120.79,0.7407,120.79,-,-,-,-,-,-,-,-,-,-,-,-,-,-,-,-,-,-,-,-,-,-,79.176242,10.292911,-,-
鑫龙家园莲花六号小区位置点,"ZDBZD-JS-2025-002255	","JFZDPT-JS-20250521-02282	",2025-02-01,2025-02-28,"1543218796	","3205104476766	",1.000000,100,100.000000,4441.970000,4507.120000,65.15,65.15,0.7377,65.15,-,-,-,-,-,-,-,-,-,-,-,-,-,-,-,-,-,-,-,-,-,-,42.531996,5.529159,-,-
鑫龙家园莲花六号小区位置点,"ZDBZD-JS-2025-002255	","JFZDPT-JS-20250521-02282	",2025-02-01,2025-02-28,"1539721710	","3205104476768	",1.000000,100,100.000000,4297.220000,4359.890000,62.67,62.67,0.7433,62.67,-,-,-,-,-,-,-,-,-,-,-,-,-,-,-,-,-,-,-,-,-,-,41.22355,5.359061,-,-
鑫龙家园莲花六号小区位置点,"ZDBZD-JS-2025-002255	","JFZDPT-JS-20250521-02282	",2025-02-01,2025-02-28,"1534340339	","3205104476772	",1.000000,100,100.000000,3482.260000,3546.600000,64.34,64.34,0.7355,64.34,-,-,-,-,-,-,-,-,-,-,-,-,-,-,-,-,-,-,-,-,-,-,41.877938,5.444132,-,-
鑫龙家园莲花六号小区位置点,"ZDBZD-JS-2025-002255	","JFZDPT-JS-20250521-02282	",2025-02-01,2025-02-28,"1542222948	","3205104476774	",1.000000,100,100.000000,3956.080000,4005.470000,49.39,49.39,0.7335,49.39,-,-,-,-,-,-,-,-,-,-,-,-,-,-,-,-,-,-,-,-,-,-,32.059792,4.167773,-,-
鑫龙家园莲花六号小区位置点,"ZDBZD-JS-2025-002255	","JFZDPT-JS-20250521-02282	",2025-02-01,2025-02-28,"1536674431	","3205104477226	",1.000000,100,100.000000,5150.320000,5197.370000,47.05,47.05,0.7386,47.05,-,-,-,-,-,-,-,-,-,-,-,-,-,-,-,-,-,-,-,-,-,-,30.753212,3.997918,-,-
鑫龙家园莲花六号小区位置点,"ZDBZD-JS-2025-002255	","JFZDPT-JS-20250521-02282	",2025-02-01,2025-02-28,"1536129515	","3205104477228	",1.000000,100,100.000000,4349.140000,4413.830000,64.69,64.69,0.7429,64.69,-,-,-,-,-,-,-,-,-,-,-,-,-,-,-,-,-,-,-,-,-,-,42.529381,5.52882,-,-
鑫龙家园莲花六号小区位置点,"ZDBZD-JS-2025-002255	","JFZDPT-JS-20250521-02282	",2025-02-01,2025-02-28,"1539373623	","3205104477230	",1.000000,100,100.000000,4072.010000,4138.030000,66.02,66.02,0.7392,66.02,-,-,-,-,-,-,-,-,-,-,-,-,-,-,-,-,-,-,-,-,-,-,43.187596,5.614388,-,-
鑫龙家园莲花六号小区位置点,"ZDBZD-JS-2025-002255	","JFZDPT-JS-20250521-02282	",2025-02-01,2025-02-28,"1543105444	","3205104477232	",1.000000,100,100.000000,3320.870000,3361.810000,40.94,40.94,0.7406,40.94,-,-,-,-,-,-,-,-,-,-,-,-,-,-,-,-,-,-,-,-,-,-,26.832004,3.48816,-,-
鑫龙家园莲花六号小区位置点,"ZDBZD-JS-2025-002255	","JFZDPT-JS-20250521-02282	",2025-02-01,2025-02-28,"1544951755	","3205104477235	",1.000000,100,100.000000,4371.000000,4436.400000,65.4,65.4,0.7349,65.4,-,-,-,-,-,-,-,-,-,-,-,-,-,-,-,-,-,-,-,-,-,-,42.53315,5.52931,-,-
鑫龙家园莲花六号小区位置点,"ZDBZD-JS-2025-002255	","JFZDPT-JS-20250521-02282	",2025-02-01,2025-02-28,"1544684094	","3205104477238	",1.000000,100,100.000000,3093.340000,3093.340000,0,0,0.7407,0,-,-,-,-,-,-,-,-,-,-,-,-,-,-,-,-,-,-,-,-,-,-,0,0,-,-
鑫龙家园莲花六号小区位置点,"ZDBZD-JS-2025-002255	","JFZDPT-JS-20250521-02282	",2025-02-01,2025-02-28,"1539602549	","3205104477339	",1.000000,100,100.000000,3615.180000,3678.670000,63.49,63.49,0.7337,63.49,-,-,-,-,-,-,-,-,-,-,-,-,-,-,-,-,-,-,-,-,-,-,41.223551,5.359062,-,-
鑫龙家园莲花六号小区位置点,"ZDBZD-JS-2025-002255	","JFZDPT-JS-20250521-02282	",2025-02-01,2025-02-28,"1546160843	","3205104477340	",1.000000,100,100.000000,4386.610000,4451.260000,64.65,64.65,0.7434,64.65,-,-,-,-,-,-,-,-,-,-,-,-,-,-,-,-,-,-,-,-,-,-,42.53169,5.52912,-,-
鑫龙家园莲花六号小区位置点,"ZDBZD-JS-2025-002255	","JFZDPT-JS-20250521-02282	",2025-02-01,2025-02-28,"1546168926	","3205104477341	",1.000000,100,100.000000,4951.350000,5015.110000,63.76,63.76,0.7422,63.76,-,-,-,-,-,-,-,-,-,-,-,-,-,-,-,-,-,-,-,-,-,-,41.878471,5.444201,-,-
鑫龙家园莲花六号小区位置点,"ZDBZD-JS-2025-002255	","JFZDPT-JS-20250521-02282	",2025-02-01,2025-02-28,"1542466276	","3205104477344	",1.000000,100,100.000000,3902.180000,3963.870000,61.69,61.69,0.7431,61.69,-,-,-,-,-,-,-,-,-,-,-,-,-,-,-,-,-,-,-,-,-,-,40.567999,5.27384,-,-
鑫龙家园莲花六号小区位置点,"ZDBZD-JS-2025-002255	","JFZDPT-JS-20250521-02282	",2025-02-01,2025-02-28,"1536129516	","3205104477350	",1.000000,100,100.000000,5456.060000,5551.750000,95.69,95.69,0.7418,95.69,-,-,-,-,-,-,-,-,-,-,-,-,-,-,-,-,-,-,-,-,-,-,62.816674,8.166168,-,-
鑫龙家园莲花六号小区位置点,"ZDBZD-JS-2025-002255	","JFZDPT-JS-20250211-11270	",2022-04-01,2022-04-30,"1534337708	","3205104313087	",1.000000,100,100.000000,2072.080000,2118.100000,46.02,46.02,0.7308,46.02,-,-,-,-,-,-,-,-,-,-,-,-,-,-,-,-,-,-,-,-,-,-,29.76,3.87,-,-
鑫龙家园莲花六号小区位置点,"ZDBZD-JS-2025-002255	","JFZDPT-JS-20250211-11270	",2022-04-01,2022-04-30,"1534339435	","3205104313426	",1.000000,100,100.000000,1437.790000,1470.140000,32.35,32.35,0.7233,32.35,-,-,-,-,-,-,-,-,-,-,-,-,-,-,-,-,-,-,-,-,-,-,20.71,2.69,-,-
鑫龙家园莲花六号小区位置点,"ZDBZD-JS-2025-002255	","JFZDPT-JS-20250211-11270	",2022-04-01,2022-04-30,"1534349171	","3205104313433	",1.000000,100,100.000000,1424.880000,1456.660000,31.78,31.78,0.7363,31.78,-,-,-,-,-,-,-,-,-,-,-,-,-,-,-,-,-,-,-,-,-,-,20.71,2.69,-,-
鑫龙家园莲花六号小区位置点,"ZDBZD-JS-2025-002255	","JFZDPT-JS-20250211-11270	",2022-04-01,2022-04-30,"1554157659	","3205104313437	",1.000000,100,100.000000,1440.090000,1472.340000,32.25,32.25,0.7256,32.25,-,-,-,-,-,-,-,-,-,-,-,-,-,-,-,-,-,-,-,-,-,-,20.71,2.69,-,-
鑫龙家园莲花六号小区位置点,"ZDBZD-JS-2025-002255	","JFZDPT-JS-20250211-11270	",2022-04-01,2022-04-30,"1534339430	","3205104313446	",1.000000,100,100.000000,1355.420000,1387.550000,32.13,32.13,0.7283,32.13,-,-,-,-,-,-,-,-,-,-,-,-,-,-,-,-,-,-,-,-,-,-,20.71,2.69,-,-
鑫龙家园莲花六号小区位置点,"ZDBZD-JS-2025-002255	","JFZDPT-JS-20250211-11270	",2022-04-01,2022-04-30,"1534337522	","3205104313451	",1.000000,100,100.000000,1518.990000,1552.320000,33.33,33.33,0.724,33.33,-,-,-,-,-,-,-,-,-,-,-,-,-,-,-,-,-,-,-,-,-,-,21.35,2.78,-,-
鑫龙家园莲花六号小区位置点,"ZDBZD-JS-2025-002255	","JFZDPT-JS-20250211-11270	",2022-04-01,2022-04-30,"1528107567	","3205104315707	",1.000000,100,100.000000,2039.640000,2085.150000,45.51,45.51,0.739,45.51,-,-,-,-,-,-,-,-,-,-,-,-,-,-,-,-,-,-,-,-,-,-,29.76,3.87,-,-
鑫龙家园莲花六号小区位置点,"ZDBZD-JS-2025-002255	","JFZDPT-JS-20250211-11270	",2022-04-01,2022-04-30,"1556867474	","3205104315719	",1.000000,100,100.000000,1490.100000,1522.220000,32.12,32.12,0.7285,32.12,-,-,-,-,-,-,-,-,-,-,-,-,-,-,-,-,-,-,-,-,-,-,20.71,2.69,-,-
鑫龙家园莲花六号小区位置点,"ZDBZD-JS-2025-002255	","JFZDPT-JS-20250211-11270	",2022-04-01,2022-04-30,"1528102930	","3205104315726	",1.000000,100,100.000000,1469.110000,1501.970000,32.86,32.86,0.7343,32.86,-,-,-,-,-,-,-,-,-,-,-,-,-,-,-,-,-,-,-,-,-,-,21.35,2.78,-,-
鑫龙家园莲花六号小区位置点,"ZDBZD-JS-2025-002255	","JFZDPT-JS-20250211-11270	",2022-04-01,2022-04-30,"1559570474	","3205104353226	",1.000000,100,100.000000,955.420000,1118.790000,163.37,163.37,0.7294,163.37,-,-,-,-,-,-,-,-,-,-,-,-,-,-,-,-,-,-,-,-,-,-,105.45,13.71,-,-
鑫龙家园莲花六号小区位置点,"ZDBZD-JS-2025-002255	","JFZDPT-JS-20250211-11270	",2022-04-01,2022-04-30,"1547726877	","3205104472953	",1.000000,100,100.000000,1883.300000,1953.960000,70.66,70.66,0.7346,70.66,-,-,-,-,-,-,-,-,-,-,-,-,-,-,-,-,-,-,-,-,-,-,45.94,5.97,-,-
鑫龙家园莲花六号小区位置点,"ZDBZD-JS-2025-002255	","JFZDPT-JS-20250211-11270	",2022-04-01,2022-04-30,"1547633945	","3205104472957	",1.000000,100,100.000000,2320.850000,2393.510000,72.66,72.66,0.7345,72.66,-,-,-,-,-,-,-,-,-,-,-,-,-,-,-,-,-,-,-,-,-,-,47.23,6.14,-,-
鑫龙家园莲花六号小区位置点,"ZDBZD-JS-2025-002255	","JFZDPT-JS-20250211-11270	",2022-04-01,2022-04-30,"1547633944	","3205104472959	",1.000000,100,100.000000,1856.790000,1925.720000,68.93,68.93,0.7319,68.93,-,-,-,-,-,-,-,-,-,-,-,-,-,-,-,-,-,-,-,-,-,-,44.65,5.8,-,-
鑫龙家园莲花六号小区位置点,"ZDBZD-JS-2025-002255	","JFZDPT-JS-20250211-11270	",2022-04-01,2022-04-30,"1547633946	","3205104472963	",1.000000,100,100.000000,1674.460000,1746.250000,71.79,71.79,0.7332,71.79,-,-,-,-,-,-,-,-,-,-,-,-,-,-,-,-,-,-,-,-,-,-,46.58,6.06,-,-
鑫龙家园莲花六号小区位置点,"ZDBZD-JS-2025-002255	","JFZDPT-JS-20250211-11270	",2022-04-01,2022-04-30,"1547634578	","3205104472970	",1.000000,100,100.000000,1592.820000,1644.250000,51.43,51.43,0.7251,51.43,-,-,-,-,-,-,-,-,-,-,-,-,-,-,-,-,-,-,-,-,-,-,33,4.29,-,-
鑫龙家园莲花六号小区位置点,"ZDBZD-JS-2025-002255	","JFZDPT-JS-20250211-11270	",2022-04-01,2022-04-30,"1547728488	","3205104474427	",1.000000,100,100.000000,1868.010000,1937.970000,69.96,69.96,0.7316,69.96,-,-,-,-,-,-,-,-,-,-,-,-,-,-,-,-,-,-,-,-,-,-,45.29,5.89,-,-
鑫龙家园莲花六号小区位置点,"ZDBZD-JS-2025-002255	","JFZDPT-JS-20250211-11270	",2022-04-01,2022-04-30,"1547719754	","3205104474457	",1.000000,100,100.000000,4857.450000,5037.130000,179.68,179.68,0.7324,179.68,-,-,-,-,-,-,-,-,-,-,-,-,-,-,-,-,-,-,-,-,-,-,116.46,15.14,-,-
鑫龙家园莲花六号小区位置点,"ZDBZD-JS-2025-002255	","JFZDPT-JS-20250211-11270	",2022-04-01,2022-04-30,"1547728484	","3205104474463	",1.000000,100,100.000000,1880.060000,1950.760000,70.7,70.7,0.7342,70.7,-,-,-,-,-,-,-,-,-,-,-,-,-,-,-,-,-,-,-,-,-,-,45.94,5.97,-,-
鑫龙家园莲花六号小区位置点,"ZDBZD-JS-2025-002255	","JFZDPT-JS-20250211-11270	",2022-04-01,2022-04-30,"1547719759	","3205104474467	",1.000000,100,100.000000,1990.640000,2060.800000,70.16,70.16,0.7295,70.16,-,-,-,-,-,-,-,-,-,-,-,-,-,-,-,-,-,-,-,-,-,-,45.29,5.89,-,-
鑫龙家园莲花六号小区位置点,"ZDBZD-JS-2025-002255	","JFZDPT-JS-20250211-11270	",2022-04-01,2022-04-30,"1534271368	","3205104476753	",1.000000,100,100.000000,1804.740000,1872.700000,67.96,67.96,0.7315,67.96,-,-,-,-,-,-,-,-,-,-,-,-,-,-,-,-,-,-,-,-,-,-,43.99,5.72,-,-
鑫龙家园莲花六号小区位置点,"ZDBZD-JS-2025-002255	","JFZDPT-JS-20250211-11270	",2022-04-01,2022-04-30,"1542462053	","3205104476756	",1.000000,100,100.000000,1702.760000,1756.950000,54.19,54.19,0.7285,54.19,-,-,-,-,-,-,-,-,-,-,-,-,-,-,-,-,-,-,-,-,-,-,34.94,4.54,-,-
鑫龙家园莲花六号小区位置点,"ZDBZD-JS-2025-002255	","JFZDPT-JS-20250211-11270	",2022-04-01,2022-04-30,"1534365028	","3205104476757	",1.000000,100,100.000000,1867.140000,1938.620000,71.48,71.48,0.7262,71.48,-,-,-,-,-,-,-,-,-,-,-,-,-,-,-,-,-,-,-,-,-,-,45.94,5.97,-,-
鑫龙家园莲花六号小区位置点,"ZDBZD-JS-2025-002255	","JFZDPT-JS-20250211-11270	",2022-04-01,2022-04-30,"1535669055	","3205104476759	",1.000000,100,100.000000,2634.380000,2732.190000,97.81,97.81,0.7325,97.81,-,-,-,-,-,-,-,-,-,-,-,-,-,-,-,-,-,-,-,-,-,-,63.41,8.24,-,-
鑫龙家园莲花六号小区位置点,"ZDBZD-JS-2025-002255	","JFZDPT-JS-20250211-11270	",2022-04-01,2022-04-30,"1535960714	","3205104476763	",1.000000,100,100.000000,4166.960000,4312.790000,145.83,145.83,0.7319,145.83,-,-,-,-,-,-,-,-,-,-,-,-,-,-,-,-,-,-,-,-,-,-,94.45,12.28,-,-
鑫龙家园莲花六号小区位置点,"ZDBZD-JS-2025-002255	","JFZDPT-JS-20250211-11270	",2022-04-01,2022-04-30,"1543218796	","3205104476766	",1.000000,100,100.000000,2018.990000,2089.370000,70.38,70.38,0.7272,70.38,-,-,-,-,-,-,-,-,-,-,-,-,-,-,-,-,-,-,-,-,-,-,45.29,5.89,-,-
鑫龙家园莲花六号小区位置点,"ZDBZD-JS-2025-002255	","JFZDPT-JS-20250211-11270	",2022-04-01,2022-04-30,"1539721710	","3205104476768	",1.000000,100,100.000000,1959.930000,2027.650000,67.72,67.72,0.7341,67.72,-,-,-,-,-,-,-,-,-,-,-,-,-,-,-,-,-,-,-,-,-,-,43.99,5.72,-,-
鑫龙家园莲花六号小区位置点,"ZDBZD-JS-2025-002255	","JFZDPT-JS-20250211-11270	",2022-04-01,2022-04-30,"1534340339	","3205104476772	",1.000000,100,100.000000,1359.050000,1405.030000,45.98,45.98,0.7314,45.98,-,-,-,-,-,-,-,-,-,-,-,-,-,-,-,-,-,-,-,-,-,-,29.76,3.87,-,-
鑫龙家园莲花六号小区位置点,"ZDBZD-JS-2025-002255	","JFZDPT-JS-20250211-11270	",2022-04-01,2022-04-30,"1542222948	","3205104476774	",1.000000,100,100.000000,1876.860000,1947.350000,70.49,70.49,0.7261,70.49,-,-,-,-,-,-,-,-,-,-,-,-,-,-,-,-,-,-,-,-,-,-,45.29,5.89,-,-
鑫龙家园莲花六号小区位置点,"ZDBZD-JS-2025-002255	","JFZDPT-JS-20250211-11270	",2022-04-01,2022-04-30,"1536674431	","3205104477226	",1.000000,100,100.000000,2204.320000,2279.100000,74.78,74.78,0.7332,74.78,-,-,-,-,-,-,-,-,-,-,-,-,-,-,-,-,-,-,-,-,-,-,48.52,6.31,-,-
鑫龙家园莲花六号小区位置点,"ZDBZD-JS-2025-002255	","JFZDPT-JS-20250211-11270	",2022-04-01,2022-04-30,"1536129515	","3205104477228	",1.000000,100,100.000000,1972.460000,2042.380000,69.92,69.92,0.732,69.92,-,-,-,-,-,-,-,-,-,-,-,-,-,-,-,-,-,-,-,-,-,-,45.29,5.89,-,-
鑫龙家园莲花六号小区位置点,"ZDBZD-JS-2025-002255	","JFZDPT-JS-20250211-11270	",2022-04-01,2022-04-30,"1539373623	","3205104477230	",1.000000,100,100.000000,1904.220000,1974.890000,70.67,70.67,0.7345,70.67,-,-,-,-,-,-,-,-,-,-,-,-,-,-,-,-,-,-,-,-,-,-,45.94,5.97,-,-
鑫龙家园莲花六号小区位置点,"ZDBZD-JS-2025-002255	","JFZDPT-JS-20250211-11270	",2022-04-01,2022-04-30,"1543105444	","3205104477232	",1.000000,100,100.000000,1828.500000,1872.080000,43.58,43.58,0.7382,43.58,-,-,-,-,-,-,-,-,-,-,-,-,-,-,-,-,-,-,-,-,-,-,28.47,3.7,-,-
鑫龙家园莲花六号小区位置点,"ZDBZD-JS-2025-002255	","JFZDPT-JS-20250211-11270	",2022-04-01,2022-04-30,"1544951755	","3205104477235	",1.000000,100,100.000000,1978.360000,2048.780000,70.42,70.42,0.7268,70.42,-,-,-,-,-,-,-,-,-,-,-,-,-,-,-,-,-,-,-,-,-,-,45.29,5.89,-,-
鑫龙家园莲花六号小区位置点,"ZDBZD-JS-2025-002255	","JFZDPT-JS-20250211-11270	",2022-04-01,2022-04-30,"1544684094	","3205104477238	",1.000000,100,100.000000,1948.460000,2016.780000,68.32,68.32,0.7276,68.32,-,-,-,-,-,-,-,-,-,-,-,-,-,-,-,-,-,-,-,-,-,-,43.99,5.72,-,-
鑫龙家园莲花六号小区位置点,"ZDBZD-JS-2025-002255	","JFZDPT-JS-20250211-11270	",2022-04-01,2022-04-30,"1539602549	","3205104477339	",1.000000,100,100.000000,2040.170000,2111.720000,71.55,71.55,0.7357,71.55,-,-,-,-,-,-,-,-,-,-,-,-,-,-,-,-,-,-,-,-,-,-,46.58,6.06,-,-
鑫龙家园莲花六号小区位置点,"ZDBZD-JS-2025-002255	","JFZDPT-JS-20250211-11270	",2022-04-01,2022-04-30,"1546160843	","3205104477340	",1.000000,100,100.000000,2012.170000,2082.610000,70.44,70.44,0.7266,70.44,-,-,-,-,-,-,-,-,-,-,-,-,-,-,-,-,-,-,-,-,-,-,45.29,5.89,-,-
鑫龙家园莲花六号小区位置点,"ZDBZD-JS-2025-002255	","JFZDPT-JS-20250211-11270	",2022-04-01,2022-04-30,"1546168926	","3205104477341	",1.000000,100,100.000000,2312.080000,2393.220000,81.14,81.14,0.7298,81.14,-,-,-,-,-,-,-,-,-,-,-,-,-,-,-,-,-,-,-,-,-,-,52.41,6.81,-,-
鑫龙家园莲花六号小区位置点,"ZDBZD-JS-2025-002255	","JFZDPT-JS-20250211-11270	",2022-04-01,2022-04-30,"1542466276	","3205104477344	",1.000000,100,100.000000,1597.840000,1665.070000,67.23,67.23,0.7285,67.23,-,-,-,-,-,-,-,-,-,-,-,-,-,-,-,-,-,-,-,-,-,-,43.35,5.63,-,-
鑫龙家园莲花六号小区位置点,"ZDBZD-JS-2025-002255	","JFZDPT-JS-20250211-11270	",2022-04-01,2022-04-30,"1536129516	","3205104477350	",1.000000,100,100.000000,2581.960000,2686.070000,104.11,104.11,0.7303,104.11,-,-,-,-,-,-,-,-,-,-,-,-,-,-,-,-,-,-,-,-,-,-,67.28,8.75,-,-
鑫龙家园莲花六号小区位置点,"ZDBZD-JS-2025-002255	","JFZDPT-JS-20250603-04466	",2025-03-01,2025-03-31,"1534337708	","3205104313087	",1.000000,100,100.000000,3686.470000,3726.910000,40.44,40.44,0.7136,40.44,-,-,-,-,-,-,-,-,-,-,-,-,-,-,-,-,-,-,-,-,-,-,25.538039,3.319945,-,-
鑫龙家园莲花六号小区位置点,"ZDBZD-JS-2025-002255	","JFZDPT-JS-20250603-04466	",2025-03-01,2025-03-31,"1534339435	","3205104313426	",1.000000,100,100.000000,2690.580000,2719.760000,29.18,29.18,0.7169,29.18,-,-,-,-,-,-,-,-,-,-,-,-,-,-,-,-,-,-,-,-,-,-,18.512515,2.406627,-,-
鑫龙家园莲花六号小区位置点,"ZDBZD-JS-2025-002255	","JFZDPT-JS-20250603-04466	",2025-03-01,2025-03-31,"1534349171	","3205104313433	",1.000000,100,100.000000,2556.130000,2582.560000,26.43,26.43,0.7098,26.43,-,-,-,-,-,-,-,-,-,-,-,-,-,-,-,-,-,-,-,-,-,-,16.601782,2.158232,-,-
鑫龙家园莲花六号小区位置点,"ZDBZD-JS-2025-002255	","JFZDPT-JS-20250603-04466	",2025-03-01,2025-03-31,"1554157659	","3205104313437	",1.000000,100,100.000000,132.730000,159.280000,26.55,26.55,0.7337,26.55,-,-,-,-,-,-,-,-,-,-,-,-,-,-,-,-,-,-,-,-,-,-,17.238704,2.241031,-,-
鑫龙家园莲花六号小区位置点,"ZDBZD-JS-2025-002255	","JFZDPT-JS-20250603-04466	",2025-03-01,2025-03-31,"1534339430	","3205104313446	",1.000000,100,100.000000,2493.190000,2519.350000,26.16,26.16,0.7171,26.16,-,-,-,-,-,-,-,-,-,-,-,-,-,-,-,-,-,-,-,-,-,-,16.601182,2.158154,-,-
鑫龙家园莲花六号小区位置点,"ZDBZD-JS-2025-002255	","JFZDPT-JS-20250603-04466	",2025-03-01,2025-03-31,"1534337522	","3205104313451	",1.000000,100,100.000000,2704.070000,2731.230000,27.16,27.16,0.7172,27.16,-,-,-,-,-,-,-,-,-,-,-,-,-,-,-,-,-,-,-,-,-,-,17.238188,2.240964,-,-
鑫龙家园莲花六号小区位置点,"ZDBZD-JS-2025-002255	","JFZDPT-JS-20250603-04466	",2025-03-01,2025-03-31,"1528107567	","3205104315707	",1.000000,100,100.000000,3600.020000,3639.700000,39.68,39.68,0.7273,39.68,-,-,-,-,-,-,-,-,-,-,-,-,-,-,-,-,-,-,-,-,-,-,25.539172,3.320092,-,-
鑫龙家园莲花六号小区位置点,"ZDBZD-JS-2025-002255	","JFZDPT-JS-20250603-04466	",2025-03-01,2025-03-31,"1556867474	","3205104315719	",1.000000,100,100.000000,1019.690000,1047.270000,27.58,27.58,0.7324,27.58,-,-,-,-,-,-,-,-,-,-,-,-,-,-,-,-,-,-,-,-,-,-,17.875745,2.323847,-,-
鑫龙家园莲花六号小区位置点,"ZDBZD-JS-2025-002255	","JFZDPT-JS-20250603-04466	",2025-03-01,2025-03-31,"1528102930	","3205104315726	",1.000000,100,100.000000,2597.900000,2626.950000,29.05,29.05,0.7201,29.05,-,-,-,-,-,-,-,-,-,-,-,-,-,-,-,-,-,-,-,-,-,-,18.512305,2.4066,-,-
鑫龙家园莲花六号小区位置点,"ZDBZD-JS-2025-002255	","JFZDPT-JS-20250603-04466	",2025-03-01,2025-03-31,"1559570474	","3205104353226	",1.000000,100,100.000000,4112.340000,4253.720000,141.38,141.38,0.7196,141.38,-,-,-,-,-,-,-,-,-,-,-,-,-,-,-,-,-,-,-,-,-,-,90.032786,11.704262,-,-
鑫龙家园莲花六号小区位置点,"ZDBZD-JS-2025-002255	","JFZDPT-JS-20250603-04466	",2025-03-01,2025-03-31,"1547726877	","3205104472953	",1.000000,100,100.000000,4387.900000,4460.500000,72.6,72.6,0.7255,72.6,-,-,-,-,-,-,-,-,-,-,-,-,-,-,-,-,-,-,-,-,-,-,46.61177,6.05953,-,-
鑫龙家园莲花六号小区位置点,"ZDBZD-JS-2025-002255	","JFZDPT-JS-20250603-04466	",2025-03-01,2025-03-31,"1547633945	","3205104472957	",1.000000,100,100.000000,5461.570000,5560.480000,98.91,98.91,0.7222,98.91,-,-,-,-,-,-,-,-,-,-,-,-,-,-,-,-,-,-,-,-,-,-,63.214869,8.217933,-,-
鑫龙家园莲花六号小区位置点,"ZDBZD-JS-2025-002255	","JFZDPT-JS-20250603-04466	",2025-03-01,2025-03-31,"1547633944	","3205104472959	",1.000000,100,100.000000,4294.860000,4365.370000,70.51,70.51,0.7266,70.51,-,-,-,-,-,-,-,-,-,-,-,-,-,-,-,-,-,-,-,-,-,-,45.338554,5.894012,-,-
鑫龙家园莲花六号小区位置点,"ZDBZD-JS-2025-002255	","JFZDPT-JS-20250603-04466	",2025-03-01,2025-03-31,"1547633946	","3205104472963	",1.000000,100,100.000000,4181.100000,4253.540000,72.44,72.44,0.7171,72.44,-,-,-,-,-,-,-,-,-,-,-,-,-,-,-,-,-,-,-,-,-,-,45.970552,5.976172,-,-
鑫龙家园莲花六号小区位置点,"ZDBZD-JS-2025-002255	","JFZDPT-JS-20250603-04466	",2025-03-01,2025-03-31,"1547634578	","3205104472970	",1.000000,100,100.000000,3355.360000,3400.040000,44.68,44.68,0.7267,44.68,-,-,-,-,-,-,-,-,-,-,-,-,-,-,-,-,-,-,-,-,-,-,28.733589,3.735367,-,-
鑫龙家园莲花六号小区位置点,"ZDBZD-JS-2025-002255	","JFZDPT-JS-20250603-04466	",2025-03-01,2025-03-31,"1547728488	","3205104474427	",1.000000,100,100.000000,4341.170000,4412.870000,71.7,71.7,0.7245,71.7,-,-,-,-,-,-,-,-,-,-,-,-,-,-,-,-,-,-,-,-,-,-,45.970487,5.976163,-,-
鑫龙家园莲花六号小区位置点,"ZDBZD-JS-2025-002255	","JFZDPT-JS-20250603-04466	",2025-03-01,2025-03-31,"1547719754	","3205104474457	",1.000000,100,100.000000,10557.570000,10719.380000,161.81,161.81,0.7224,161.81,-,-,-,-,-,-,-,-,-,-,-,-,-,-,-,-,-,-,-,-,-,-,103.443844,13.4477,-,-
鑫龙家园莲花六号小区位置点,"ZDBZD-JS-2025-002255	","JFZDPT-JS-20250603-04466	",2025-03-01,2025-03-31,"1547728484	","3205104474463	",1.000000,100,100.000000,3662.070000,3731.790000,69.72,69.72,0.7245,69.72,-,-,-,-,-,-,-,-,-,-,-,-,-,-,-,-,-,-,-,-,-,-,44.701009,5.811131,-,-
鑫龙家园莲花六号小区位置点,"ZDBZD-JS-2025-002255	","JFZDPT-JS-20250603-04466	",2025-03-01,2025-03-31,"1547719759	","3205104474467	",1.000000,100,100.000000,4229.630000,4302.810000,73.18,73.18,0.7197,73.18,-,-,-,-,-,-,-,-,-,-,-,-,-,-,-,-,-,-,-,-,-,-,46.608536,6.05911,-,-
鑫龙家园莲花六号小区位置点,"ZDBZD-JS-2025-002255	","JFZDPT-JS-20250603-04466	",2025-03-01,2025-03-31,"1534271368	","3205104476753	",1.000000,100,100.000000,2890.970000,2890.970000,0,0,0.72,0,-,-,-,-,-,-,-,-,-,-,-,-,-,-,-,-,-,-,-,-,-,-,0,0,-,-
鑫龙家园莲花六号小区位置点,"ZDBZD-JS-2025-002255	","JFZDPT-JS-20250603-04466	",2025-03-01,2025-03-31,"1542462053	","3205104476756	",1.000000,100,100.000000,3615.860000,3671.560000,55.7,55.7,0.7255,55.7,-,-,-,-,-,-,-,-,-,-,-,-,-,-,-,-,-,-,-,-,-,-,35.761372,4.648978,-,-
鑫龙家园莲花六号小区位置点,"ZDBZD-JS-2025-002255	","JFZDPT-JS-20250603-04466	",2025-03-01,2025-03-31,"1534365028	","3205104476757	",1.000000,100,100.000000,4134.050000,4195.910000,61.86,61.86,0.7231,61.86,-,-,-,-,-,-,-,-,-,-,-,-,-,-,-,-,-,-,-,-,-,-,39.584926,5.14604,-,-
鑫龙家园莲花六号小区位置点,"ZDBZD-JS-2025-002255	","JFZDPT-JS-20250603-04466	",2025-03-01,2025-03-31,"1535669055	","3205104476759	",1.000000,100,100.000000,4857.130000,4859.950000,2.82,2.82,0.766,2.82,-,-,-,-,-,-,-,-,-,-,-,-,-,-,-,-,-,-,-,-,-,-,1.911611,0.248509,-,-
鑫龙家园莲花六号小区位置点,"ZDBZD-JS-2025-002255	","JFZDPT-JS-20250603-04466	",2025-03-01,2025-03-31,"1535960714	","3205104476763	",1.000000,100,100.000000,9045.890000,9179.840000,133.95,133.95,0.7218,133.95,-,-,-,-,-,-,-,-,-,-,-,-,-,-,-,-,-,-,-,-,-,-,85.562044,11.123066,-,-
鑫龙家园莲花六号小区位置点,"ZDBZD-JS-2025-002255	","JFZDPT-JS-20250603-04466	",2025-03-01,2025-03-31,"1543218796	","3205104476766	",1.000000,100,100.000000,4507.120000,4579.190000,72.07,72.07,0.7208,72.07,-,-,-,-,-,-,-,-,-,-,-,-,-,-,-,-,-,-,-,-,-,-,45.971731,5.976325,-,-
鑫龙家园莲花六号小区位置点,"ZDBZD-JS-2025-002255	","JFZDPT-JS-20250603-04466	",2025-03-01,2025-03-31,"1539721710	","3205104476768	",1.000000,100,100.000000,4359.890000,4429.350000,69.46,69.46,0.7168,69.46,-,-,-,-,-,-,-,-,-,-,-,-,-,-,-,-,-,-,-,-,-,-,44.060998,5.72793,-,-
鑫龙家园莲花六号小区位置点,"ZDBZD-JS-2025-002255	","JFZDPT-JS-20250603-04466	",2025-03-01,2025-03-31,"1534340339	","3205104476772	",1.000000,100,100.000000,3546.600000,3617.920000,71.32,71.32,0.7183,71.32,-,-,-,-,-,-,-,-,-,-,-,-,-,-,-,-,-,-,-,-,-,-,45.335536,5.89362,-,-
鑫龙家园莲花六号小区位置点,"ZDBZD-JS-2025-002255	","JFZDPT-JS-20250603-04466	",2025-03-01,2025-03-31,"1542222948	","3205104476774	",1.000000,100,100.000000,4005.470000,4060.220000,54.75,54.75,0.7247,54.75,-,-,-,-,-,-,-,-,-,-,-,-,-,-,-,-,-,-,-,-,-,-,35.112677,4.564648,-,-
鑫龙家园莲花六号小区位置点,"ZDBZD-JS-2025-002255	","JFZDPT-JS-20250603-04466	",2025-03-01,2025-03-31,"1536674431	","3205104477226	",1.000000,100,100.000000,5197.370000,5249.470000,52.1,52.1,0.7202,52.1,-,-,-,-,-,-,-,-,-,-,-,-,-,-,-,-,-,-,-,-,-,-,33.205681,4.316739,-,-
鑫龙家园莲花六号小区位置点,"ZDBZD-JS-2025-002255	","JFZDPT-JS-20250603-04466	",2025-03-01,2025-03-31,"1536129515	","3205104477228	",1.000000,100,100.000000,4413.830000,4484.520000,70.69,70.69,0.7247,70.69,-,-,-,-,-,-,-,-,-,-,-,-,-,-,-,-,-,-,-,-,-,-,45.335436,5.893607,-,-
鑫龙家园莲花六号小区位置点,"ZDBZD-JS-2025-002255	","JFZDPT-JS-20250603-04466	",2025-03-01,2025-03-31,"1539373623	","3205104477230	",1.000000,100,100.000000,4138.030000,4198.060000,60.03,60.03,0.7211,60.03,-,-,-,-,-,-,-,-,-,-,-,-,-,-,-,-,-,-,-,-,-,-,38.30764,4.979993,-,-
鑫龙家园莲花六号小区位置点,"ZDBZD-JS-2025-002255	","JFZDPT-JS-20250603-04466	",2025-03-01,2025-03-31,"1543105444	","3205104477232	",1.000000,100,100.000000,3361.810000,3406.530000,44.72,44.72,0.7261,44.72,-,-,-,-,-,-,-,-,-,-,-,-,-,-,-,-,-,-,-,-,-,-,28.735568,3.735624,-,-
鑫龙家园莲花六号小区位置点,"ZDBZD-JS-2025-002255	","JFZDPT-JS-20250603-04466	",2025-03-01,2025-03-31,"1544951755	","3205104477235	",1.000000,100,100.000000,4436.400000,4507.620000,71.22,71.22,0.7193,71.22,-,-,-,-,-,-,-,-,-,-,-,-,-,-,-,-,-,-,-,-,-,-,45.334996,5.89355,-,-
鑫龙家园莲花六号小区位置点,"ZDBZD-JS-2025-002255	","JFZDPT-JS-20250603-04466	",2025-03-01,2025-03-31,"1544684094	","3205104477238	",1.000000,100,100.000000,3093.340000,3093.340000,0,0,0.72,0,-,-,-,-,-,-,-,-,-,-,-,-,-,-,-,-,-,-,-,-,-,-,0,0,-,-
鑫龙家园莲花六号小区位置点,"ZDBZD-JS-2025-002255	","JFZDPT-JS-20250603-04466	",2025-03-01,2025-03-31,"1539602549	","3205104477339	",1.000000,100,100.000000,3678.670000,3749.190000,70.52,70.52,0.7265,70.52,-,-,-,-,-,-,-,-,-,-,-,-,-,-,-,-,-,-,-,-,-,-,45.338743,5.894037,-,-
鑫龙家园莲花六号小区位置点,"ZDBZD-JS-2025-002255	","JFZDPT-JS-20250603-04466	",2025-03-01,2025-03-31,"1546160843	","3205104477340	",1.000000,100,100.000000,4451.260000,4522.940000,71.68,71.68,0.7247,71.68,-,-,-,-,-,-,-,-,-,-,-,-,-,-,-,-,-,-,-,-,-,-,45.97035,5.976146,-,-
鑫龙家园莲花六号小区位置点,"ZDBZD-JS-2025-002255	","JFZDPT-JS-20250603-04466	",2025-03-01,2025-03-31,"1546168926	","3205104477341	",1.000000,100,100.000000,5015.110000,5087.670000,72.56,72.56,0.7259,72.56,-,-,-,-,-,-,-,-,-,-,-,-,-,-,-,-,-,-,-,-,-,-,46.611773,6.059531,-,-
鑫龙家园莲花六号小区位置点,"ZDBZD-JS-2025-002255	","JFZDPT-JS-20250603-04466	",2025-03-01,2025-03-31,"1542466276	","3205104477344	",1.000000,100,100.000000,3963.870000,4032.260000,68.39,68.39,0.7174,68.39,-,-,-,-,-,-,-,-,-,-,-,-,-,-,-,-,-,-,-,-,-,-,43.418572,5.644414,-,-
鑫龙家园莲花六号小区位置点,"ZDBZD-JS-2025-002255	","JFZDPT-JS-20250603-04466	",2025-03-01,2025-03-31,"1536129516	","3205104477350	",1.000000,100,100.000000,5551.750000,5653.280000,101.53,101.53,0.7249,101.53,-,-,-,-,-,-,-,-,-,-,-,-,-,-,-,-,-,-,-,-,-,-,65.131944,8.467153,-,-
鑫龙家园莲花六号小区位置点,"ZDBZD-JS-2025-002255	","JFZDPT-JS-20250213-14488	",2024-07-01,2024-07-31,"1534337708	","3205104313087	",1.000000,100,100.000000,3322.130000,3367.960000,45.83,45.83,0.7456,45.83,-,-,-,-,-,-,-,-,-,-,-,-,-,-,-,-,-,-,-,-,-,-,30.24,3.93,-,-
鑫龙家园莲花六号小区位置点,"ZDBZD-JS-2025-002255	","JFZDPT-JS-20250213-14488	",2024-07-01,2024-07-31,"1534339435	","3205104313426	",1.000000,100,100.000000,2435.000000,2467.840000,32.84,32.84,0.7463,32.84,-,-,-,-,-,-,-,-,-,-,-,-,-,-,-,-,-,-,-,-,-,-,21.69,2.82,-,-
鑫龙家园莲花六号小区位置点,"ZDBZD-JS-2025-002255	","JFZDPT-JS-20250213-14488	",2024-07-01,2024-07-31,"1534349171	","3205104313433	",1.000000,100,100.000000,2300.170000,2332.810000,32.64,32.64,0.7509,32.64,-,-,-,-,-,-,-,-,-,-,-,-,-,-,-,-,-,-,-,-,-,-,21.69,2.82,-,-
鑫龙家园莲花六号小区位置点,"ZDBZD-JS-2025-002255	","JFZDPT-JS-20250213-14488	",2024-07-01,2024-07-31,"1554157659	","3205104313437	",1.000000,100,100.000000,2312.160000,2344.830000,32.67,32.67,0.7502,32.67,-,-,-,-,-,-,-,-,-,-,-,-,-,-,-,-,-,-,-,-,-,-,21.69,2.82,-,-
鑫龙家园莲花六号小区位置点,"ZDBZD-JS-2025-002255	","JFZDPT-JS-20250213-14488	",2024-07-01,2024-07-31,"1534339430	","3205104313446	",1.000000,100,100.000000,2236.940000,2269.720000,32.78,32.78,0.7477,32.78,-,-,-,-,-,-,-,-,-,-,-,-,-,-,-,-,-,-,-,-,-,-,21.69,2.82,-,-
鑫龙家园莲花六号小区位置点,"ZDBZD-JS-2025-002255	","JFZDPT-JS-20250213-14488	",2024-07-01,2024-07-31,"1534337522	","3205104313451	",1.000000,100,100.000000,2439.800000,2473.540000,33.74,33.74,0.7487,33.74,-,-,-,-,-,-,-,-,-,-,-,-,-,-,-,-,-,-,-,-,-,-,22.35,2.91,-,-
鑫龙家园莲花六号小区位置点,"ZDBZD-JS-2025-002255	","JFZDPT-JS-20250213-14488	",2024-07-01,2024-07-31,"1528107567	","3205104315707	",1.000000,100,100.000000,3238.400000,3284.550000,46.15,46.15,0.7404,46.15,-,-,-,-,-,-,-,-,-,-,-,-,-,-,-,-,-,-,-,-,-,-,30.24,3.93,-,-
鑫龙家园莲花六号小区位置点,"ZDBZD-JS-2025-002255	","JFZDPT-JS-20250213-14488	",2024-07-01,2024-07-31,"1556867474	","3205104315719	",1.000000,100,100.000000,756.820000,790.340000,33.52,33.52,0.7536,33.52,-,-,-,-,-,-,-,-,-,-,-,-,-,-,-,-,-,-,-,-,-,-,22.35,2.91,-,-
鑫龙家园莲花六号小区位置点,"ZDBZD-JS-2025-002255	","JFZDPT-JS-20250213-14488	",2024-07-01,2024-07-31,"1528102930	","3205104315726	",1.000000,100,100.000000,2344.530000,2376.980000,32.45,32.45,0.7325,32.45,-,-,-,-,-,-,-,-,-,-,-,-,-,-,-,-,-,-,-,-,-,-,21.04,2.73,-,-
鑫龙家园莲花六号小区位置点,"ZDBZD-JS-2025-002255	","JFZDPT-JS-20250213-14488	",2024-07-01,2024-07-31,"1559570474	","3205104353226	",1.000000,100,100.000000,3007.750000,3148.830000,141.08,141.08,0.7423,141.08,-,-,-,-,-,-,-,-,-,-,-,-,-,-,-,-,-,-,-,-,-,-,92.67,12.05,-,-
鑫龙家园莲花六号小区位置点,"ZDBZD-JS-2025-002255	","JFZDPT-JS-20250213-14488	",2024-07-01,2024-07-31,"1547726877	","3205104472953	",1.000000,100,100.000000,3816.780000,3890.080000,73.3,73.3,0.7397,73.3,-,-,-,-,-,-,-,-,-,-,-,-,-,-,-,-,-,-,-,-,-,-,47.98,6.24,-,-
鑫龙家园莲花六号小区位置点,"ZDBZD-JS-2025-002255	","JFZDPT-JS-20250213-14488	",2024-07-01,2024-07-31,"1547633945	","3205104472957	",1.000000,100,100.000000,4683.640000,4783.670000,100.03,100.03,0.7426,100.03,-,-,-,-,-,-,-,-,-,-,-,-,-,-,-,-,-,-,-,-,-,-,65.73,8.55,-,-
鑫龙家园莲花六号小区位置点,"ZDBZD-JS-2025-002255	","JFZDPT-JS-20250213-14488	",2024-07-01,2024-07-31,"1547633944	","3205104472959	",1.000000,100,100.000000,3739.400000,3810.810000,71.41,71.41,0.7386,71.41,-,-,-,-,-,-,-,-,-,-,-,-,-,-,-,-,-,-,-,-,-,-,46.67,6.07,-,-
鑫龙家园莲花六号小区位置点,"ZDBZD-JS-2025-002255	","JFZDPT-JS-20250213-14488	",2024-07-01,2024-07-31,"1547633946	","3205104472963	",1.000000,100,100.000000,3626.570000,3693.380000,66.81,66.81,0.7449,66.81,-,-,-,-,-,-,-,-,-,-,-,-,-,-,-,-,-,-,-,-,-,-,44.04,5.73,-,-
鑫龙家园莲花六号小区位置点,"ZDBZD-JS-2025-002255	","JFZDPT-JS-20250213-14488	",2024-07-01,2024-07-31,"1547634578	","3205104472970	",1.000000,100,100.000000,3004.000000,3048.810000,44.81,44.81,0.746,44.81,-,-,-,-,-,-,-,-,-,-,-,-,-,-,-,-,-,-,-,-,-,-,29.58,3.85,-,-
鑫龙家园莲花六号小区位置点,"ZDBZD-JS-2025-002255	","JFZDPT-JS-20250213-14488	",2024-07-01,2024-07-31,"1547728488	","3205104474427	",1.000000,100,100.000000,3778.140000,3850.130000,71.99,71.99,0.7429,71.99,-,-,-,-,-,-,-,-,-,-,-,-,-,-,-,-,-,-,-,-,-,-,47.33,6.15,-,-
鑫龙家园莲花六号小区位置点,"ZDBZD-JS-2025-002255	","JFZDPT-JS-20250213-14488	",2024-07-01,2024-07-31,"1547719754	","3205104474457	",1.000000,100,100.000000,9255.450000,9413.770000,158.32,158.32,0.7413,158.32,-,-,-,-,-,-,-,-,-,-,-,-,-,-,-,-,-,-,-,-,-,-,103.86,13.5,-,-
鑫龙家园莲花六号小区位置点,"ZDBZD-JS-2025-002255	","JFZDPT-JS-20250213-14488	",2024-07-01,2024-07-31,"1547728484	","3205104474463	",1.000000,100,100.000000,3128.590000,3192.850000,64.26,64.26,0.7398,64.26,-,-,-,-,-,-,-,-,-,-,-,-,-,-,-,-,-,-,-,-,-,-,42.07,5.47,-,-
鑫龙家园莲花六号小区位置点,"ZDBZD-JS-2025-002255	","JFZDPT-JS-20250213-14488	",2024-07-01,2024-07-31,"1547719759	","3205104474467	",1.000000,100,100.000000,3669.960000,3737.260000,67.3,67.3,0.7395,67.3,-,-,-,-,-,-,-,-,-,-,-,-,-,-,-,-,-,-,-,-,-,-,44.04,5.73,-,-
鑫龙家园莲花六号小区位置点,"ZDBZD-JS-2025-002255	","JFZDPT-JS-20250213-14488	",2024-07-01,2024-07-31,"1534271368	","3205104476753	",1.000000,100,100.000000,2890.970000,2890.970000,0,0,0.7961,0,-,-,-,-,-,-,-,-,-,-,-,-,-,-,-,-,-,-,-,-,-,-,0,0,-,-
鑫龙家园莲花六号小区位置点,"ZDBZD-JS-2025-002255	","JFZDPT-JS-20250213-14488	",2024-07-01,2024-07-31,"1542462053	","3205104476756	",1.000000,100,100.000000,3179.600000,3235.220000,55.62,55.62,0.7479,55.62,-,-,-,-,-,-,-,-,-,-,-,-,-,-,-,-,-,-,-,-,-,-,36.81,4.79,-,-
鑫龙家园莲花六号小区位置点,"ZDBZD-JS-2025-002255	","JFZDPT-JS-20250213-14488	",2024-07-01,2024-07-31,"1534365028	","3205104476757	",1.000000,100,100.000000,3639.070000,3699.000000,59.93,59.93,0.7437,59.93,-,-,-,-,-,-,-,-,-,-,-,-,-,-,-,-,-,-,-,-,-,-,39.44,5.13,-,-
鑫龙家园莲花六号小区位置点,"ZDBZD-JS-2025-002255	","JFZDPT-JS-20250213-14488	",2024-07-01,2024-07-31,"1535669055	","3205104476759	",1.000000,100,100.000000,4834.800000,4837.650000,2.85,2.85,0.7825,2.85,-,-,-,-,-,-,-,-,-,-,-,-,-,-,-,-,-,-,-,-,-,-,1.97,0.26,-,-
鑫龙家园莲花六号小区位置点,"ZDBZD-JS-2025-002255	","JFZDPT-JS-20250213-14488	",2024-07-01,2024-07-31,"1535960714	","3205104476763	",1.000000,100,100.000000,7992.300000,8127.420000,135.12,135.12,0.7422,135.12,-,-,-,-,-,-,-,-,-,-,-,-,-,-,-,-,-,-,-,-,-,-,88.75,11.54,-,-
鑫龙家园莲花六号小区位置点,"ZDBZD-JS-2025-002255	","JFZDPT-JS-20250213-14488	",2024-07-01,2024-07-31,"1543218796	","3205104476766	",1.000000,100,100.000000,3940.470000,4013.060000,72.59,72.59,0.7469,72.59,-,-,-,-,-,-,-,-,-,-,-,-,-,-,-,-,-,-,-,-,-,-,47.98,6.24,-,-
鑫龙家园莲花六号小区位置点,"ZDBZD-JS-2025-002255	","JFZDPT-JS-20250213-14488	",2024-07-01,2024-07-31,"1539721710	","3205104476768	",1.000000,100,100.000000,3812.950000,3883.310000,70.36,70.36,0.7391,70.36,-,-,-,-,-,-,-,-,-,-,-,-,-,-,-,-,-,-,-,-,-,-,46.02,5.98,-,-
鑫龙家园莲花六号小区位置点,"ZDBZD-JS-2025-002255	","JFZDPT-JS-20250213-14488	",2024-07-01,2024-07-31,"1534340339	","3205104476772	",1.000000,100,100.000000,2985.350000,3057.420000,72.07,72.07,0.7421,72.07,-,-,-,-,-,-,-,-,-,-,-,-,-,-,-,-,-,-,-,-,-,-,47.33,6.15,-,-
鑫龙家园莲花六号小区位置点,"ZDBZD-JS-2025-002255	","JFZDPT-JS-20250213-14488	",2024-07-01,2024-07-31,"1542222948	","3205104476774	",1.000000,100,100.000000,3550.870000,3609.620000,58.75,58.75,0.746,58.75,-,-,-,-,-,-,-,-,-,-,-,-,-,-,-,-,-,-,-,-,-,-,38.79,5.04,-,-
鑫龙家园莲花六号小区位置点,"ZDBZD-JS-2025-002255	","JFZDPT-JS-20250213-14488	",2024-07-01,2024-07-31,"1536674431	","3205104477226	",1.000000,100,100.000000,4445.610000,4548.480000,102.87,102.87,0.7438,102.87,-,-,-,-,-,-,-,-,-,-,-,-,-,-,-,-,-,-,-,-,-,-,67.71,8.8,-,-
鑫龙家园莲花六号小区位置点,"ZDBZD-JS-2025-002255	","JFZDPT-JS-20250213-14488	",2024-07-01,2024-07-31,"1536129515	","3205104477228	",1.000000,100,100.000000,3873.560000,3938.580000,65.02,65.02,0.7425,65.02,-,-,-,-,-,-,-,-,-,-,-,-,-,-,-,-,-,-,-,-,-,-,42.73,5.55,-,-
鑫龙家园莲花六号小区位置点,"ZDBZD-JS-2025-002255	","JFZDPT-JS-20250213-14488	",2024-07-01,2024-07-31,"1539373623	","3205104477230	",1.000000,100,100.000000,3623.600000,3682.670000,59.07,59.07,0.742,59.07,-,-,-,-,-,-,-,-,-,-,-,-,-,-,-,-,-,-,-,-,-,-,38.79,5.04,-,-
鑫龙家园莲花六号小区位置点,"ZDBZD-JS-2025-002255	","JFZDPT-JS-20250213-14488	",2024-07-01,2024-07-31,"1543105444	","3205104477232	",1.000000,100,100.000000,3018.590000,3060.260000,41.67,41.67,0.7487,41.67,-,-,-,-,-,-,-,-,-,-,-,-,-,-,-,-,-,-,-,-,-,-,27.61,3.59,-,-
鑫龙家园莲花六号小区位置点,"ZDBZD-JS-2025-002255	","JFZDPT-JS-20250213-14488	",2024-07-01,2024-07-31,"1544951755	","3205104477235	",1.000000,100,100.000000,3892.520000,3957.590000,65.07,65.07,0.742,65.07,-,-,-,-,-,-,-,-,-,-,-,-,-,-,-,-,-,-,-,-,-,-,42.73,5.55,-,-
鑫龙家园莲花六号小区位置点,"ZDBZD-JS-2025-002255	","JFZDPT-JS-20250213-14488	",2024-07-01,2024-07-31,"1544684094	","3205104477238	",1.000000,100,100.000000,3093.340000,3093.340000,0,0,0.7961,0,-,-,-,-,-,-,-,-,-,-,-,-,-,-,-,-,-,-,-,-,-,-,0,0,-,-
鑫龙家园莲花六号小区位置点,"ZDBZD-JS-2025-002255	","JFZDPT-JS-20250213-14488	",2024-07-01,2024-07-31,"1539602549	","3205104477339	",1.000000,100,100.000000,3158.040000,3194.890000,36.85,36.85,0.7457,36.85,-,-,-,-,-,-,-,-,-,-,-,-,-,-,-,-,-,-,-,-,-,-,24.32,3.16,-,-
鑫龙家园莲花六号小区位置点,"ZDBZD-JS-2025-002255	","JFZDPT-JS-20250213-14488	",2024-07-01,2024-07-31,"1546160843	","3205104477340	",1.000000,100,100.000000,3887.530000,3959.880000,72.35,72.35,0.7392,72.35,-,-,-,-,-,-,-,-,-,-,-,-,-,-,-,-,-,-,-,-,-,-,47.33,6.15,-,-
鑫龙家园莲花六号小区位置点,"ZDBZD-JS-2025-002255	","JFZDPT-JS-20250213-14488	",2024-07-01,2024-07-31,"1546168926	","3205104477341	",1.000000,100,100.000000,4443.900000,4518.470000,74.57,74.57,0.7471,74.57,-,-,-,-,-,-,-,-,-,-,-,-,-,-,-,-,-,-,-,-,-,-,49.3,6.41,-,-
鑫龙家园莲花六号小区位置点,"ZDBZD-JS-2025-002255	","JFZDPT-JS-20250213-14488	",2024-07-01,2024-07-31,"1542466276	","3205104477344	",1.000000,100,100.000000,3426.300000,3495.270000,68.97,68.97,0.7431,68.97,-,-,-,-,-,-,-,-,-,-,-,-,-,-,-,-,-,-,-,-,-,-,45.35,5.9,-,-
鑫龙家园莲花六号小区位置点,"ZDBZD-JS-2025-002255	","JFZDPT-JS-20250213-14488	",2024-07-01,2024-07-31,"1536129516	","3205104477350	",1.000000,100,100.000000,4716.220000,4823.560000,107.34,107.34,0.7405,107.34,-,-,-,-,-,-,-,-,-,-,-,-,-,-,-,-,-,-,-,-,-,-,70.35,9.14,-,-
鑫龙家园莲花六号小区位置点,"ZDBZD-JS-2025-002255	","JFZDPT-JS-20250210-05932	",2021-01-01,2021-01-31,"1534337708	","3205104313087	",1.000000,100,100.000000,1371.360000,1419.370000,48.01,48.01,0.6336,48.01,-,-,-,-,-,-,-,-,-,-,-,-,-,-,-,-,-,-,-,-,-,-,26.92,3.5,-,-
鑫龙家园莲花六号小区位置点,"ZDBZD-JS-2025-002255	","JFZDPT-JS-20250210-05932	",2021-01-01,2021-01-31,"1534339435	","3205104313426	",1.000000,100,100.000000,948.600000,981.900000,33.3,33.3,0.6279,33.3,-,-,-,-,-,-,-,-,-,-,-,-,-,-,-,-,-,-,-,-,-,-,18.5,2.41,-,-
鑫龙家园莲花六号小区位置点,"ZDBZD-JS-2025-002255	","JFZDPT-JS-20250210-05932	",2021-01-01,2021-01-31,"1534349171	","3205104313433	",1.000000,100,100.000000,942.650000,975.100000,32.45,32.45,0.6247,32.45,-,-,-,-,-,-,-,-,-,-,-,-,-,-,-,-,-,-,-,-,-,-,17.94,2.33,-,-
鑫龙家园莲花六号小区位置点,"ZDBZD-JS-2025-002255	","JFZDPT-JS-20250210-05932	",2021-01-01,2021-01-31,"1554157659	","3205104313437	",1.000000,100,100.000000,953.610000,986.670000,33.06,33.06,0.6325,33.06,-,-,-,-,-,-,-,-,-,-,-,-,-,-,-,-,-,-,-,-,-,-,18.5,2.41,-,-
鑫龙家园莲花六号小区位置点,"ZDBZD-JS-2025-002255	","JFZDPT-JS-20250210-05932	",2021-01-01,2021-01-31,"1534339430	","3205104313446	",1.000000,100,100.000000,867.370000,900.330000,32.96,32.96,0.6344,32.96,-,-,-,-,-,-,-,-,-,-,-,-,-,-,-,-,-,-,-,-,-,-,18.5,2.41,-,-
鑫龙家园莲花六号小区位置点,"ZDBZD-JS-2025-002255	","JFZDPT-JS-20250210-05932	",2021-01-01,2021-01-31,"1534337522	","3205104313451	",1.000000,100,100.000000,1018.330000,1052.130000,33.8,33.8,0.6376,33.8,-,-,-,-,-,-,-,-,-,-,-,-,-,-,-,-,-,-,-,-,-,-,19.07,2.48,-,-
鑫龙家园莲花六号小区位置点,"ZDBZD-JS-2025-002255	","JFZDPT-JS-20250210-05932	",2021-01-01,2021-01-31,"1528107567	","3205104315707	",1.000000,100,100.000000,1351.400000,1398.450000,47.05,47.05,0.6329,47.05,-,-,-,-,-,-,-,-,-,-,-,-,-,-,-,-,-,-,-,-,-,-,26.35,3.43,-,-
鑫龙家园莲花六号小区位置点,"ZDBZD-JS-2025-002255	","JFZDPT-JS-20250210-05932	",2021-01-01,2021-01-31,"1556867474	","3205104315719	",1.000000,100,100.000000,1005.540000,1038.410000,32.87,32.87,0.6361,32.87,-,-,-,-,-,-,-,-,-,-,-,-,-,-,-,-,-,-,-,-,-,-,18.5,2.41,-,-
鑫龙家园莲花六号小区位置点,"ZDBZD-JS-2025-002255	","JFZDPT-JS-20250210-05932	",2021-01-01,2021-01-31,"1528102930	","3205104315726	",1.000000,100,100.000000,965.520000,999.860000,34.34,34.34,0.6275,34.34,-,-,-,-,-,-,-,-,-,-,-,-,-,-,-,-,-,-,-,-,-,-,19.07,2.48,-,-
鑫龙家园莲花六号小区位置点,"ZDBZD-JS-2025-002255	","JFZDPT-JS-20250210-05932	",2021-01-01,2021-01-31,"1559570474	","3205104353226	",1.000000,100,100.000000,2894.560000,3064.230000,169.67,169.67,0.6349,169.67,-,-,-,-,-,-,-,-,-,-,-,-,-,-,-,-,-,-,-,-,-,-,95.33,12.39,-,-
鑫龙家园莲花六号小区位置点,"ZDBZD-JS-2025-002255	","JFZDPT-JS-20250210-05932	",2021-01-01,2021-01-31,"1547726877	","3205104472953	",1.000000,100,100.000000,889.820000,947.800000,57.98,57.98,0.6338,57.98,-,-,-,-,-,-,-,-,-,-,-,-,-,-,-,-,-,-,-,-,-,-,32.52,4.23,-,-
鑫龙家园莲花六号小区位置点,"ZDBZD-JS-2025-002255	","JFZDPT-JS-20250210-05932	",2021-01-01,2021-01-31,"1547633945	","3205104472957	",1.000000,100,100.000000,1230.500000,1308.100000,77.6,77.6,0.637,77.6,-,-,-,-,-,-,-,-,-,-,-,-,-,-,-,-,-,-,-,-,-,-,43.74,5.69,-,-
鑫龙家园莲花六号小区位置点,"ZDBZD-JS-2025-002255	","JFZDPT-JS-20250210-05932	",2021-01-01,2021-01-31,"1547633944	","3205104472959	",1.000000,100,100.000000,883.290000,940.460000,57.17,57.17,0.6316,57.17,-,-,-,-,-,-,-,-,-,-,-,-,-,-,-,-,-,-,-,-,-,-,31.96,4.15,-,-
鑫龙家园莲花六号小区位置点,"ZDBZD-JS-2025-002255	","JFZDPT-JS-20250210-05932	",2021-01-01,2021-01-31,"1547633946	","3205104472963	",1.000000,100,100.000000,754.890000,809.470000,54.58,54.58,0.6385,54.58,-,-,-,-,-,-,-,-,-,-,-,-,-,-,-,-,-,-,-,-,-,-,30.84,4.01,-,-
鑫龙家园莲花六号小区位置点,"ZDBZD-JS-2025-002255	","JFZDPT-JS-20250210-05932	",2021-01-01,2021-01-31,"1547634578	","3205104472970	",1.000000,100,100.000000,813.460000,866.160000,52.7,52.7,0.6374,52.7,-,-,-,-,-,-,-,-,-,-,-,-,-,-,-,-,-,-,-,-,-,-,29.73,3.86,-,-
鑫龙家园莲花六号小区位置点,"ZDBZD-JS-2025-002255	","JFZDPT-JS-20250210-05932	",2021-01-01,2021-01-31,"1547728488	","3205104474427	",1.000000,100,100.000000,882.230000,940.210000,57.98,57.98,0.6338,57.98,-,-,-,-,-,-,-,-,-,-,-,-,-,-,-,-,-,-,-,-,-,-,32.52,4.23,-,-
鑫龙家园莲花六号小区位置点,"ZDBZD-JS-2025-002255	","JFZDPT-JS-20250210-05932	",2021-01-01,2021-01-31,"1547719754	","3205104474457	",1.000000,100,100.000000,2307.360000,2466.890000,159.53,159.53,0.6355,159.53,-,-,-,-,-,-,-,-,-,-,-,-,-,-,-,-,-,-,-,-,-,-,89.72,11.66,-,-
鑫龙家园莲花六号小区位置点,"ZDBZD-JS-2025-002255	","JFZDPT-JS-20250210-05932	",2021-01-01,2021-01-31,"1547728484	","3205104474463	",1.000000,100,100.000000,891.410000,949.140000,57.73,57.73,0.6366,57.73,-,-,-,-,-,-,-,-,-,-,-,-,-,-,-,-,-,-,-,-,-,-,32.52,4.23,-,-
鑫龙家园莲花六号小区位置点,"ZDBZD-JS-2025-002255	","JFZDPT-JS-20250210-05932	",2021-01-01,2021-01-31,"1547719759	","3205104474467	",1.000000,100,100.000000,938.380000,1008.710000,70.33,70.33,0.6307,70.33,-,-,-,-,-,-,-,-,-,-,-,-,-,-,-,-,-,-,-,-,-,-,39.26,5.1,-,-
鑫龙家园莲花六号小区位置点,"ZDBZD-JS-2025-002255	","JFZDPT-JS-20250210-05932	",2021-01-01,2021-01-31,"1534271368	","3205104476753	",1.000000,100,100.000000,844.760000,901.000000,56.24,56.24,0.631,56.24,-,-,-,-,-,-,-,-,-,-,-,-,-,-,-,-,-,-,-,-,-,-,31.41,4.08,-,-
鑫龙家园莲花六号小区位置点,"ZDBZD-JS-2025-002255	","JFZDPT-JS-20250210-05932	",2021-01-01,2021-01-31,"1542462053	","3205104476756	",1.000000,100,100.000000,881.960000,938.220000,56.26,56.26,0.6308,56.26,-,-,-,-,-,-,-,-,-,-,-,-,-,-,-,-,-,-,-,-,-,-,31.41,4.08,-,-
鑫龙家园莲花六号小区位置点,"ZDBZD-JS-2025-002255	","JFZDPT-JS-20250210-05932	",2021-01-01,2021-01-31,"1534365028	","3205104476757	",1.000000,100,100.000000,852.280000,912.480000,60.2,60.2,0.6316,60.2,-,-,-,-,-,-,-,-,-,-,-,-,-,-,-,-,-,-,-,-,-,-,33.65,4.37,-,-
鑫龙家园莲花六号小区位置点,"ZDBZD-JS-2025-002255	","JFZDPT-JS-20250210-05932	",2021-01-01,2021-01-31,"1535669055	","3205104476759	",1.000000,100,100.000000,1259.280000,1338.900000,79.62,79.62,0.6366,79.62,-,-,-,-,-,-,-,-,-,-,-,-,-,-,-,-,-,-,-,-,-,-,44.86,5.83,-,-
鑫龙家园莲花六号小区位置点,"ZDBZD-JS-2025-002255	","JFZDPT-JS-20250210-05932	",2021-01-01,2021-01-31,"1535960714	","3205104476763	",1.000000,100,100.000000,1975.000000,2123.520000,148.52,148.52,0.6357,148.52,-,-,-,-,-,-,-,-,-,-,-,-,-,-,-,-,-,-,-,-,-,-,83.55,10.86,-,-
鑫龙家园莲花六号小区位置点,"ZDBZD-JS-2025-002255	","JFZDPT-JS-20250210-05932	",2021-01-01,2021-01-31,"1543218796	","3205104476766	",1.000000,100,100.000000,952.980000,1025.710000,72.73,72.73,0.6361,72.73,-,-,-,-,-,-,-,-,-,-,-,-,-,-,-,-,-,-,-,-,-,-,40.94,5.32,-,-
鑫龙家园莲花六号小区位置点,"ZDBZD-JS-2025-002255	","JFZDPT-JS-20250210-05932	",2021-01-01,2021-01-31,"1539721710	","3205104476768	",1.000000,100,100.000000,934.300000,1004.080000,69.78,69.78,0.6357,69.78,-,-,-,-,-,-,-,-,-,-,-,-,-,-,-,-,-,-,-,-,-,-,39.26,5.1,-,-
鑫龙家园莲花六号小区位置点,"ZDBZD-JS-2025-002255	","JFZDPT-JS-20250210-05932	",2021-01-01,2021-01-31,"1534340339	","3205104476772	",1.000000,100,100.000000,663.390000,710.560000,47.17,47.17,0.6313,47.17,-,-,-,-,-,-,-,-,-,-,-,-,-,-,-,-,-,-,-,-,-,-,26.35,3.43,-,-
鑫龙家园莲花六号小区位置点,"ZDBZD-JS-2025-002255	","JFZDPT-JS-20250210-05932	",2021-01-01,2021-01-31,"1542222948	","3205104476774	",1.000000,100,100.000000,887.780000,944.930000,57.15,57.15,0.6318,57.15,-,-,-,-,-,-,-,-,-,-,-,-,-,-,-,-,-,-,-,-,-,-,31.96,4.15,-,-
鑫龙家园莲花六号小区位置点,"ZDBZD-JS-2025-002255	","JFZDPT-JS-20250210-05932	",2021-01-01,2021-01-31,"1536674431	","3205104477226	",1.000000,100,100.000000,1071.390000,1148.330000,76.94,76.94,0.6341,76.94,-,-,-,-,-,-,-,-,-,-,-,-,-,-,-,-,-,-,-,-,-,-,43.18,5.61,-,-
鑫龙家园莲花六号小区位置点,"ZDBZD-JS-2025-002255	","JFZDPT-JS-20250210-05932	",2021-01-01,2021-01-31,"1536129515	","3205104477228	",1.000000,100,100.000000,922.500000,992.820000,70.32,70.32,0.6308,70.32,-,-,-,-,-,-,-,-,-,-,-,-,-,-,-,-,-,-,-,-,-,-,39.26,5.1,-,-
鑫龙家园莲花六号小区位置点,"ZDBZD-JS-2025-002255	","JFZDPT-JS-20250210-05932	",2021-01-01,2021-01-31,"1539373623	","3205104477230	",1.000000,100,100.000000,907.990000,966.060000,58.07,58.07,0.6329,58.07,-,-,-,-,-,-,-,-,-,-,-,-,-,-,-,-,-,-,-,-,-,-,32.52,4.23,-,-
鑫龙家园莲花六号小区位置点,"ZDBZD-JS-2025-002255	","JFZDPT-JS-20250210-05932	",2021-01-01,2021-01-31,"1543105444	","3205104477232	",1.000000,100,100.000000,933.720000,1005.200000,71.48,71.48,0.6294,71.48,-,-,-,-,-,-,-,-,-,-,-,-,-,-,-,-,-,-,-,-,-,-,39.81,5.18,-,-
鑫龙家园莲花六号小区位置点,"ZDBZD-JS-2025-002255	","JFZDPT-JS-20250210-05932	",2021-01-01,2021-01-31,"1544951755	","3205104477235	",1.000000,100,100.000000,921.340000,992.290000,70.95,70.95,0.6341,70.95,-,-,-,-,-,-,-,-,-,-,-,-,-,-,-,-,-,-,-,-,-,-,39.81,5.18,-,-
鑫龙家园莲花六号小区位置点,"ZDBZD-JS-2025-002255	","JFZDPT-JS-20250210-05932	",2021-01-01,2021-01-31,"1544684094	","3205104477238	",1.000000,100,100.000000,915.850000,985.660000,69.81,69.81,0.6354,69.81,-,-,-,-,-,-,-,-,-,-,-,-,-,-,-,-,-,-,-,-,-,-,39.26,5.1,-,-
鑫龙家园莲花六号小区位置点,"ZDBZD-JS-2025-002255	","JFZDPT-JS-20250210-05932	",2021-01-01,2021-01-31,"1539602549	","3205104477339	",1.000000,100,100.000000,961.320000,1034.330000,73.01,73.01,0.6336,73.01,-,-,-,-,-,-,-,-,-,-,-,-,-,-,-,-,-,-,-,-,-,-,40.94,5.32,-,-
鑫龙家园莲花六号小区位置点,"ZDBZD-JS-2025-002255	","JFZDPT-JS-20250210-05932	",2021-01-01,2021-01-31,"1546160843	","3205104477340	",1.000000,100,100.000000,951.970000,1023.690000,71.72,71.72,0.6361,71.72,-,-,-,-,-,-,-,-,-,-,-,-,-,-,-,-,-,-,-,-,-,-,40.37,5.25,-,-
鑫龙家园莲花六号小区位置点,"ZDBZD-JS-2025-002255	","JFZDPT-JS-20250210-05932	",2021-01-01,2021-01-31,"1546168926	","3205104477341	",1.000000,100,100.000000,1088.780000,1171.220000,82.44,82.44,0.6303,82.44,-,-,-,-,-,-,-,-,-,-,-,-,-,-,-,-,-,-,-,-,-,-,45.98,5.98,-,-
鑫龙家园莲花六号小区位置点,"ZDBZD-JS-2025-002255	","JFZDPT-JS-20250210-05932	",2021-01-01,2021-01-31,"1542466276	","3205104477344	",1.000000,100,100.000000,667.450000,712.680000,45.23,45.23,0.6306,45.23,-,-,-,-,-,-,-,-,-,-,-,-,-,-,-,-,-,-,-,-,-,-,25.24,3.28,-,-
鑫龙家园莲花六号小区位置点,"ZDBZD-JS-2025-002255	","JFZDPT-JS-20250210-05932	",2021-01-01,2021-01-31,"1536129516	","3205104477350	",1.000000,100,100.000000,1072.490000,1147.240000,74.75,74.75,0.6359,74.75,-,-,-,-,-,-,-,-,-,-,-,-,-,-,-,-,-,-,-,-,-,-,42.06,5.47,-,-
鑫龙家园莲花六号小区位置点,"ZDBZD-JS-2025-002255	","JFZDPT-JS-20250213-05180	",2023-01-01,2023-01-31,"1534337708	","3205104313087	",1.000000,100,100.000000,2496.600000,2545.560000,48.96,48.96,0.7412,48.96,-,-,-,-,-,-,-,-,-,-,-,-,-,-,-,-,-,-,-,-,-,-,32.12,4.17,-,-
鑫龙家园莲花六号小区位置点,"ZDBZD-JS-2025-002255	","JFZDPT-JS-20250213-05180	",2023-01-01,2023-01-31,"1534339435	","3205104313426	",1.000000,100,100.000000,1737.620000,1771.280000,33.66,33.66,0.7481,33.66,-,-,-,-,-,-,-,-,-,-,-,-,-,-,-,-,-,-,-,-,-,-,22.28,2.9,-,-
鑫龙家园莲花六号小区位置点,"ZDBZD-JS-2025-002255	","JFZDPT-JS-20250213-05180	",2023-01-01,2023-01-31,"1534349171	","3205104313433	",1.000000,100,100.000000,1719.770000,1753.010000,33.24,33.24,0.7353,33.24,-,-,-,-,-,-,-,-,-,-,-,-,-,-,-,-,-,-,-,-,-,-,21.63,2.81,-,-
鑫龙家园莲花六号小区位置点,"ZDBZD-JS-2025-002255	","JFZDPT-JS-20250213-05180	",2023-01-01,2023-01-31,"1554157659	","3205104313437	",1.000000,100,100.000000,1736.070000,1769.020000,32.95,32.95,0.7417,32.95,-,-,-,-,-,-,-,-,-,-,-,-,-,-,-,-,-,-,-,-,-,-,21.63,2.81,-,-
鑫龙家园莲花六号小区位置点,"ZDBZD-JS-2025-002255	","JFZDPT-JS-20250213-05180	",2023-01-01,2023-01-31,"1534339430	","3205104313446	",1.000000,100,100.000000,1653.040000,1686.080000,33.04,33.04,0.7397,33.04,-,-,-,-,-,-,-,-,-,-,-,-,-,-,-,-,-,-,-,-,-,-,21.63,2.81,-,-
鑫龙家园莲花六号小区位置点,"ZDBZD-JS-2025-002255	","JFZDPT-JS-20250213-05180	",2023-01-01,2023-01-31,"1534337522	","3205104313451	",1.000000,100,100.000000,1836.110000,1872.520000,36.41,36.41,0.7322,36.41,-,-,-,-,-,-,-,-,-,-,-,-,-,-,-,-,-,-,-,-,-,-,23.59,3.07,-,-
鑫龙家园莲花六号小区位置点,"ZDBZD-JS-2025-002255	","JFZDPT-JS-20250213-05180	",2023-01-01,2023-01-31,"1528107567	","3205104315707	",1.000000,100,100.000000,2453.940000,2500.790000,46.85,46.85,0.743,46.85,-,-,-,-,-,-,-,-,-,-,-,-,-,-,-,-,-,-,-,-,-,-,30.81,4,-,-
鑫龙家园莲花六号小区位置点,"ZDBZD-JS-2025-002255	","JFZDPT-JS-20250213-05180	",2023-01-01,2023-01-31,"1556867474	","3205104315719	",1.000000,100,100.000000,171.800000,205.250000,33.45,33.45,0.7306,33.45,-,-,-,-,-,-,-,-,-,-,-,-,-,-,-,-,-,-,-,-,-,-,21.63,2.81,-,-
鑫龙家园莲花六号小区位置点,"ZDBZD-JS-2025-002255	","JFZDPT-JS-20250213-05180	",2023-01-01,2023-01-31,"1528102930	","3205104315726	",1.000000,100,100.000000,1770.600000,1803.860000,33.26,33.26,0.7348,33.26,-,-,-,-,-,-,-,-,-,-,-,-,-,-,-,-,-,-,-,-,-,-,21.63,2.81,-,-
鑫龙家园莲花六号小区位置点,"ZDBZD-JS-2025-002255	","JFZDPT-JS-20250213-05180	",2023-01-01,2023-01-31,"1559570474	","3205104353226	",1.000000,100,100.000000,351.310000,516.590000,100000165.28,"100,000,165.28",0.7394,100000165.28,-,-,-,-,-,-,-,-,-,-,-,-,-,-,-,-,-,-,-,-,-,-,65433736.47,8506385.74,-,-
鑫龙家园莲花六号小区位置点,"ZDBZD-JS-2025-002255	","JFZDPT-JS-20250213-05180	",2023-01-01,2023-01-31,"1547726877	","3205104472953	",1.000000,100,100.000000,2531.320000,2603.770000,72.45,72.45,0.7361,72.45,-,-,-,-,-,-,-,-,-,-,-,-,-,-,-,-,-,-,-,-,-,-,47.19,6.14,-,-
鑫龙家园莲花六号小区位置点,"ZDBZD-JS-2025-002255	","JFZDPT-JS-20250213-05180	",2023-01-01,2023-01-31,"1547633945	","3205104472957	",1.000000,100,100.000000,2986.970000,3061.320000,74.35,74.35,0.7372,74.35,-,-,-,-,-,-,-,-,-,-,-,-,-,-,-,-,-,-,-,-,-,-,48.5,6.31,-,-
鑫龙家园莲花六号小区位置点,"ZDBZD-JS-2025-002255	","JFZDPT-JS-20250213-05180	",2023-01-01,2023-01-31,"1547633944	","3205104472959	",1.000000,100,100.000000,2489.060000,2559.540000,70.48,70.48,0.7357,70.48,-,-,-,-,-,-,-,-,-,-,-,-,-,-,-,-,-,-,-,-,-,-,45.88,5.97,-,-
鑫龙家园莲花六号小区位置点,"ZDBZD-JS-2025-002255	","JFZDPT-JS-20250213-05180	",2023-01-01,2023-01-31,"1547633946	","3205104472963	",1.000000,100,100.000000,2332.100000,2405.700000,73.6,73.6,0.7447,73.6,-,-,-,-,-,-,-,-,-,-,-,-,-,-,-,-,-,-,-,-,-,-,48.5,6.31,-,-
鑫龙家园莲花六号小区位置点,"ZDBZD-JS-2025-002255	","JFZDPT-JS-20250213-05180	",2023-01-01,2023-01-31,"1547634578	","3205104472970	",1.000000,100,100.000000,2065.940000,2118.810000,52.87,52.87,0.7424,52.87,-,-,-,-,-,-,-,-,-,-,-,-,-,-,-,-,-,-,-,-,-,-,34.73,4.52,-,-
鑫龙家园莲花六号小区位置点,"ZDBZD-JS-2025-002255	","JFZDPT-JS-20250213-05180	",2023-01-01,2023-01-31,"1547728488	","3205104474427	",1.000000,100,100.000000,2508.570000,2580.610000,72.04,72.04,0.7403,72.04,-,-,-,-,-,-,-,-,-,-,-,-,-,-,-,-,-,-,-,-,-,-,47.19,6.14,-,-
鑫龙家园莲花六号小区位置点,"ZDBZD-JS-2025-002255	","JFZDPT-JS-20250213-05180	",2023-01-01,2023-01-31,"1547719754	","3205104474457	",1.000000,100,100.000000,6373.250000,6536.230000,162.98,162.98,0.7408,162.98,-,-,-,-,-,-,-,-,-,-,-,-,-,-,-,-,-,-,-,-,-,-,106.85,13.89,-,-
鑫龙家园莲花六号小区位置点,"ZDBZD-JS-2025-002255	","JFZDPT-JS-20250213-05180	",2023-01-01,2023-01-31,"1547728484	","3205104474463	",1.000000,100,100.000000,2026.040000,2026.040000,0,0,0.7463,0,-,-,-,-,-,-,-,-,-,-,-,-,-,-,-,-,-,-,-,-,-,-,0,0,-,-
鑫龙家园莲花六号小区位置点,"ZDBZD-JS-2025-002255	","JFZDPT-JS-20250213-05180	",2023-01-01,2023-01-31,"1547719759	","3205104474467	",1.000000,100,100.000000,2633.630000,2705.700000,72.07,72.07,0.74,72.07,-,-,-,-,-,-,-,-,-,-,-,-,-,-,-,-,-,-,-,-,-,-,47.19,6.14,-,-
鑫龙家园莲花六号小区位置点,"ZDBZD-JS-2025-002255	","JFZDPT-JS-20250213-05180	",2023-01-01,2023-01-31,"1534271368	","3205104476753	",1.000000,100,100.000000,2405.380000,2475.170000,69.79,69.79,0.7429,69.79,-,-,-,-,-,-,-,-,-,-,-,-,-,-,-,-,-,-,-,-,-,-,45.88,5.97,-,-
鑫龙家园莲花六号小区位置点,"ZDBZD-JS-2025-002255	","JFZDPT-JS-20250213-05180	",2023-01-01,2023-01-31,"1542462053	","3205104476756	",1.000000,100,100.000000,2198.530000,2254.300000,55.77,55.77,0.7438,55.77,-,-,-,-,-,-,-,-,-,-,-,-,-,-,-,-,-,-,-,-,-,-,36.71,4.77,-,-
鑫龙家园莲花六号小区位置点,"ZDBZD-JS-2025-002255	","JFZDPT-JS-20250213-05180	",2023-01-01,2023-01-31,"1534365028	","3205104476757	",1.000000,100,100.000000,2499.700000,2573.370000,73.67,73.67,0.744,73.67,-,-,-,-,-,-,-,-,-,-,-,-,-,-,-,-,-,-,-,-,-,-,48.5,6.31,-,-
鑫龙家园莲花六号小区位置点,"ZDBZD-JS-2025-002255	","JFZDPT-JS-20250213-05180	",2023-01-01,2023-01-31,"1535669055	","3205104476759	",1.000000,100,100.000000,3496.340000,3596.770000,100.43,100.43,0.7375,100.43,-,-,-,-,-,-,-,-,-,-,-,-,-,-,-,-,-,-,-,-,-,-,65.55,8.52,-,-
鑫龙家园莲花六号小区位置点,"ZDBZD-JS-2025-002255	","JFZDPT-JS-20250213-05180	",2023-01-01,2023-01-31,"1535960714	","3205104476763	",1.000000,100,100.000000,5480.510000,5618.020000,137.51,137.51,0.7433,137.51,-,-,-,-,-,-,-,-,-,-,-,-,-,-,-,-,-,-,-,-,-,-,90.45,11.76,-,-
鑫龙家园莲花六号小区位置点,"ZDBZD-JS-2025-002255	","JFZDPT-JS-20250213-05180	",2023-01-01,2023-01-31,"1543218796	","3205104476766	",1.000000,100,100.000000,2664.700000,2737.090000,72.39,72.39,0.7367,72.39,-,-,-,-,-,-,-,-,-,-,-,-,-,-,-,-,-,-,-,-,-,-,47.19,6.14,-,-
鑫龙家园莲花六号小区位置点,"ZDBZD-JS-2025-002255	","JFZDPT-JS-20250213-05180	",2023-01-01,2023-01-31,"1539721710	","3205104476768	",1.000000,100,100.000000,2582.180000,2651.620000,69.44,69.44,0.736,69.44,-,-,-,-,-,-,-,-,-,-,-,-,-,-,-,-,-,-,-,-,-,-,45.23,5.88,-,-
鑫龙家园莲花六号小区位置点,"ZDBZD-JS-2025-002255	","JFZDPT-JS-20250213-05180	",2023-01-01,2023-01-31,"1534340339	","3205104476772	",1.000000,100,100.000000,1781.350000,1828.670000,47.32,47.32,0.7356,47.32,-,-,-,-,-,-,-,-,-,-,-,-,-,-,-,-,-,-,-,-,-,-,30.81,4,-,-
鑫龙家园莲花六号小区位置点,"ZDBZD-JS-2025-002255	","JFZDPT-JS-20250213-05180	",2023-01-01,2023-01-31,"1542222948	","3205104476774	",1.000000,100,100.000000,2443.830000,2502.030000,58.2,58.2,0.7381,58.2,-,-,-,-,-,-,-,-,-,-,-,-,-,-,-,-,-,-,-,-,-,-,38.02,4.94,-,-
鑫龙家园莲花六号小区位置点,"ZDBZD-JS-2025-002255	","JFZDPT-JS-20250213-05180	",2023-01-01,2023-01-31,"1536674431	","3205104477226	",1.000000,100,100.000000,2892.150000,2968.740000,76.59,76.59,0.7446,76.59,-,-,-,-,-,-,-,-,-,-,-,-,-,-,-,-,-,-,-,-,-,-,50.47,6.56,-,-
鑫龙家园莲花六号小区位置点,"ZDBZD-JS-2025-002255	","JFZDPT-JS-20250213-05180	",2023-01-01,2023-01-31,"1536129515	","3205104477228	",1.000000,100,100.000000,2612.640000,2684.240000,71.6,71.6,0.7448,71.6,-,-,-,-,-,-,-,-,-,-,-,-,-,-,-,-,-,-,-,-,-,-,47.19,6.14,-,-
鑫龙家园莲花六号小区位置点,"ZDBZD-JS-2025-002255	","JFZDPT-JS-20250213-05180	",2023-01-01,2023-01-31,"1539373623	","3205104477230	",1.000000,100,100.000000,2527.810000,2600.650000,72.84,72.84,0.7423,72.84,-,-,-,-,-,-,-,-,-,-,-,-,-,-,-,-,-,-,-,-,-,-,47.85,6.22,-,-
鑫龙家园莲花六号小区位置点,"ZDBZD-JS-2025-002255	","JFZDPT-JS-20250213-05180	",2023-01-01,2023-01-31,"1543105444	","3205104477232	",1.000000,100,100.000000,2227.510000,2272.660000,45.15,45.15,0.7382,45.15,-,-,-,-,-,-,-,-,-,-,-,-,-,-,-,-,-,-,-,-,-,-,29.5,3.83,-,-
鑫龙家园莲花六号小区位置点,"ZDBZD-JS-2025-002255	","JFZDPT-JS-20250213-05180	",2023-01-01,2023-01-31,"1544951755	","3205104477235	",1.000000,100,100.000000,2622.670000,2695.220000,72.55,72.55,0.7453,72.55,-,-,-,-,-,-,-,-,-,-,-,-,-,-,-,-,-,-,-,-,-,-,47.85,6.22,-,-
鑫龙家园莲花六号小区位置点,"ZDBZD-JS-2025-002255	","JFZDPT-JS-20250213-05180	",2023-01-01,2023-01-31,"1544684094	","3205104477238	",1.000000,100,100.000000,2576.620000,2646.350000,69.73,69.73,0.7436,69.73,-,-,-,-,-,-,-,-,-,-,-,-,-,-,-,-,-,-,-,-,-,-,45.88,5.97,-,-
鑫龙家园莲花六号小区位置点,"ZDBZD-JS-2025-002255	","JFZDPT-JS-20250213-05180	",2023-01-01,2023-01-31,"1539602549	","3205104477339	",1.000000,100,100.000000,2694.910000,2767.290000,72.38,72.38,0.7368,72.38,-,-,-,-,-,-,-,-,-,-,-,-,-,-,-,-,-,-,-,-,-,-,47.19,6.14,-,-
鑫龙家园莲花六号小区位置点,"ZDBZD-JS-2025-002255	","JFZDPT-JS-20250213-05180	",2023-01-01,2023-01-31,"1546160843	","3205104477340	",1.000000,100,100.000000,2658.930000,2730.800000,71.87,71.87,0.742,71.87,-,-,-,-,-,-,-,-,-,-,-,-,-,-,-,-,-,-,-,-,-,-,47.19,6.14,-,-
鑫龙家园莲花六号小区位置点,"ZDBZD-JS-2025-002255	","JFZDPT-JS-20250213-05180	",2023-01-01,2023-01-31,"1546168926	","3205104477341	",1.000000,100,100.000000,3057.010000,3138.640000,81.63,81.63,0.744,81.63,-,-,-,-,-,-,-,-,-,-,-,-,-,-,-,-,-,-,-,-,-,-,53.74,6.99,-,-
鑫龙家园莲花六号小区位置点,"ZDBZD-JS-2025-002255	","JFZDPT-JS-20250213-05180	",2023-01-01,2023-01-31,"1542466276	","3205104477344	",1.000000,100,100.000000,2213.980000,2282.670000,68.69,68.69,0.7441,68.69,-,-,-,-,-,-,-,-,-,-,-,-,-,-,-,-,-,-,-,-,-,-,45.23,5.88,-,-
鑫龙家园莲花六号小区位置点,"ZDBZD-JS-2025-002255	","JFZDPT-JS-20250213-05180	",2023-01-01,2023-01-31,"1536129516	","3205104477350	",1.000000,100,100.000000,3377.680000,3431.790000,100000054.11,"100,000,054.11",0.7392,100000054.11,-,-,-,-,-,-,-,-,-,-,-,-,-,-,-,-,-,-,-,-,-,-,65415964.6,8504075.4,-,-
鑫龙家园莲花六号小区位置点,"ZDBZD-JS-2025-002255	","JFZDPT-JS-20250213-07082	",2023-06-01,2023-06-30,"1534337708	","3205104313087	",1.000000,100,100.000000,2729.460000,2774.570000,45.11,45.11,0.777,45.11,-,-,-,-,-,-,-,-,-,-,-,-,-,-,-,-,-,-,-,-,-,-,31.02,4.03,-,-
鑫龙家园莲花六号小区位置点,"ZDBZD-JS-2025-002255	","JFZDPT-JS-20250213-07082	",2023-06-01,2023-06-30,"1534339435	","3205104313426	",1.000000,100,100.000000,1900.920000,1933.520000,32.6,32.6,0.7887,32.6,-,-,-,-,-,-,-,-,-,-,-,-,-,-,-,-,-,-,-,-,-,-,22.75,2.96,-,-
鑫龙家园莲花六号小区位置点,"ZDBZD-JS-2025-002255	","JFZDPT-JS-20250213-07082	",2023-06-01,2023-06-30,"1534349171	","3205104313433	",1.000000,100,100.000000,1881.530000,1913.900000,32.37,32.37,0.7702,32.37,-,-,-,-,-,-,-,-,-,-,-,-,-,-,-,-,-,-,-,-,-,-,22.06,2.87,-,-
鑫龙家园莲花六号小区位置点,"ZDBZD-JS-2025-002255	","JFZDPT-JS-20250213-07082	",2023-06-01,2023-06-30,"1554157659	","3205104313437	",1.000000,100,100.000000,1896.950000,1929.220000,32.27,32.27,0.7725,32.27,-,-,-,-,-,-,-,-,-,-,-,-,-,-,-,-,-,-,-,-,-,-,22.06,2.87,-,-
鑫龙家园莲花六号小区位置点,"ZDBZD-JS-2025-002255	","JFZDPT-JS-20250213-07082	",2023-06-01,2023-06-30,"1534339430	","3205104313446	",1.000000,100,100.000000,1814.570000,1846.880000,32.31,32.31,0.7716,32.31,-,-,-,-,-,-,-,-,-,-,-,-,-,-,-,-,-,-,-,-,-,-,22.06,2.87,-,-
鑫龙家园莲花六号小区位置点,"ZDBZD-JS-2025-002255	","JFZDPT-JS-20250213-07082	",2023-06-01,2023-06-30,"1534337522	","3205104313451	",1.000000,100,100.000000,2010.150000,2044.040000,33.89,33.89,0.7814,33.89,-,-,-,-,-,-,-,-,-,-,-,-,-,-,-,-,-,-,-,-,-,-,23.43,3.05,-,-
鑫龙家园莲花六号小区位置点,"ZDBZD-JS-2025-002255	","JFZDPT-JS-20250213-07082	",2023-06-01,2023-06-30,"1528107567	","3205104315707	",1.000000,100,100.000000,2680.760000,2725.800000,45.04,45.04,0.7782,45.04,-,-,-,-,-,-,-,-,-,-,-,-,-,-,-,-,-,-,-,-,-,-,31.02,4.03,-,-
鑫龙家园莲花六号小区位置点,"ZDBZD-JS-2025-002255	","JFZDPT-JS-20250213-07082	",2023-06-01,2023-06-30,"1556867474	","3205104315719	",1.000000,100,100.000000,334.940000,367.480000,32.54,32.54,0.7901,32.54,-,-,-,-,-,-,-,-,-,-,-,-,-,-,-,-,-,-,-,-,-,-,22.75,2.96,-,-
鑫龙家园莲花六号小区位置点,"ZDBZD-JS-2025-002255	","JFZDPT-JS-20250213-07082	",2023-06-01,2023-06-30,"1528102930	","3205104315726	",1.000000,100,100.000000,1932.440000,1964.800000,32.36,32.36,0.7704,32.36,-,-,-,-,-,-,-,-,-,-,-,-,-,-,-,-,-,-,-,-,-,-,22.06,2.87,-,-
鑫龙家园莲花六号小区位置点,"ZDBZD-JS-2025-002255	","JFZDPT-JS-20250213-07082	",2023-06-01,2023-06-30,"1559570474	","3205104353226	",1.000000,100,100.000000,1159.610000,1300.770000,141.16,141.16,0.7781,141.16,-,-,-,-,-,-,-,-,-,-,-,-,-,-,-,-,-,-,-,-,-,-,97.2,12.64,-,-
鑫龙家园莲花六号小区位置点,"ZDBZD-JS-2025-002255	","JFZDPT-JS-20250213-07082	",2023-06-01,2023-06-30,"1547726877	","3205104472953	",1.000000,100,100.000000,2884.760000,2955.650000,70.89,70.89,0.7801,70.89,-,-,-,-,-,-,-,-,-,-,-,-,-,-,-,-,-,-,-,-,-,-,48.94,6.36,-,-
鑫龙家园莲花六号小区位置点,"ZDBZD-JS-2025-002255	","JFZDPT-JS-20250213-07082	",2023-06-01,2023-06-30,"1547633945	","3205104472957	",1.000000,100,100.000000,3414.120000,3510.770000,96.65,96.65,0.7818,96.65,-,-,-,-,-,-,-,-,-,-,-,-,-,-,-,-,-,-,-,-,-,-,66.87,8.69,-,-
鑫龙家园莲花六号小区位置点,"ZDBZD-JS-2025-002255	","JFZDPT-JS-20250213-07082	",2023-06-01,2023-06-30,"1547633944	","3205104472959	",1.000000,100,100.000000,2833.200000,2902.250000,69.05,69.05,0.7784,69.05,-,-,-,-,-,-,-,-,-,-,-,-,-,-,-,-,-,-,-,-,-,-,47.57,6.18,-,-
鑫龙家园莲花六号小区位置点,"ZDBZD-JS-2025-002255	","JFZDPT-JS-20250213-07082	",2023-06-01,2023-06-30,"1547633946	","3205104472963	",1.000000,100,100.000000,2690.620000,2762.350000,71.73,71.73,0.7818,71.73,-,-,-,-,-,-,-,-,-,-,-,-,-,-,-,-,-,-,-,-,-,-,49.63,6.45,-,-
鑫龙家园莲花六号小区位置点,"ZDBZD-JS-2025-002255	","JFZDPT-JS-20250213-07082	",2023-06-01,2023-06-30,"1547634578	","3205104472970	",1.000000,100,100.000000,2324.210000,2375.980000,51.77,51.77,0.7823,51.77,-,-,-,-,-,-,-,-,-,-,-,-,-,-,-,-,-,-,-,-,-,-,35.84,4.66,-,-
鑫龙家园莲花六号小区位置点,"ZDBZD-JS-2025-002255	","JFZDPT-JS-20250213-07082	",2023-06-01,2023-06-30,"1547728488	","3205104474427	",1.000000,100,100.000000,2858.860000,2928.650000,69.79,69.79,0.7813,69.79,-,-,-,-,-,-,-,-,-,-,-,-,-,-,-,-,-,-,-,-,-,-,48.26,6.27,-,-
鑫龙家园莲花六号小区位置点,"ZDBZD-JS-2025-002255	","JFZDPT-JS-20250213-07082	",2023-06-01,2023-06-30,"1547719754	","3205104474457	",1.000000,100,100.000000,7165.780000,7320.120000,154.34,154.34,0.7772,154.34,-,-,-,-,-,-,-,-,-,-,-,-,-,-,-,-,-,-,-,-,-,-,106.15,13.8,-,-
鑫龙家园莲花六号小区位置点,"ZDBZD-JS-2025-002255	","JFZDPT-JS-20250213-07082	",2023-06-01,2023-06-30,"1547728484	","3205104474463	",1.000000,100,100.000000,2226.590000,2295.800000,69.21,69.21,0.7766,69.21,-,-,-,-,-,-,-,-,-,-,-,-,-,-,-,-,-,-,-,-,-,-,47.57,6.18,-,-
鑫龙家园莲花六号小区位置点,"ZDBZD-JS-2025-002255	","JFZDPT-JS-20250213-07082	",2023-06-01,2023-06-30,"1547719759	","3205104474467	",1.000000,100,100.000000,2984.040000,3054.120000,70.08,70.08,0.7781,70.08,-,-,-,-,-,-,-,-,-,-,-,-,-,-,-,-,-,-,-,-,-,-,48.26,6.27,-,-
鑫龙家园莲花六号小区位置点,"ZDBZD-JS-2025-002255	","JFZDPT-JS-20250213-07082	",2023-06-01,2023-06-30,"1534271368	","3205104476753	",1.000000,100,100.000000,2713.030000,2769.280000,56.25,56.25,0.7755,56.25,-,-,-,-,-,-,-,-,-,-,-,-,-,-,-,-,-,-,-,-,-,-,38.6,5.02,-,-
鑫龙家园莲花六号小区位置点,"ZDBZD-JS-2025-002255	","JFZDPT-JS-20250213-07082	",2023-06-01,2023-06-30,"1542462053	","3205104476756	",1.000000,100,100.000000,2469.310000,2523.010000,53.7,53.7,0.7832,53.7,-,-,-,-,-,-,-,-,-,-,-,-,-,-,-,-,-,-,-,-,-,-,37.22,4.84,-,-
鑫龙家园莲花六号小区位置点,"ZDBZD-JS-2025-002255	","JFZDPT-JS-20250213-07082	",2023-06-01,2023-06-30,"1534365028	","3205104476757	",1.000000,100,100.000000,2824.680000,2882.370000,57.69,57.69,0.7832,57.69,-,-,-,-,-,-,-,-,-,-,-,-,-,-,-,-,-,-,-,-,-,-,39.98,5.2,-,-
鑫龙家园莲花六号小区位置点,"ZDBZD-JS-2025-002255	","JFZDPT-JS-20250213-07082	",2023-06-01,2023-06-30,"1535669055	","3205104476759	",1.000000,100,100.000000,3935.960000,4015.630000,79.67,79.67,0.7822,79.67,-,-,-,-,-,-,-,-,-,-,-,-,-,-,-,-,-,-,-,-,-,-,55.15,7.17,-,-
鑫龙家园莲花六号小区位置点,"ZDBZD-JS-2025-002255	","JFZDPT-JS-20250213-07082	",2023-06-01,2023-06-30,"1535960714	","3205104476763	",1.000000,100,100.000000,6145.100000,6276.690000,131.59,131.59,0.7814,131.59,-,-,-,-,-,-,-,-,-,-,-,-,-,-,-,-,-,-,-,-,-,-,90.99,11.83,-,-
鑫龙家园莲花六号小区位置点,"ZDBZD-JS-2025-002255	","JFZDPT-JS-20250213-07082	",2023-06-01,2023-06-30,"1543218796	","3205104476766	",1.000000,100,100.000000,3016.300000,3086.410000,70.11,70.11,0.7778,70.11,-,-,-,-,-,-,-,-,-,-,-,-,-,-,-,-,-,-,-,-,-,-,48.26,6.27,-,-
鑫龙家园莲花六号小区位置点,"ZDBZD-JS-2025-002255	","JFZDPT-JS-20250213-07082	",2023-06-01,2023-06-30,"1539721710	","3205104476768	",1.000000,100,100.000000,2920.840000,2988.600000,67.76,67.76,0.7817,67.76,-,-,-,-,-,-,-,-,-,-,-,-,-,-,-,-,-,-,-,-,-,-,46.88,6.09,-,-
鑫龙家园莲花六号小区位置点,"ZDBZD-JS-2025-002255	","JFZDPT-JS-20250213-07082	",2023-06-01,2023-06-30,"1534340339	","3205104476772	",1.000000,100,100.000000,2071.500000,2140.790000,69.29,69.29,0.7757,69.29,-,-,-,-,-,-,-,-,-,-,-,-,-,-,-,-,-,-,-,-,-,-,47.57,6.18,-,-
鑫龙家园莲花六号小区位置点,"ZDBZD-JS-2025-002255	","JFZDPT-JS-20250213-07082	",2023-06-01,2023-06-30,"1542222948	","3205104476774	",1.000000,100,100.000000,2733.620000,2791.960000,58.34,58.34,0.7744,58.34,-,-,-,-,-,-,-,-,-,-,-,-,-,-,-,-,-,-,-,-,-,-,39.98,5.2,-,-
鑫龙家园莲花六号小区位置点,"ZDBZD-JS-2025-002255	","JFZDPT-JS-20250213-07082	",2023-06-01,2023-06-30,"1536674431	","3205104477226	",1.000000,100,100.000000,3266.130000,3341.130000,75,75,0.7789,75,-,-,-,-,-,-,-,-,-,-,-,-,-,-,-,-,-,-,-,-,-,-,51.7,6.72,-,-
鑫龙家园莲花六号小区位置点,"ZDBZD-JS-2025-002255	","JFZDPT-JS-20250213-07082	",2023-06-01,2023-06-30,"1536129515	","3205104477228	",1.000000,100,100.000000,2961.830000,3031.760000,69.93,69.93,0.7798,69.93,-,-,-,-,-,-,-,-,-,-,-,-,-,-,-,-,-,-,-,-,-,-,48.26,6.27,-,-
鑫龙家园莲花六号小区位置点,"ZDBZD-JS-2025-002255	","JFZDPT-JS-20250213-07082	",2023-06-01,2023-06-30,"1539373623	","3205104477230	",1.000000,100,100.000000,2847.170000,2899.370000,52.2,52.2,0.7759,52.2,-,-,-,-,-,-,-,-,-,-,-,-,-,-,-,-,-,-,-,-,-,-,35.84,4.66,-,-
鑫龙家园莲花六号小区位置点,"ZDBZD-JS-2025-002255	","JFZDPT-JS-20250213-07082	",2023-06-01,2023-06-30,"1543105444	","3205104477232	",1.000000,100,100.000000,2446.660000,2490.150000,43.49,43.49,0.7701,43.49,-,-,-,-,-,-,-,-,-,-,-,-,-,-,-,-,-,-,-,-,-,-,29.64,3.85,-,-
鑫龙家园莲花六号小区位置点,"ZDBZD-JS-2025-002255	","JFZDPT-JS-20250213-07082	",2023-06-01,2023-06-30,"1544951755	","3205104477235	",1.000000,100,100.000000,2974.840000,3044.870000,70.03,70.03,0.7787,70.03,-,-,-,-,-,-,-,-,-,-,-,-,-,-,-,-,-,-,-,-,-,-,48.26,6.27,-,-
鑫龙家园莲花六号小区位置点,"ZDBZD-JS-2025-002255	","JFZDPT-JS-20250213-07082	",2023-06-01,2023-06-30,"1544684094	","3205104477238	",1.000000,100,100.000000,2917.080000,2985.210000,68.13,68.13,0.7775,68.13,-,-,-,-,-,-,-,-,-,-,-,-,-,-,-,-,-,-,-,-,-,-,46.88,6.09,-,-
鑫龙家园莲花六号小区位置点,"ZDBZD-JS-2025-002255	","JFZDPT-JS-20250213-07082	",2023-06-01,2023-06-30,"1539602549	","3205104477339	",1.000000,100,100.000000,3047.910000,3118.480000,70.57,70.57,0.7836,70.57,-,-,-,-,-,-,-,-,-,-,-,-,-,-,-,-,-,-,-,-,-,-,48.94,6.36,-,-
鑫龙家园莲花六号小区位置点,"ZDBZD-JS-2025-002255	","JFZDPT-JS-20250213-07082	",2023-06-01,2023-06-30,"1546160843	","3205104477340	",1.000000,100,100.000000,3008.380000,3078.050000,69.67,69.67,0.7827,69.67,-,-,-,-,-,-,-,-,-,-,-,-,-,-,-,-,-,-,-,-,-,-,48.26,6.27,-,-
鑫龙家园莲花六号小区位置点,"ZDBZD-JS-2025-002255	","JFZDPT-JS-20250213-07082	",2023-06-01,2023-06-30,"1546168926	","3205104477341	",1.000000,100,100.000000,3459.590000,3540.590000,81,81,0.7789,81,-,-,-,-,-,-,-,-,-,-,-,-,-,-,-,-,-,-,-,-,-,-,55.83,7.26,-,-
鑫龙家园莲花六号小区位置点,"ZDBZD-JS-2025-002255	","JFZDPT-JS-20250213-07082	",2023-06-01,2023-06-30,"1542466276	","3205104477344	",1.000000,100,100.000000,2548.340000,2614.950000,66.61,66.61,0.7835,66.61,-,-,-,-,-,-,-,-,-,-,-,-,-,-,-,-,-,-,-,-,-,-,46.19,6,-,-
鑫龙家园莲花六号小区位置点,"ZDBZD-JS-2025-002255	","JFZDPT-JS-20250213-07082	",2023-06-01,2023-06-30,"1536129516	","3205104477350	",1.000000,100,100.000000,3628.020000,3677.190000,49.17,49.17,0.7763,49.17,-,-,-,-,-,-,-,-,-,-,-,-,-,-,-,-,-,-,-,-,-,-,33.78,4.39,-,-
鑫龙家园莲花六号小区位置点,"ZDBZD-JS-2025-002255	","JFZDPT-JS-20250210-08963	",2021-10-01,2021-10-31,"1534337708	","3205104313087	",1.000000,100,100.000000,1792.680000,1840.100000,47.42,47.42,0.6946,47.42,-,-,-,-,-,-,-,-,-,-,-,-,-,-,-,-,-,-,-,-,-,-,29.15,3.79,-,-
鑫龙家园莲花六号小区位置点,"ZDBZD-JS-2025-002255	","JFZDPT-JS-20250210-08963	",2021-10-01,2021-10-31,"1534339435	","3205104313426	",1.000000,100,100.000000,1242.900000,1276.320000,33.42,33.42,0.6921,33.42,-,-,-,-,-,-,-,-,-,-,-,-,-,-,-,-,-,-,-,-,-,-,20.47,2.66,-,-
鑫龙家园莲花六号小区位置点,"ZDBZD-JS-2025-002255	","JFZDPT-JS-20250210-08963	",2021-10-01,2021-10-31,"1534349171	","3205104313433	",1.000000,100,100.000000,1232.170000,1265.100000,32.93,32.93,0.7024,32.93,-,-,-,-,-,-,-,-,-,-,-,-,-,-,-,-,-,-,-,-,-,-,20.47,2.66,-,-
鑫龙家园莲花六号小区位置点,"ZDBZD-JS-2025-002255	","JFZDPT-JS-20250210-08963	",2021-10-01,2021-10-31,"1554157659	","3205104313437	",1.000000,100,100.000000,1246.270000,1279.460000,33.19,33.19,0.6969,33.19,-,-,-,-,-,-,-,-,-,-,-,-,-,-,-,-,-,-,-,-,-,-,20.47,2.66,-,-
鑫龙家园莲花六号小区位置点,"ZDBZD-JS-2025-002255	","JFZDPT-JS-20250210-08963	",2021-10-01,2021-10-31,"1534339430	","3205104313446	",1.000000,100,100.000000,1161.220000,1194.410000,33.19,33.19,0.6969,33.19,-,-,-,-,-,-,-,-,-,-,-,-,-,-,-,-,-,-,-,-,-,-,20.47,2.66,-,-
鑫龙家园莲花六号小区位置点,"ZDBZD-JS-2025-002255	","JFZDPT-JS-20250210-08963	",2021-10-01,2021-10-31,"1534337522	","3205104313451	",1.000000,100,100.000000,1318.880000,1353.200000,34.32,34.32,0.6943,34.32,-,-,-,-,-,-,-,-,-,-,-,-,-,-,-,-,-,-,-,-,-,-,21.09,2.74,-,-
鑫龙家园莲花六号小区位置点,"ZDBZD-JS-2025-002255	","JFZDPT-JS-20250210-08963	",2021-10-01,2021-10-31,"1528107567	","3205104315707	",1.000000,100,100.000000,1763.990000,1810.730000,46.74,46.74,0.7047,46.74,-,-,-,-,-,-,-,-,-,-,-,-,-,-,-,-,-,-,-,-,-,-,29.15,3.79,-,-
鑫龙家园莲花六号小区位置点,"ZDBZD-JS-2025-002255	","JFZDPT-JS-20250210-08963	",2021-10-01,2021-10-31,"1556867474	","3205104315719	",1.000000,100,100.000000,1298.330000,1330.840000,32.51,32.51,0.7115,32.51,-,-,-,-,-,-,-,-,-,-,-,-,-,-,-,-,-,-,-,-,-,-,20.47,2.66,-,-
鑫龙家园莲花六号小区位置点,"ZDBZD-JS-2025-002255	","JFZDPT-JS-20250210-08963	",2021-10-01,2021-10-31,"1528102930	","3205104315726	",1.000000,100,100.000000,1270.130000,1304.480000,34.35,34.35,0.6937,34.35,-,-,-,-,-,-,-,-,-,-,-,-,-,-,-,-,-,-,-,-,-,-,21.09,2.74,-,-
鑫龙家园莲花六号小区位置点,"ZDBZD-JS-2025-002255	","JFZDPT-JS-20250210-08963	",2021-10-01,2021-10-31,"1559570474	","3205104353226	",1.000000,100,100.000000,4364.480000,4510.610000,146.13,146.13,0.7002,146.13,-,-,-,-,-,-,-,-,-,-,-,-,-,-,-,-,-,-,-,-,-,-,90.55,11.77,-,-
鑫龙家园莲花六号小区位置点,"ZDBZD-JS-2025-002255	","JFZDPT-JS-20250210-08963	",2021-10-01,2021-10-31,"1547726877	","3205104472953	",1.000000,100,100.000000,1457.200000,1529.970000,72.77,72.77,0.7032,72.77,-,-,-,-,-,-,-,-,-,-,-,-,-,-,-,-,-,-,-,-,-,-,45.28,5.89,-,-
鑫龙家园莲花六号小区位置点,"ZDBZD-JS-2025-002255	","JFZDPT-JS-20250210-08963	",2021-10-01,2021-10-31,"1547633945	","3205104472957	",1.000000,100,100.000000,1882.920000,1957.810000,74.89,74.89,0.702,74.89,-,-,-,-,-,-,-,-,-,-,-,-,-,-,-,-,-,-,-,-,-,-,46.52,6.05,-,-
鑫龙家园莲花六号小区位置点,"ZDBZD-JS-2025-002255	","JFZDPT-JS-20250210-08963	",2021-10-01,2021-10-31,"1547633944	","3205104472959	",1.000000,100,100.000000,1441.350000,1512.410000,71.06,71.06,0.7003,71.06,-,-,-,-,-,-,-,-,-,-,-,-,-,-,-,-,-,-,-,-,-,-,44.04,5.72,-,-
鑫龙家园莲花六号小区位置点,"ZDBZD-JS-2025-002255	","JFZDPT-JS-20250210-08963	",2021-10-01,2021-10-31,"1547633946	","3205104472963	",1.000000,100,100.000000,1240.950000,1314.970000,74.02,74.02,0.7006,74.02,-,-,-,-,-,-,-,-,-,-,-,-,-,-,-,-,-,-,-,-,-,-,45.89,5.97,-,-
鑫龙家园莲花六号小区位置点,"ZDBZD-JS-2025-002255	","JFZDPT-JS-20250210-08963	",2021-10-01,2021-10-31,"1547634578	","3205104472970	",1.000000,100,100.000000,1281.660000,1334.990000,53.33,53.33,0.6966,53.33,-,-,-,-,-,-,-,-,-,-,-,-,-,-,-,-,-,-,-,-,-,-,32.88,4.27,-,-
鑫龙家园莲花六号小区位置点,"ZDBZD-JS-2025-002255	","JFZDPT-JS-20250210-08963	",2021-10-01,2021-10-31,"1547728488	","3205104474427	",1.000000,100,100.000000,1445.290000,1517.220000,71.93,71.93,0.7015,71.93,-,-,-,-,-,-,-,-,-,-,-,-,-,-,-,-,-,-,-,-,-,-,44.65,5.81,-,-
鑫龙家园莲花六号小区位置点,"ZDBZD-JS-2025-002255	","JFZDPT-JS-20250210-08963	",2021-10-01,2021-10-31,"1547719754	","3205104474457	",1.000000,100,100.000000,3796.070000,3976.200000,180.13,180.13,0.7004,180.13,-,-,-,-,-,-,-,-,-,-,-,-,-,-,-,-,-,-,-,-,-,-,111.65,14.51,-,-
鑫龙家园莲花六号小区位置点,"ZDBZD-JS-2025-002255	","JFZDPT-JS-20250210-08963	",2021-10-01,2021-10-31,"1547728484	","3205104474463	",1.000000,100,100.000000,1452.920000,1525.880000,72.96,72.96,0.7013,72.96,-,-,-,-,-,-,-,-,-,-,-,-,-,-,-,-,-,-,-,-,-,-,45.28,5.89,-,-
鑫龙家园莲花六号小区位置点,"ZDBZD-JS-2025-002255	","JFZDPT-JS-20250210-08963	",2021-10-01,2021-10-31,"1547719759	","3205104474467	",1.000000,100,100.000000,1567.050000,1639.300000,72.25,72.25,0.6984,72.25,-,-,-,-,-,-,-,-,-,-,-,-,-,-,-,-,-,-,-,-,-,-,44.65,5.81,-,-
鑫龙家园莲花六号小区位置点,"ZDBZD-JS-2025-002255	","JFZDPT-JS-20250210-08963	",2021-10-01,2021-10-31,"1534271368	","3205104476753	",1.000000,100,100.000000,1394.850000,1465.080000,70.23,70.23,0.6986,70.23,-,-,-,-,-,-,-,-,-,-,-,-,-,-,-,-,-,-,-,-,-,-,43.42,5.64,-,-
鑫龙家园莲花六号小区位置点,"ZDBZD-JS-2025-002255	","JFZDPT-JS-20250210-08963	",2021-10-01,2021-10-31,"1542462053	","3205104476756	",1.000000,100,100.000000,1374.240000,1429.750000,55.51,55.51,0.7071,55.51,-,-,-,-,-,-,-,-,-,-,-,-,-,-,-,-,-,-,-,-,-,-,34.73,4.52,-,-
鑫龙家园莲花六号小区位置点,"ZDBZD-JS-2025-002255	","JFZDPT-JS-20250210-08963	",2021-10-01,2021-10-31,"1534365028	","3205104476757	",1.000000,100,100.000000,1435.180000,1508.980000,73.8,73.8,0.7027,73.8,-,-,-,-,-,-,-,-,-,-,-,-,-,-,-,-,-,-,-,-,-,-,45.89,5.97,-,-
鑫龙家园莲花六号小区位置点,"ZDBZD-JS-2025-002255	","JFZDPT-JS-20250210-08963	",2021-10-01,2021-10-31,"1535669055	","3205104476759	",1.000000,100,100.000000,2044.280000,2145.320000,101.04,101.04,0.7006,101.04,-,-,-,-,-,-,-,-,-,-,-,-,-,-,-,-,-,-,-,-,-,-,62.65,8.14,-,-
鑫龙家园莲花六号小区位置点,"ZDBZD-JS-2025-002255	","JFZDPT-JS-20250210-08963	",2021-10-01,2021-10-31,"1535960714	","3205104476763	",1.000000,100,100.000000,3281.670000,3432.880000,151.21,151.21,0.7,151.21,-,-,-,-,-,-,-,-,-,-,-,-,-,-,-,-,-,-,-,-,-,-,93.67,12.18,-,-
鑫龙家园莲花六号小区位置点,"ZDBZD-JS-2025-002255	","JFZDPT-JS-20250210-08963	",2021-10-01,2021-10-31,"1543218796	","3205104476766	",1.000000,100,100.000000,1592.640000,1664.960000,72.32,72.32,0.6977,72.32,-,-,-,-,-,-,-,-,-,-,-,-,-,-,-,-,-,-,-,-,-,-,44.65,5.81,-,-
鑫龙家园莲花六号小区位置点,"ZDBZD-JS-2025-002255	","JFZDPT-JS-20250210-08963	",2021-10-01,2021-10-31,"1539721710	","3205104476768	",1.000000,100,100.000000,1550.690000,1620.310000,69.62,69.62,0.7047,69.62,-,-,-,-,-,-,-,-,-,-,-,-,-,-,-,-,-,-,-,-,-,-,43.42,5.64,-,-
鑫龙家园莲花六号小区位置点,"ZDBZD-JS-2025-002255	","JFZDPT-JS-20250210-08963	",2021-10-01,2021-10-31,"1534340339	","3205104476772	",1.000000,100,100.000000,1080.780000,1128.160000,47.38,47.38,0.6952,47.38,-,-,-,-,-,-,-,-,-,-,-,-,-,-,-,-,-,-,-,-,-,-,29.15,3.79,-,-
鑫龙家园莲花六号小区位置点,"ZDBZD-JS-2025-002255	","JFZDPT-JS-20250210-08963	",2021-10-01,2021-10-31,"1542222948	","3205104476774	",1.000000,100,100.000000,1452.310000,1524.580000,72.27,72.27,0.6982,72.27,-,-,-,-,-,-,-,-,-,-,-,-,-,-,-,-,-,-,-,-,-,-,44.65,5.81,-,-
鑫龙家园莲花六号小区位置点,"ZDBZD-JS-2025-002255	","JFZDPT-JS-20250210-08963	",2021-10-01,2021-10-31,"1536674431	","3205104477226	",1.000000,100,100.000000,1752.560000,1829.600000,77.04,77.04,0.7004,77.04,-,-,-,-,-,-,-,-,-,-,-,-,-,-,-,-,-,-,-,-,-,-,47.75,6.21,-,-
鑫龙家园莲花六号小区位置点,"ZDBZD-JS-2025-002255	","JFZDPT-JS-20250210-08963	",2021-10-01,2021-10-31,"1536129515	","3205104477228	",1.000000,100,100.000000,1550.560000,1622.640000,72.08,72.08,0.7001,72.08,-,-,-,-,-,-,-,-,-,-,-,-,-,-,-,-,-,-,-,-,-,-,44.65,5.81,-,-
鑫龙家园莲花六号小区位置点,"ZDBZD-JS-2025-002255	","JFZDPT-JS-20250210-08963	",2021-10-01,2021-10-31,"1539373623	","3205104477230	",1.000000,100,100.000000,1476.700000,1549.700000,73,73,0.701,73,-,-,-,-,-,-,-,-,-,-,-,-,-,-,-,-,-,-,-,-,-,-,45.28,5.89,-,-
鑫龙家园莲花六号小区位置点,"ZDBZD-JS-2025-002255	","JFZDPT-JS-20250210-08963	",2021-10-01,2021-10-31,"1543105444	","3205104477232	",1.000000,100,100.000000,1563.610000,1608.590000,44.98,44.98,0.7012,44.98,-,-,-,-,-,-,-,-,-,-,-,-,-,-,-,-,-,-,-,-,-,-,27.91,3.63,-,-
鑫龙家园莲花六号小区位置点,"ZDBZD-JS-2025-002255	","JFZDPT-JS-20250210-08963	",2021-10-01,2021-10-31,"1544951755	","3205104477235	",1.000000,100,100.000000,1552.360000,1624.810000,72.45,72.45,0.6965,72.45,-,-,-,-,-,-,-,-,-,-,-,-,-,-,-,-,-,-,-,-,-,-,44.65,5.81,-,-
鑫龙家园莲花六号小区位置点,"ZDBZD-JS-2025-002255	","JFZDPT-JS-20250210-08963	",2021-10-01,2021-10-31,"1544684094	","3205104477238	",1.000000,100,100.000000,1536.360000,1607.220000,70.86,70.86,0.7022,70.86,-,-,-,-,-,-,-,-,-,-,-,-,-,-,-,-,-,-,-,-,-,-,44.04,5.72,-,-
鑫龙家园莲花六号小区位置点,"ZDBZD-JS-2025-002255	","JFZDPT-JS-20250210-08963	",2021-10-01,2021-10-31,"1539602549	","3205104477339	",1.000000,100,100.000000,1609.480000,1683.380000,73.9,73.9,0.7018,73.9,-,-,-,-,-,-,-,-,-,-,-,-,-,-,-,-,-,-,-,-,-,-,45.89,5.97,-,-
鑫龙家园莲花六号小区位置点,"ZDBZD-JS-2025-002255	","JFZDPT-JS-20250210-08963	",2021-10-01,2021-10-31,"1546160843	","3205104477340	",1.000000,100,100.000000,1587.160000,1659.760000,72.6,72.6,0.7048,72.6,-,-,-,-,-,-,-,-,-,-,-,-,-,-,-,-,-,-,-,-,-,-,45.28,5.89,-,-
鑫龙家园莲花六号小区位置点,"ZDBZD-JS-2025-002255	","JFZDPT-JS-20250210-08963	",2021-10-01,2021-10-31,"1546168926	","3205104477341	",1.000000,100,100.000000,1826.560000,1910.850000,84.29,84.29,0.6985,84.29,-,-,-,-,-,-,-,-,-,-,-,-,-,-,-,-,-,-,-,-,-,-,52.11,6.77,-,-
鑫龙家园莲花六号小区位置点,"ZDBZD-JS-2025-002255	","JFZDPT-JS-20250210-08963	",2021-10-01,2021-10-31,"1542466276	","3205104477344	",1.000000,100,100.000000,1191.450000,1260.960000,69.51,69.51,0.7058,69.51,-,-,-,-,-,-,-,-,-,-,-,-,-,-,-,-,-,-,-,-,-,-,43.42,5.64,-,-
鑫龙家园莲花六号小区位置点,"ZDBZD-JS-2025-002255	","JFZDPT-JS-20250210-08963	",2021-10-01,2021-10-31,"1536129516	","3205104477350	",1.000000,100,100.000000,1953.180000,2061.000000,107.82,107.82,0.702,107.82,-,-,-,-,-,-,-,-,-,-,-,-,-,-,-,-,-,-,-,-,-,-,66.98,8.71,-,-
鑫龙家园莲花六号小区位置点,"ZDBZD-JS-2025-002255	","JFZDPT-JS-20260114-03233	",2025-12-01,2025-12-31,"1534337708	","3205104313087	",1.000000,100,100.000000,3997.240000,4032.690000,35.45,35.45,0.710578,35.45,-,-,-,-,-,-,-,-,-,-,-,-,-,-,-,-,-,-,-,-,-,-,22.292027,2.897963,-,-
鑫龙家园莲花六号小区位置点,"ZDBZD-JS-2025-002255	","JFZDPT-JS-20260114-03233	",2025-12-01,2025-12-31,"1534339435	","3205104313426	",1.000000,100,100.000000,2942.050000,2970.060000,28.01,28.01,0.719386,28.01,-,-,-,-,-,-,-,-,-,-,-,-,-,-,-,-,-,-,-,-,-,-,17.83186,2.318142,-,-
鑫龙家园莲花六号小区位置点,"ZDBZD-JS-2025-002255	","JFZDPT-JS-20260114-03233	",2025-12-01,2025-12-31,"1534349171	","3205104313433	",1.000000,100,100.000000,2750.000000,2772.330000,22.33,22.33,0.708912,22.33,-,-,-,-,-,-,-,-,-,-,-,-,-,-,-,-,-,-,-,-,-,-,14.008854,1.821151,-,-
鑫龙家园莲花六号小区位置点,"ZDBZD-JS-2025-002255	","JFZDPT-JS-20260114-03233	",2025-12-01,2025-12-31,"1554157659	","3205104313437	",1.000000,100,100.000000,337.420000,360.180000,22.76,22.76,0.727153,22.76,-,-,-,-,-,-,-,-,-,-,-,-,-,-,-,-,-,-,-,-,-,-,14.646019,1.903983,-,-
鑫龙家园莲花六号小区位置点,"ZDBZD-JS-2025-002255	","JFZDPT-JS-20260114-03233	",2025-12-01,2025-12-31,"1534339430	","3205104313446	",1.000000,100,100.000000,2680.790000,2702.110000,21.32,21.32,0.708724,21.32,-,-,-,-,-,-,-,-,-,-,-,-,-,-,-,-,-,-,-,-,-,-,13.371678,1.738318,-,-
鑫龙家园莲花六号小区位置点,"ZDBZD-JS-2025-002255	","JFZDPT-JS-20260114-03233	",2025-12-01,2025-12-31,"1534337522	","3205104313451	",1.000000,100,100.000000,2911.600000,2934.440000,22.84,22.84,0.724606,22.84,-,-,-,-,-,-,-,-,-,-,-,-,-,-,-,-,-,-,-,-,-,-,14.646019,1.903982,-,-
鑫龙家园莲花六号小区位置点,"ZDBZD-JS-2025-002255	","JFZDPT-JS-20260114-03233	",2025-12-01,2025-12-31,"1528107567	","3205104315707	",1.000000,100,100.000000,3907.390000,3942.520000,35.13,35.13,0.717051,35.13,-,-,-,-,-,-,-,-,-,-,-,-,-,-,-,-,-,-,-,-,-,-,22.292037,2.897965,-,-
鑫龙家园莲花六号小区位置点,"ZDBZD-JS-2025-002255	","JFZDPT-JS-20260114-03233	",2025-12-01,2025-12-31,"1556867474	","3205104315719	",1.000000,100,100.000000,1235.550000,1259.600000,24.05,24.05,0.718087,24.05,-,-,-,-,-,-,-,-,-,-,-,-,-,-,-,-,-,-,-,-,-,-,15.283179,1.986813,-,-
鑫龙家园莲花六号小区位置点,"ZDBZD-JS-2025-002255	","JFZDPT-JS-20260114-03233	",2025-12-01,2025-12-31,"1528102930	","3205104315726	",1.000000,100,100.000000,2849.620000,2877.750000,28.13,28.13,0.716317,28.13,-,-,-,-,-,-,-,-,-,-,-,-,-,-,-,-,-,-,-,-,-,-,17.831856,2.318141,-,-
鑫龙家园莲花六号小区位置点,"ZDBZD-JS-2025-002255	","JFZDPT-JS-20260114-03233	",2025-12-01,2025-12-31,"1559570474	","3205104353226	",1.000000,100,100.000000,5344.350000,5483.330000,138.98,138.98,0.719744,138.98,-,-,-,-,-,-,-,-,-,-,-,-,-,-,-,-,-,-,-,-,-,-,88.522142,11.507879,-,-
鑫龙家园莲花六号小区位置点,"ZDBZD-JS-2025-002255	","JFZDPT-JS-20260114-03233	",2025-12-01,2025-12-31,"1547726877	","3205104472953	",1.000000,100,100.000000,5035.420000,5108.140000,72.72,72.72,0.72236,72.72,-,-,-,-,-,-,-,-,-,-,-,-,-,-,-,-,-,-,-,-,-,-,46.486742,6.043277,-,-
鑫龙家园莲花六号小区位置点,"ZDBZD-JS-2025-002255	","JFZDPT-JS-20260114-03233	",2025-12-01,2025-12-31,"1547633945	","3205104472957	",1.000000,100,100.000000,6344.890000,6444.020000,99.13,99.13,0.718753,99.13,-,-,-,-,-,-,-,-,-,-,-,-,-,-,-,-,-,-,-,-,-,-,63.053084,8.196901,-,-
鑫龙家园莲花六号小区位置点,"ZDBZD-JS-2025-002255	","JFZDPT-JS-20260114-03233	",2025-12-01,2025-12-31,"1547633944	","3205104472959	",1.000000,100,100.000000,4924.330000,4994.950000,70.62,70.62,0.723591,70.62,-,-,-,-,-,-,-,-,-,-,-,-,-,-,-,-,-,-,-,-,-,-,45.221235,5.878761,-,-
鑫龙家园莲花六号小区位置点,"ZDBZD-JS-2025-002255	","JFZDPT-JS-20260114-03233	",2025-12-01,2025-12-31,"1547633946	","3205104472963	",1.000000,100,100.000000,4774.090000,4847.800000,73.71,73.71,0.722426,73.71,-,-,-,-,-,-,-,-,-,-,-,-,-,-,-,-,-,-,-,-,-,-,47.123912,6.126108,-,-
鑫龙家园莲花六号小区位置点,"ZDBZD-JS-2025-002255	","JFZDPT-JS-20260114-03233	",2025-12-01,2025-12-31,"1547634578	","3205104472970	",1.000000,100,100.000000,3752.580000,3797.430000,44.85,44.85,0.721962,44.85,-,-,-,-,-,-,-,-,-,-,-,-,-,-,-,-,-,-,-,-,-,-,28.654864,3.725132,-,-
鑫龙家园莲花六号小区位置点,"ZDBZD-JS-2025-002255	","JFZDPT-JS-20260114-03233	",2025-12-01,2025-12-31,"1547728488	","3205104474427	",1.000000,100,100.000000,4940.910000,5006.380000,65.47,65.47,0.714526,65.47,-,-,-,-,-,-,-,-,-,-,-,-,-,-,-,-,-,-,-,-,-,-,41.398245,5.381772,-,-
鑫龙家园莲花六号小区位置点,"ZDBZD-JS-2025-002255	","JFZDPT-JS-20260114-03233	",2025-12-01,2025-12-31,"1547719754	","3205104474457	",1.000000,100,100.000000,11964.550000,12123.810000,159.26,159.26,0.718511,159.26,-,-,-,-,-,-,-,-,-,-,-,-,-,-,-,-,-,-,-,-,-,-,101.265542,13.16452,-,-
鑫龙家园莲花六号小区位置点,"ZDBZD-JS-2025-002255	","JFZDPT-JS-20260114-03233	",2025-12-01,2025-12-31,"1547728484	","3205104474463	",1.000000,100,100.000000,4192.750000,4249.210000,56.46,56.46,0.71378,56.46,-,-,-,-,-,-,-,-,-,-,-,-,-,-,-,-,-,-,-,-,-,-,35.663734,4.636285,-,-
鑫龙家园莲花六号小区位置点,"ZDBZD-JS-2025-002255	","JFZDPT-JS-20260114-03233	",2025-12-01,2025-12-31,"1547719759	","3205104474467	",1.000000,100,100.000000,4827.940000,4902.430000,74.49,74.49,0.714861,74.49,-,-,-,-,-,-,-,-,-,-,-,-,-,-,-,-,-,-,-,-,-,-,47.12389,6.126106,-,-
鑫龙家园莲花六号小区位置点,"ZDBZD-JS-2025-002255	","JFZDPT-JS-20260114-03233	",2025-12-01,2025-12-31,"1542462053	","3205104476756	",1.000000,100,100.000000,4110.100000,4165.990000,55.89,55.89,0.721059,55.89,-,-,-,-,-,-,-,-,-,-,-,-,-,-,-,-,-,-,-,-,-,-,35.663706,4.636282,-,-
鑫龙家园莲花六号小区位置点,"ZDBZD-JS-2025-002255	","JFZDPT-JS-20260114-03233	",2025-12-01,2025-12-31,"1534365028	","3205104476757	",1.000000,100,100.000000,4666.650000,4726.180000,59.53,59.53,0.725349,59.53,-,-,-,-,-,-,-,-,-,-,-,-,-,-,-,-,-,-,-,-,-,-,38.212412,4.967614,-,-
鑫龙家园莲花六号小区位置点,"ZDBZD-JS-2025-002255	","JFZDPT-JS-20260114-03233	",2025-12-01,2025-12-31,"1535960714	","3205104476763	",1.000000,100,100.000000,10241.600000,10375.970000,134.37,134.37,0.717645,134.37,-,-,-,-,-,-,-,-,-,-,-,-,-,-,-,-,-,-,-,-,-,-,85.336247,11.093712,-,-
鑫龙家园莲花六号小区位置点,"ZDBZD-JS-2025-002255	","JFZDPT-JS-20260114-03233	",2025-12-01,2025-12-31,"1543218796	","3205104476766	",1.000000,100,100.000000,5148.480000,5220.610000,72.13,72.13,0.718425,72.13,-,-,-,-,-,-,-,-,-,-,-,-,-,-,-,-,-,-,-,-,-,-,45.858403,5.961592,-,-
鑫龙家园莲花六号小区位置点,"ZDBZD-JS-2025-002255	","JFZDPT-JS-20260114-03233	",2025-12-01,2025-12-31,"1539721710	","3205104476768	",1.000000,100,100.000000,4979.670000,5049.150000,69.48,69.48,0.714738,69.48,-,-,-,-,-,-,-,-,-,-,-,-,-,-,-,-,-,-,-,-,-,-,43.946899,5.713097,-,-
鑫龙家园莲花六号小区位置点,"ZDBZD-JS-2025-002255	","JFZDPT-JS-20260114-03233	",2025-12-01,2025-12-31,"1534340339	","3205104476772	",1.000000,100,100.000000,4182.810000,4254.190000,71.38,71.38,0.715887,71.38,-,-,-,-,-,-,-,-,-,-,-,-,-,-,-,-,-,-,-,-,-,-,45.221251,5.878763,-,-
鑫龙家园莲花六号小区位置点,"ZDBZD-JS-2025-002255	","JFZDPT-JS-20260114-03233	",2025-12-01,2025-12-31,"1542222948	","3205104476774	",1.000000,100,100.000000,4492.280000,4547.000000,54.72,54.72,0.723319,54.72,-,-,-,-,-,-,-,-,-,-,-,-,-,-,-,-,-,-,-,-,-,-,35.026563,4.553453,-,-
鑫龙家园莲花六号小区位置点,"ZDBZD-JS-2025-002255	","JFZDPT-JS-20260114-03233	",2025-12-01,2025-12-31,"1536674431	","3205104477226	",1.000000,100,100.000000,5660.660000,5712.550000,51.89,51.89,0.721141,51.89,-,-,-,-,-,-,-,-,-,-,-,-,-,-,-,-,-,-,-,-,-,-,33.11505,4.304956,-,-
鑫龙家园莲花六号小区位置点,"ZDBZD-JS-2025-002255	","JFZDPT-JS-20260114-03233	",2025-12-01,2025-12-31,"1536129515	","3205104477228	",1.000000,100,100.000000,4992.040000,5064.100000,72.06,72.06,0.719123,72.06,-,-,-,-,-,-,-,-,-,-,-,-,-,-,-,-,-,-,-,-,-,-,45.85841,5.961593,-,-
鑫龙家园莲花六号小区位置点,"ZDBZD-JS-2025-002255	","JFZDPT-JS-20260114-03233	",2025-12-01,2025-12-31,"1539373623	","3205104477230	",1.000000,100,100.000000,4635.890000,4689.980000,54.09,54.09,0.718432,54.09,-,-,-,-,-,-,-,-,-,-,-,-,-,-,-,-,-,-,-,-,-,-,34.389369,4.470618,-,-
鑫龙家园莲花六号小区位置点,"ZDBZD-JS-2025-002255	","JFZDPT-JS-20260114-03233	",2025-12-01,2025-12-31,"1543105444	","3205104477232	",1.000000,100,100.000000,3733.890000,3779.260000,45.37,45.37,0.713687,45.37,-,-,-,-,-,-,-,-,-,-,-,-,-,-,-,-,-,-,-,-,-,-,28.654849,3.72513,-,-
鑫龙家园莲花六号小区位置点,"ZDBZD-JS-2025-002255	","JFZDPT-JS-20260114-03233	",2025-12-01,2025-12-31,"1544951755	","3205104477235	",1.000000,100,100.000000,5016.750000,5089.440000,72.69,72.69,0.722658,72.69,-,-,-,-,-,-,-,-,-,-,-,-,-,-,-,-,-,-,-,-,-,-,46.486735,6.043275,-,-
鑫龙家园莲花六号小区位置点,"ZDBZD-JS-2025-002255	","JFZDPT-JS-20260114-03233	",2025-12-01,2025-12-31,"1539602549	","3205104477339	",1.000000,100,100.000000,4308.820000,4379.310000,70.49,70.49,0.714711,70.49,-,-,-,-,-,-,-,-,-,-,-,-,-,-,-,-,-,-,-,-,-,-,44.584051,5.795927,-,-
鑫龙家园莲花六号小区位置点,"ZDBZD-JS-2025-002255	","JFZDPT-JS-20260114-03233	",2025-12-01,2025-12-31,"1546160843	","3205104477340	",1.000000,100,100.000000,5090.540000,5162.240000,71.7,71.7,0.722734,71.7,-,-,-,-,-,-,-,-,-,-,-,-,-,-,-,-,-,-,-,-,-,-,45.858432,5.961596,-,-
鑫龙家园莲花六号小区位置点,"ZDBZD-JS-2025-002255	","JFZDPT-JS-20260114-03233	",2025-12-01,2025-12-31,"1546168926	","3205104477341	",1.000000,100,100.000000,5671.080000,5742.240000,71.16,71.16,0.7181,71.16,-,-,-,-,-,-,-,-,-,-,-,-,-,-,-,-,-,-,-,-,-,-,45.221235,5.878761,-,-
鑫龙家园莲花六号小区位置点,"ZDBZD-JS-2025-002255	","JFZDPT-JS-20260114-03233	",2025-12-01,2025-12-31,"1542466276	","3205104477344	",1.000000,100,100.000000,4573.230000,4641.610000,68.38,68.38,0.715706,68.38,-,-,-,-,-,-,-,-,-,-,-,-,-,-,-,-,-,-,-,-,-,-,43.309713,5.630263,-,-
鑫龙家园莲花六号小区位置点,"ZDBZD-JS-2025-002255	","JFZDPT-JS-20260114-03233	",2025-12-01,2025-12-31,"1536129516	","3205104477350	",1.000000,100,100.000000,6245.980000,6320.310000,74.33,74.33,0.7164,74.33,-,-,-,-,-,-,-,-,-,-,-,-,-,-,-,-,-,-,-,-,-,-,47.123904,6.126108,-,-
鑫龙家园莲花六号小区位置点,"ZDBZD-JS-2025-002255	","JFZDPT-JS-20250213-06949	",2023-04-01,2023-04-30,"1534337708	","3205104313087	",1.000000,100,100.000000,2635.560000,2681.020000,45.46,45.46,0.7369,45.46,-,-,-,-,-,-,-,-,-,-,-,-,-,-,-,-,-,-,-,-,-,-,29.65,3.85,-,-
鑫龙家园莲花六号小区位置点,"ZDBZD-JS-2025-002255	","JFZDPT-JS-20250213-06949	",2023-04-01,2023-04-30,"1534339435	","3205104313426	",1.000000,100,100.000000,1834.810000,1867.370000,32.56,32.56,0.7546,32.56,-,-,-,-,-,-,-,-,-,-,-,-,-,-,-,-,-,-,-,-,-,-,21.74,2.83,-,-
鑫龙家园莲花六号小区位置点,"ZDBZD-JS-2025-002255	","JFZDPT-JS-20250213-06949	",2023-04-01,2023-04-30,"1534349171	","3205104313433	",1.000000,100,100.000000,1816.010000,1848.250000,32.24,32.24,0.7388,32.24,-,-,-,-,-,-,-,-,-,-,-,-,-,-,-,-,-,-,-,-,-,-,21.08,2.74,-,-
鑫龙家园莲花六号小区位置点,"ZDBZD-JS-2025-002255	","JFZDPT-JS-20250213-06949	",2023-04-01,2023-04-30,"1554157659	","3205104313437	",1.000000,100,100.000000,1831.630000,1863.720000,32.09,32.09,0.7423,32.09,-,-,-,-,-,-,-,-,-,-,-,-,-,-,-,-,-,-,-,-,-,-,21.08,2.74,-,-
鑫龙家园莲花六号小区位置点,"ZDBZD-JS-2025-002255	","JFZDPT-JS-20250213-06949	",2023-04-01,2023-04-30,"1534339430	","3205104313446	",1.000000,100,100.000000,1749.090000,1781.260000,32.17,32.17,0.7404,32.17,-,-,-,-,-,-,-,-,-,-,-,-,-,-,-,-,-,-,-,-,-,-,21.08,2.74,-,-
鑫龙家园莲花六号小区位置点,"ZDBZD-JS-2025-002255	","JFZDPT-JS-20250213-06949	",2023-04-01,2023-04-30,"1534337522	","3205104313451	",1.000000,100,100.000000,1940.690000,1975.020000,34.33,34.33,0.7373,34.33,-,-,-,-,-,-,-,-,-,-,-,-,-,-,-,-,-,-,-,-,-,-,22.4,2.91,-,-
鑫龙家园莲花六号小区位置点,"ZDBZD-JS-2025-002255	","JFZDPT-JS-20250213-06949	",2023-04-01,2023-04-30,"1528107567	","3205104315707	",1.000000,100,100.000000,2589.340000,2634.280000,44.94,44.94,0.7454,44.94,-,-,-,-,-,-,-,-,-,-,-,-,-,-,-,-,-,-,-,-,-,-,29.65,3.85,-,-
鑫龙家园莲花六号小区位置点,"ZDBZD-JS-2025-002255	","JFZDPT-JS-20250213-06949	",2023-04-01,2023-04-30,"1556867474	","3205104315719	",1.000000,100,100.000000,269.070000,301.520000,32.45,32.45,0.7341,32.45,-,-,-,-,-,-,-,-,-,-,-,-,-,-,-,-,-,-,-,-,-,-,21.08,2.74,-,-
鑫龙家园莲花六号小区位置点,"ZDBZD-JS-2025-002255	","JFZDPT-JS-20250213-06949	",2023-04-01,2023-04-30,"1528102930	","3205104315726	",1.000000,100,100.000000,1867.000000,1899.140000,32.14,32.14,0.7411,32.14,-,-,-,-,-,-,-,-,-,-,-,-,-,-,-,-,-,-,-,-,-,-,21.08,2.74,-,-
鑫龙家园莲花六号小区位置点,"ZDBZD-JS-2025-002255	","JFZDPT-JS-20250213-06949	",2023-04-01,2023-04-30,"1559570474	","3205104353226	",1.000000,100,100.000000,836.180000,1002.350000,166.17,166.17,0.7436,166.17,-,-,-,-,-,-,-,-,-,-,-,-,-,-,-,-,-,-,-,-,-,-,109.35,14.21,-,-
鑫龙家园莲花六号小区位置点,"ZDBZD-JS-2025-002255	","JFZDPT-JS-20250213-06949	",2023-04-01,2023-04-30,"1547726877	","3205104472953	",1.000000,100,100.000000,2741.390000,2811.810000,70.42,70.42,0.74,70.42,-,-,-,-,-,-,-,-,-,-,-,-,-,-,-,-,-,-,-,-,-,-,46.12,5.99,-,-
鑫龙家园莲花六号小区位置点,"ZDBZD-JS-2025-002255	","JFZDPT-JS-20250213-06949	",2023-04-01,2023-04-30,"1547633945	","3205104472957	",1.000000,100,100.000000,3218.810000,3314.720000,95.91,95.91,0.7451,95.91,-,-,-,-,-,-,-,-,-,-,-,-,-,-,-,-,-,-,-,-,-,-,63.24,8.22,-,-
鑫龙家园莲花六号小区位置点,"ZDBZD-JS-2025-002255	","JFZDPT-JS-20250213-06949	",2023-04-01,2023-04-30,"1547633944	","3205104472959	",1.000000,100,100.000000,2693.640000,2762.150000,68.51,68.51,0.7497,68.51,-,-,-,-,-,-,-,-,-,-,-,-,-,-,-,-,-,-,-,-,-,-,45.45,5.91,-,-
鑫龙家园莲花六号小区位置点,"ZDBZD-JS-2025-002255	","JFZDPT-JS-20250213-06949	",2023-04-01,2023-04-30,"1547633946	","3205104472963	",1.000000,100,100.000000,2545.430000,2616.760000,71.33,71.33,0.7409,71.33,-,-,-,-,-,-,-,-,-,-,-,-,-,-,-,-,-,-,-,-,-,-,46.77,6.08,-,-
鑫龙家园莲花六号小区位置点,"ZDBZD-JS-2025-002255	","JFZDPT-JS-20250213-06949	",2023-04-01,2023-04-30,"1547634578	","3205104472970	",1.000000,100,100.000000,2219.430000,2270.880000,51.45,51.45,0.738,51.45,-,-,-,-,-,-,-,-,-,-,-,-,-,-,-,-,-,-,-,-,-,-,33.6,4.37,-,-
鑫龙家园莲花六号小区位置点,"ZDBZD-JS-2025-002255	","JFZDPT-JS-20250213-06949	",2023-04-01,2023-04-30,"1547728488	","3205104474427	",1.000000,100,100.000000,2717.350000,2786.920000,69.57,69.57,0.749,69.57,-,-,-,-,-,-,-,-,-,-,-,-,-,-,-,-,-,-,-,-,-,-,46.12,5.99,-,-
鑫龙家园莲花六号小区位置点,"ZDBZD-JS-2025-002255	","JFZDPT-JS-20250213-06949	",2023-04-01,2023-04-30,"1547719754	","3205104474457	",1.000000,100,100.000000,6847.620000,7006.270000,158.65,158.65,0.746,158.65,-,-,-,-,-,-,-,-,-,-,-,-,-,-,-,-,-,-,-,-,-,-,104.73,13.62,-,-
鑫龙家园莲花六号小区位置点,"ZDBZD-JS-2025-002255	","JFZDPT-JS-20250213-06949	",2023-04-01,2023-04-30,"1547728484	","3205104474463	",1.000000,100,100.000000,2086.570000,2155.370000,68.8,68.8,0.7465,68.8,-,-,-,-,-,-,-,-,-,-,-,-,-,-,-,-,-,-,-,-,-,-,45.45,5.91,-,-
鑫龙家园莲花六号小区位置点,"ZDBZD-JS-2025-002255	","JFZDPT-JS-20250213-06949	",2023-04-01,2023-04-30,"1547719759	","3205104474467	",1.000000,100,100.000000,2842.210000,2911.900000,69.69,69.69,0.7477,69.69,-,-,-,-,-,-,-,-,-,-,-,-,-,-,-,-,-,-,-,-,-,-,46.12,5.99,-,-
鑫龙家园莲花六号小区位置点,"ZDBZD-JS-2025-002255	","JFZDPT-JS-20250213-06949	",2023-04-01,2023-04-30,"1534271368	","3205104476753	",1.000000,100,100.000000,2598.670000,2655.190000,56.52,56.52,0.7507,56.52,-,-,-,-,-,-,-,-,-,-,-,-,-,-,-,-,-,-,-,-,-,-,37.55,4.88,-,-
鑫龙家园莲花六号小区位置点,"ZDBZD-JS-2025-002255	","JFZDPT-JS-20250213-06949	",2023-04-01,2023-04-30,"1542462053	","3205104476756	",1.000000,100,100.000000,2360.140000,2413.870000,53.73,53.73,0.7482,53.73,-,-,-,-,-,-,-,-,-,-,-,-,-,-,-,-,-,-,-,-,-,-,35.58,4.62,-,-
鑫龙家园莲花六号小区位置点,"ZDBZD-JS-2025-002255	","JFZDPT-JS-20250213-06949	",2023-04-01,2023-04-30,"1534365028	","3205104476757	",1.000000,100,100.000000,2704.220000,2764.170000,59.95,59.95,0.745,59.95,-,-,-,-,-,-,-,-,-,-,-,-,-,-,-,-,-,-,-,-,-,-,39.52,5.14,-,-
鑫龙家园莲花六号小区位置点,"ZDBZD-JS-2025-002255	","JFZDPT-JS-20250213-06949	",2023-04-01,2023-04-30,"1535669055	","3205104476759	",1.000000,100,100.000000,3773.850000,3854.020000,80.17,80.17,0.7428,80.17,-,-,-,-,-,-,-,-,-,-,-,-,-,-,-,-,-,-,-,-,-,-,52.7,6.85,-,-
鑫龙家园莲花六号小区位置点,"ZDBZD-JS-2025-002255	","JFZDPT-JS-20250213-06949	",2023-04-01,2023-04-30,"1535960714	","3205104476763	",1.000000,100,100.000000,5877.580000,6009.310000,131.73,131.73,0.7459,131.73,-,-,-,-,-,-,-,-,-,-,-,-,-,-,-,-,-,-,-,-,-,-,86.96,11.3,-,-
鑫龙家园莲花六号小区位置点,"ZDBZD-JS-2025-002255	","JFZDPT-JS-20250213-06949	",2023-04-01,2023-04-30,"1543218796	","3205104476766	",1.000000,100,100.000000,2874.200000,2944.070000,69.87,69.87,0.7458,69.87,-,-,-,-,-,-,-,-,-,-,-,-,-,-,-,-,-,-,-,-,-,-,46.12,5.99,-,-
鑫龙家园莲花六号小区位置点,"ZDBZD-JS-2025-002255	","JFZDPT-JS-20250213-06949	",2023-04-01,2023-04-30,"1539721710	","3205104476768	",1.000000,100,100.000000,2783.760000,2851.090000,67.33,67.33,0.7408,67.33,-,-,-,-,-,-,-,-,-,-,-,-,-,-,-,-,-,-,-,-,-,-,44.14,5.74,-,-
鑫龙家园莲花六号小区位置点,"ZDBZD-JS-2025-002255	","JFZDPT-JS-20250213-06949	",2023-04-01,2023-04-30,"1534340339	","3205104476772	",1.000000,100,100.000000,1931.250000,2000.150000,68.9,68.9,0.7454,68.9,-,-,-,-,-,-,-,-,-,-,-,-,-,-,-,-,-,-,-,-,-,-,45.45,5.91,-,-
鑫龙家园莲花六号小区位置点,"ZDBZD-JS-2025-002255	","JFZDPT-JS-20250213-06949	",2023-04-01,2023-04-30,"1542222948	","3205104476774	",1.000000,100,100.000000,2614.690000,2673.520000,58.83,58.83,0.7466,58.83,-,-,-,-,-,-,-,-,-,-,-,-,-,-,-,-,-,-,-,-,-,-,38.87,5.05,-,-
鑫龙家园莲花六号小区位置点,"ZDBZD-JS-2025-002255	","JFZDPT-JS-20250213-06949	",2023-04-01,2023-04-30,"1536674431	","3205104477226	",1.000000,100,100.000000,3114.470000,3188.930000,74.46,74.46,0.7399,74.46,-,-,-,-,-,-,-,-,-,-,-,-,-,-,-,-,-,-,-,-,-,-,48.75,6.34,-,-
鑫龙家园莲花六号小区位置点,"ZDBZD-JS-2025-002255	","JFZDPT-JS-20250213-06949	",2023-04-01,2023-04-30,"1536129515	","3205104477228	",1.000000,100,100.000000,2820.310000,2889.830000,69.52,69.52,0.7496,69.52,-,-,-,-,-,-,-,-,-,-,-,-,-,-,-,-,-,-,-,-,-,-,46.12,5.99,-,-
鑫龙家园莲花六号小区位置点,"ZDBZD-JS-2025-002255	","JFZDPT-JS-20250213-06949	",2023-04-01,2023-04-30,"1539373623	","3205104477230	",1.000000,100,100.000000,2729.200000,2787.570000,58.37,58.37,0.7398,58.37,-,-,-,-,-,-,-,-,-,-,-,-,-,-,-,-,-,-,-,-,-,-,38.21,4.97,-,-
鑫龙家园莲花六号小区位置点,"ZDBZD-JS-2025-002255	","JFZDPT-JS-20250213-06949	",2023-04-01,2023-04-30,"1543105444	","3205104477232	",1.000000,100,100.000000,2358.290000,2401.770000,43.48,43.48,0.7362,43.48,-,-,-,-,-,-,-,-,-,-,-,-,-,-,-,-,-,-,-,-,-,-,28.33,3.68,-,-
鑫龙家园莲花六号小区位置点,"ZDBZD-JS-2025-002255	","JFZDPT-JS-20250213-06949	",2023-04-01,2023-04-30,"1544951755	","3205104477235	",1.000000,100,100.000000,2832.620000,2902.550000,69.93,69.93,0.7452,69.93,-,-,-,-,-,-,-,-,-,-,-,-,-,-,-,-,-,-,-,-,-,-,46.12,5.99,-,-
鑫龙家园莲花六号小区位置点,"ZDBZD-JS-2025-002255	","JFZDPT-JS-20250213-06949	",2023-04-01,2023-04-30,"1544684094	","3205104477238	",1.000000,100,100.000000,2779.160000,2846.900000,67.74,67.74,0.7473,67.74,-,-,-,-,-,-,-,-,-,-,-,-,-,-,-,-,-,-,-,-,-,-,44.8,5.82,-,-
鑫龙家园莲花六号小区位置点,"ZDBZD-JS-2025-002255	","JFZDPT-JS-20250213-06949	",2023-04-01,2023-04-30,"1539602549	","3205104477339	",1.000000,100,100.000000,2905.020000,2975.230000,70.21,70.21,0.7422,70.21,-,-,-,-,-,-,-,-,-,-,-,-,-,-,-,-,-,-,-,-,-,-,46.12,5.99,-,-
鑫龙家园莲花六号小区位置点,"ZDBZD-JS-2025-002255	","JFZDPT-JS-20250213-06949	",2023-04-01,2023-04-30,"1546160843	","3205104477340	",1.000000,100,100.000000,2867.210000,2936.590000,69.38,69.38,0.7403,69.38,-,-,-,-,-,-,-,-,-,-,-,-,-,-,-,-,-,-,-,-,-,-,45.45,5.91,-,-
鑫龙家园莲花六号小区位置点,"ZDBZD-JS-2025-002255	","JFZDPT-JS-20250213-06949	",2023-04-01,2023-04-30,"1546168926	","3205104477341	",1.000000,100,100.000000,3295.640000,3376.180000,80.54,80.54,0.7487,80.54,-,-,-,-,-,-,-,-,-,-,-,-,-,-,-,-,-,-,-,-,-,-,53.36,6.94,-,-
鑫龙家园莲花六号小区位置点,"ZDBZD-JS-2025-002255	","JFZDPT-JS-20250213-06949	",2023-04-01,2023-04-30,"1542466276	","3205104477344	",1.000000,100,100.000000,2413.230000,2479.670000,66.44,66.44,0.7395,66.44,-,-,-,-,-,-,-,-,-,-,-,-,-,-,-,-,-,-,-,-,-,-,43.48,5.65,-,-
鑫龙家园莲花六号小区位置点,"ZDBZD-JS-2025-002255	","JFZDPT-JS-20250213-06949	",2023-04-01,2023-04-30,"1536129516	","3205104477350	",1.000000,100,100.000000,3528.250000,3577.300000,49.05,49.05,0.7437,49.05,-,-,-,-,-,-,-,-,-,-,-,-,-,-,-,-,-,-,-,-,-,-,32.28,4.2,-,-
鑫龙家园莲花六号小区位置点,"ZDBZD-JS-2025-002255	","JFZDPT-JS-20250210-08368	",2021-07-01,2021-07-31,"1534337708	","3205104313087	",1.000000,100,100.000000,1650.940000,1698.600000,47.66,47.66,0.6383,47.66,-,-,-,-,-,-,-,-,-,-,-,-,-,-,-,-,-,-,-,-,-,-,26.92,3.5,-,-
鑫龙家园莲花六号小区位置点,"ZDBZD-JS-2025-002255	","JFZDPT-JS-20250210-08368	",2021-07-01,2021-07-31,"1534339435	","3205104313426	",1.000000,100,100.000000,1143.080000,1176.880000,33.8,33.8,0.6376,33.8,-,-,-,-,-,-,-,-,-,-,-,-,-,-,-,-,-,-,-,-,-,-,19.07,2.48,-,-
鑫龙家园莲花六号小区位置点,"ZDBZD-JS-2025-002255	","JFZDPT-JS-20250210-08368	",2021-07-01,2021-07-31,"1534349171	","3205104313433	",1.000000,100,100.000000,1134.000000,1167.110000,33.11,33.11,0.6315,33.11,-,-,-,-,-,-,-,-,-,-,-,-,-,-,-,-,-,-,-,-,-,-,18.5,2.41,-,-
鑫龙家园莲花六号小区位置点,"ZDBZD-JS-2025-002255	","JFZDPT-JS-20250210-08368	",2021-07-01,2021-07-31,"1554157659	","3205104313437	",1.000000,100,100.000000,1147.110000,1180.540000,33.43,33.43,0.6255,33.43,-,-,-,-,-,-,-,-,-,-,-,-,-,-,-,-,-,-,-,-,-,-,18.5,2.41,-,-
鑫龙家园莲花六号小区位置点,"ZDBZD-JS-2025-002255	","JFZDPT-JS-20250210-08368	",2021-07-01,2021-07-31,"1534339430	","3205104313446	",1.000000,100,100.000000,1060.850000,1094.710000,33.86,33.86,0.6364,33.86,-,-,-,-,-,-,-,-,-,-,-,-,-,-,-,-,-,-,-,-,-,-,19.07,2.48,-,-
鑫龙家园莲花六号小区位置点,"ZDBZD-JS-2025-002255	","JFZDPT-JS-20250210-08368	",2021-07-01,2021-07-31,"1534337522	","3205104313451	",1.000000,100,100.000000,1216.940000,1251.300000,34.36,34.36,0.6272,34.36,-,-,-,-,-,-,-,-,-,-,-,-,-,-,-,-,-,-,-,-,-,-,19.07,2.48,-,-
鑫龙家园莲花六号小区位置点,"ZDBZD-JS-2025-002255	","JFZDPT-JS-20250210-08368	",2021-07-01,2021-07-31,"1528107567	","3205104315707	",1.000000,100,100.000000,1625.050000,1671.880000,46.83,46.83,0.6359,46.83,-,-,-,-,-,-,-,-,-,-,-,-,-,-,-,-,-,-,-,-,-,-,26.35,3.43,-,-
鑫龙家园莲花六号小区位置点,"ZDBZD-JS-2025-002255	","JFZDPT-JS-20250210-08368	",2021-07-01,2021-07-31,"1556867474	","3205104315719	",1.000000,100,100.000000,1199.040000,1232.590000,33.55,33.55,0.6423,33.55,-,-,-,-,-,-,-,-,-,-,-,-,-,-,-,-,-,-,-,-,-,-,19.07,2.48,-,-
鑫龙家园莲花六号小区位置点,"ZDBZD-JS-2025-002255	","JFZDPT-JS-20250210-08368	",2021-07-01,2021-07-31,"1528102930	","3205104315726	",1.000000,100,100.000000,1165.060000,1200.310000,35.25,35.25,0.6289,35.25,-,-,-,-,-,-,-,-,-,-,-,-,-,-,-,-,-,-,-,-,-,-,19.62,2.55,-,-
鑫龙家园莲花六号小区位置点,"ZDBZD-JS-2025-002255	","JFZDPT-JS-20250210-08368	",2021-07-01,2021-07-31,"1559570474	","3205104353226	",1.000000,100,100.000000,3873.800000,4042.610000,168.81,168.81,0.6344,168.81,-,-,-,-,-,-,-,-,-,-,-,-,-,-,-,-,-,-,-,-,-,-,94.77,12.32,-,-
鑫龙家园莲花六号小区位置点,"ZDBZD-JS-2025-002255	","JFZDPT-JS-20250210-08368	",2021-07-01,2021-07-31,"1547726877	","3205104472953	",1.000000,100,100.000000,1240.410000,1313.420000,73.01,73.01,0.6336,73.01,-,-,-,-,-,-,-,-,-,-,-,-,-,-,-,-,-,-,-,-,-,-,40.94,5.32,-,-
鑫龙家园莲花六号小区位置点,"ZDBZD-JS-2025-002255	","JFZDPT-JS-20250210-08368	",2021-07-01,2021-07-31,"1547633945	","3205104472957	",1.000000,100,100.000000,1659.600000,1734.840000,75.24,75.24,0.6317,75.24,-,-,-,-,-,-,-,-,-,-,-,-,-,-,-,-,-,-,-,-,-,-,42.06,5.47,-,-
鑫龙家园莲花六号小区位置点,"ZDBZD-JS-2025-002255	","JFZDPT-JS-20250210-08368	",2021-07-01,2021-07-31,"1547633944	","3205104472959	",1.000000,100,100.000000,1229.130000,1300.660000,71.53,71.53,0.6378,71.53,-,-,-,-,-,-,-,-,-,-,-,-,-,-,-,-,-,-,-,-,-,-,40.37,5.25,-,-
鑫龙家园莲花六号小区位置点,"ZDBZD-JS-2025-002255	","JFZDPT-JS-20250210-08368	",2021-07-01,2021-07-31,"1547633946	","3205104472963	",1.000000,100,100.000000,1074.630000,1129.700000,55.07,55.07,0.6328,55.07,-,-,-,-,-,-,-,-,-,-,-,-,-,-,-,-,-,-,-,-,-,-,30.84,4.01,-,-
鑫龙家园莲花六号小区位置点,"ZDBZD-JS-2025-002255	","JFZDPT-JS-20250210-08368	",2021-07-01,2021-07-31,"1547634578	","3205104472970	",1.000000,100,100.000000,1122.880000,1176.360000,53.48,53.48,0.6281,53.48,-,-,-,-,-,-,-,-,-,-,-,-,-,-,-,-,-,-,-,-,-,-,29.73,3.86,-,-
鑫龙家园莲花六号小区位置点,"ZDBZD-JS-2025-002255	","JFZDPT-JS-20250210-08368	",2021-07-01,2021-07-31,"1547728488	","3205104474427	",1.000000,100,100.000000,1231.260000,1303.360000,72.1,72.1,0.6327,72.1,-,-,-,-,-,-,-,-,-,-,-,-,-,-,-,-,-,-,-,-,-,-,40.37,5.25,-,-
鑫龙家园莲花六号小区位置点,"ZDBZD-JS-2025-002255	","JFZDPT-JS-20250210-08368	",2021-07-01,2021-07-31,"1547719754	","3205104474457	",1.000000,100,100.000000,3258.850000,3440.170000,181.32,181.32,0.6326,181.32,-,-,-,-,-,-,-,-,-,-,-,-,-,-,-,-,-,-,-,-,-,-,101.5,13.2,-,-
鑫龙家园莲花六号小区位置点,"ZDBZD-JS-2025-002255	","JFZDPT-JS-20250210-08368	",2021-07-01,2021-07-31,"1547728484	","3205104474463	",1.000000,100,100.000000,1235.260000,1308.610000,73.35,73.35,0.6307,73.35,-,-,-,-,-,-,-,-,-,-,-,-,-,-,-,-,-,-,-,-,-,-,40.94,5.32,-,-
鑫龙家园莲花六号小区位置点,"ZDBZD-JS-2025-002255	","JFZDPT-JS-20250210-08368	",2021-07-01,2021-07-31,"1547719759	","3205104474467	",1.000000,100,100.000000,1351.780000,1424.310000,72.53,72.53,0.6378,72.53,-,-,-,-,-,-,-,-,-,-,-,-,-,-,-,-,-,-,-,-,-,-,40.94,5.32,-,-
鑫龙家园莲花六号小区位置点,"ZDBZD-JS-2025-002255	","JFZDPT-JS-20250210-08368	",2021-07-01,2021-07-31,"1534271368	","3205104476753	",1.000000,100,100.000000,1185.330000,1255.920000,70.59,70.59,0.6373,70.59,-,-,-,-,-,-,-,-,-,-,-,-,-,-,-,-,-,-,-,-,-,-,39.81,5.18,-,-
鑫龙家园莲花六号小区位置点,"ZDBZD-JS-2025-002255	","JFZDPT-JS-20250210-08368	",2021-07-01,2021-07-31,"1542462053	","3205104476756	",1.000000,100,100.000000,1208.580000,1264.320000,55.74,55.74,0.6367,55.74,-,-,-,-,-,-,-,-,-,-,-,-,-,-,-,-,-,-,-,-,-,-,31.41,4.08,-,-
鑫龙家园莲花六号小区位置点,"ZDBZD-JS-2025-002255	","JFZDPT-JS-20250210-08368	",2021-07-01,2021-07-31,"1534365028	","3205104476757	",1.000000,100,100.000000,1214.950000,1289.190000,74.24,74.24,0.6316,74.24,-,-,-,-,-,-,-,-,-,-,-,-,-,-,-,-,-,-,-,-,-,-,41.5,5.39,-,-
鑫龙家园莲花六号小区位置点,"ZDBZD-JS-2025-002255	","JFZDPT-JS-20250210-08368	",2021-07-01,2021-07-31,"1535669055	","3205104476759	",1.000000,100,100.000000,1742.770000,1844.380000,101.61,101.61,0.6361,101.61,-,-,-,-,-,-,-,-,-,-,-,-,-,-,-,-,-,-,-,-,-,-,57.19,7.44,-,-
鑫龙家园莲花六号小区位置点,"ZDBZD-JS-2025-002255	","JFZDPT-JS-20250210-08368	",2021-07-01,2021-07-31,"1535960714	","3205104476763	",1.000000,100,100.000000,2837.340000,2985.490000,148.15,148.15,0.6331,148.15,-,-,-,-,-,-,-,-,-,-,-,-,-,-,-,-,-,-,-,-,-,-,83,10.79,-,-
鑫龙家园莲花六号小区位置点,"ZDBZD-JS-2025-002255	","JFZDPT-JS-20250210-08368	",2021-07-01,2021-07-31,"1543218796	","3205104476766	",1.000000,100,100.000000,1376.590000,1449.290000,72.7,72.7,0.6363,72.7,-,-,-,-,-,-,-,-,-,-,-,-,-,-,-,-,-,-,-,-,-,-,40.94,5.32,-,-
鑫龙家园莲花六号小区位置点,"ZDBZD-JS-2025-002255	","JFZDPT-JS-20250210-08368	",2021-07-01,2021-07-31,"1539721710	","3205104476768	",1.000000,100,100.000000,1342.100000,1412.340000,70.24,70.24,0.6315,70.24,-,-,-,-,-,-,-,-,-,-,-,-,-,-,-,-,-,-,-,-,-,-,39.26,5.1,-,-
鑫龙家园莲花六号小区位置点,"ZDBZD-JS-2025-002255	","JFZDPT-JS-20250210-08368	",2021-07-01,2021-07-31,"1534340339	","3205104476772	",1.000000,100,100.000000,939.430000,986.990000,47.56,47.56,0.6396,47.56,-,-,-,-,-,-,-,-,-,-,-,-,-,-,-,-,-,-,-,-,-,-,26.92,3.5,-,-
鑫龙家园莲花六号小区位置点,"ZDBZD-JS-2025-002255	","JFZDPT-JS-20250210-08368	",2021-07-01,2021-07-31,"1542222948	","3205104476774	",1.000000,100,100.000000,1237.210000,1309.660000,72.45,72.45,0.6297,72.45,-,-,-,-,-,-,-,-,-,-,-,-,-,-,-,-,-,-,-,-,-,-,40.37,5.25,-,-
鑫龙家园莲花六号小区位置点,"ZDBZD-JS-2025-002255	","JFZDPT-JS-20250210-08368	",2021-07-01,2021-07-31,"1536674431	","3205104477226	",1.000000,100,100.000000,1521.700000,1599.400000,77.7,77.7,0.6362,77.7,-,-,-,-,-,-,-,-,-,-,-,-,-,-,-,-,-,-,-,-,-,-,43.74,5.69,-,-
鑫龙家园莲花六号小区位置点,"ZDBZD-JS-2025-002255	","JFZDPT-JS-20250210-08368	",2021-07-01,2021-07-31,"1536129515	","3205104477228	",1.000000,100,100.000000,1335.740000,1408.120000,72.38,72.38,0.6303,72.38,-,-,-,-,-,-,-,-,-,-,-,-,-,-,-,-,-,-,-,-,-,-,40.37,5.25,-,-
鑫龙家园莲花六号小区位置点,"ZDBZD-JS-2025-002255	","JFZDPT-JS-20250210-08368	",2021-07-01,2021-07-31,"1539373623	","3205104477230	",1.000000,100,100.000000,1259.340000,1332.560000,73.22,73.22,0.6318,73.22,-,-,-,-,-,-,-,-,-,-,-,-,-,-,-,-,-,-,-,-,-,-,40.94,5.32,-,-
鑫龙家园莲花六号小区位置点,"ZDBZD-JS-2025-002255	","JFZDPT-JS-20250210-08368	",2021-07-01,2021-07-31,"1543105444	","3205104477232	",1.000000,100,100.000000,1352.140000,1424.560000,72.42,72.42,0.6299,72.42,-,-,-,-,-,-,-,-,-,-,-,-,-,-,-,-,-,-,-,-,-,-,40.37,5.25,-,-
鑫龙家园莲花六号小区位置点,"ZDBZD-JS-2025-002255	","JFZDPT-JS-20250210-08368	",2021-07-01,2021-07-31,"1544951755	","3205104477235	",1.000000,100,100.000000,1336.990000,1409.530000,72.54,72.54,0.6377,72.54,-,-,-,-,-,-,-,-,-,-,-,-,-,-,-,-,-,-,-,-,-,-,40.94,5.32,-,-
鑫龙家园莲花六号小区位置点,"ZDBZD-JS-2025-002255	","JFZDPT-JS-20250210-08368	",2021-07-01,2021-07-31,"1544684094	","3205104477238	",1.000000,100,100.000000,1325.710000,1396.570000,70.86,70.86,0.6349,70.86,-,-,-,-,-,-,-,-,-,-,-,-,-,-,-,-,-,-,-,-,-,-,39.81,5.18,-,-
鑫龙家园莲花六号小区位置点,"ZDBZD-JS-2025-002255	","JFZDPT-JS-20250210-08368	",2021-07-01,2021-07-31,"1539602549	","3205104477339	",1.000000,100,100.000000,1389.570000,1463.580000,74.01,74.01,0.6336,74.01,-,-,-,-,-,-,-,-,-,-,-,-,-,-,-,-,-,-,-,-,-,-,41.5,5.39,-,-
鑫龙家园莲花六号小区位置点,"ZDBZD-JS-2025-002255	","JFZDPT-JS-20250210-08368	",2021-07-01,2021-07-31,"1546160843	","3205104477340	",1.000000,100,100.000000,1371.530000,1444.030000,72.5,72.5,0.6381,72.5,-,-,-,-,-,-,-,-,-,-,-,-,-,-,-,-,-,-,-,-,-,-,40.94,5.32,-,-
鑫龙家园莲花六号小区位置点,"ZDBZD-JS-2025-002255	","JFZDPT-JS-20250210-08368	",2021-07-01,2021-07-31,"1546168926	","3205104477341	",1.000000,100,100.000000,1575.790000,1660.170000,84.38,84.38,0.6308,84.38,-,-,-,-,-,-,-,-,-,-,-,-,-,-,-,-,-,-,-,-,-,-,47.11,6.12,-,-
鑫龙家园莲花六号小区位置点,"ZDBZD-JS-2025-002255	","JFZDPT-JS-20250210-08368	",2021-07-01,2021-07-31,"1542466276	","3205104477344	",1.000000,100,100.000000,985.190000,1054.580000,69.39,69.39,0.6301,69.39,-,-,-,-,-,-,-,-,-,-,-,-,-,-,-,-,-,-,-,-,-,-,38.69,5.03,-,-
鑫龙家园莲花六号小区位置点,"ZDBZD-JS-2025-002255	","JFZDPT-JS-20250210-08368	",2021-07-01,2021-07-31,"1536129516	","3205104477350	",1.000000,100,100.000000,1632.400000,1740.320000,107.92,107.92,0.6342,107.92,-,-,-,-,-,-,-,-,-,-,-,-,-,-,-,-,-,-,-,-,-,-,60.57,7.87,-,-
鑫龙家园莲花六号小区位置点,"ZDBZD-JS-2025-002255	","JFZDPT-JS-20250210-09396	",2021-11-01,2021-11-30,"1534337708	","3205104313087	",1.000000,100,100.000000,1840.100000,1885.940000,45.84,45.84,0.7262,45.84,-,-,-,-,-,-,-,-,-,-,-,-,-,-,-,-,-,-,-,-,-,-,29.46,3.83,-,-
鑫龙家园莲花六号小区位置点,"ZDBZD-JS-2025-002255	","JFZDPT-JS-20250210-09396	",2021-11-01,2021-11-30,"1534339435	","3205104313426	",1.000000,100,100.000000,1276.320000,1308.030000,31.71,31.71,0.7304,31.71,-,-,-,-,-,-,-,-,-,-,-,-,-,-,-,-,-,-,-,-,-,-,20.5,2.66,-,-
鑫龙家园莲花六号小区位置点,"ZDBZD-JS-2025-002255	","JFZDPT-JS-20250210-09396	",2021-11-01,2021-11-30,"1534349171	","3205104313433	",1.000000,100,100.000000,1265.100000,1296.890000,31.79,31.79,0.7285,31.79,-,-,-,-,-,-,-,-,-,-,-,-,-,-,-,-,-,-,-,-,-,-,20.5,2.66,-,-
鑫龙家园莲花六号小区位置点,"ZDBZD-JS-2025-002255	","JFZDPT-JS-20250210-09396	",2021-11-01,2021-11-30,"1554157659	","3205104313437	",1.000000,100,100.000000,1279.460000,1311.040000,31.58,31.58,0.7334,31.58,-,-,-,-,-,-,-,-,-,-,-,-,-,-,-,-,-,-,-,-,-,-,20.5,2.66,-,-
鑫龙家园莲花六号小区位置点,"ZDBZD-JS-2025-002255	","JFZDPT-JS-20250210-09396	",2021-11-01,2021-11-30,"1534339430	","3205104313446	",1.000000,100,100.000000,1194.410000,1226.370000,31.96,31.96,0.7247,31.96,-,-,-,-,-,-,-,-,-,-,-,-,-,-,-,-,-,-,-,-,-,-,20.5,2.66,-,-
鑫龙家园莲花六号小区位置点,"ZDBZD-JS-2025-002255	","JFZDPT-JS-20250210-09396	",2021-11-01,2021-11-30,"1534337522	","3205104313451	",1.000000,100,100.000000,1353.200000,1385.830000,32.63,32.63,0.7318,32.63,-,-,-,-,-,-,-,-,-,-,-,-,-,-,-,-,-,-,-,-,-,-,21.13,2.75,-,-
鑫龙家园莲花六号小区位置点,"ZDBZD-JS-2025-002255	","JFZDPT-JS-20250210-09396	",2021-11-01,2021-11-30,"1528107567	","3205104315707	",1.000000,100,100.000000,1810.730000,1856.040000,45.31,45.31,0.7188,45.31,-,-,-,-,-,-,-,-,-,-,-,-,-,-,-,-,-,-,-,-,-,-,28.82,3.75,-,-
鑫龙家园莲花六号小区位置点,"ZDBZD-JS-2025-002255	","JFZDPT-JS-20250210-09396	",2021-11-01,2021-11-30,"1556867474	","3205104315719	",1.000000,100,100.000000,1330.840000,1361.190000,30.35,30.35,0.7153,30.35,-,-,-,-,-,-,-,-,-,-,-,-,-,-,-,-,-,-,-,-,-,-,19.21,2.5,-,-
鑫龙家园莲花六号小区位置点,"ZDBZD-JS-2025-002255	","JFZDPT-JS-20250210-09396	",2021-11-01,2021-11-30,"1528102930	","3205104315726	",1.000000,100,100.000000,1304.480000,1336.880000,32.4,32.4,0.7148,32.4,-,-,-,-,-,-,-,-,-,-,-,-,-,-,-,-,-,-,-,-,-,-,20.5,2.66,-,-
鑫龙家园莲花六号小区位置点,"ZDBZD-JS-2025-002255	","JFZDPT-JS-20250210-09396	",2021-11-01,2021-11-30,"1559570474	","3205104353226	",1.000000,100,100.000000,4510.610000,304.790000,99995794.18,"99,995,794.18",0.724,99995794.18,-,-,-,-,-,-,-,-,-,-,-,-,-,-,-,-,-,-,-,-,-,-,64068101.76,8328853.23,-,-
鑫龙家园莲花六号小区位置点,"ZDBZD-JS-2025-002255	","JFZDPT-JS-20250210-09396	",2021-11-01,2021-11-30,"1547726877	","3205104472953	",1.000000,100,100.000000,1529.970000,1600.210000,70.24,70.24,0.7212,70.24,-,-,-,-,-,-,-,-,-,-,-,-,-,-,-,-,-,-,-,-,-,-,44.83,5.83,-,-
鑫龙家园莲花六号小区位置点,"ZDBZD-JS-2025-002255	","JFZDPT-JS-20250210-09396	",2021-11-01,2021-11-30,"1547633945	","3205104472957	",1.000000,100,100.000000,1957.810000,2030.080000,72.27,72.27,0.721,72.27,-,-,-,-,-,-,-,-,-,-,-,-,-,-,-,-,-,-,-,-,-,-,46.12,5.99,-,-
鑫龙家园莲花六号小区位置点,"ZDBZD-JS-2025-002255	","JFZDPT-JS-20250210-09396	",2021-11-01,2021-11-30,"1547633944	","3205104472959	",1.000000,100,100.000000,1512.410000,1580.910000,68.5,68.5,0.7291,68.5,-,-,-,-,-,-,-,-,-,-,-,-,-,-,-,-,-,-,-,-,-,-,44.19,5.75,-,-
鑫龙家园莲花六号小区位置点,"ZDBZD-JS-2025-002255	","JFZDPT-JS-20250210-09396	",2021-11-01,2021-11-30,"1547633946	","3205104472963	",1.000000,100,100.000000,1314.970000,1386.440000,71.47,71.47,0.7189,71.47,-,-,-,-,-,-,-,-,-,-,-,-,-,-,-,-,-,-,-,-,-,-,45.47,5.91,-,-
鑫龙家园莲花六号小区位置点,"ZDBZD-JS-2025-002255	","JFZDPT-JS-20250210-09396	",2021-11-01,2021-11-30,"1547634578	","3205104472970	",1.000000,100,100.000000,1334.990000,1386.380000,51.39,51.39,0.7182,51.39,-,-,-,-,-,-,-,-,-,-,-,-,-,-,-,-,-,-,-,-,-,-,32.66,4.25,-,-
鑫龙家园莲花六号小区位置点,"ZDBZD-JS-2025-002255	","JFZDPT-JS-20250210-09396	",2021-11-01,2021-11-30,"1547728488	","3205104474427	",1.000000,100,100.000000,1517.220000,1586.860000,69.64,69.64,0.7275,69.64,-,-,-,-,-,-,-,-,-,-,-,-,-,-,-,-,-,-,-,-,-,-,44.83,5.83,-,-
鑫龙家园莲花六号小区位置点,"ZDBZD-JS-2025-002255	","JFZDPT-JS-20250210-09396	",2021-11-01,2021-11-30,"1547719754	","3205104474457	",1.000000,100,100.000000,3976.200000,4150.840000,174.64,174.64,0.7252,174.64,-,-,-,-,-,-,-,-,-,-,-,-,-,-,-,-,-,-,-,-,-,-,112.08,14.57,-,-
鑫龙家园莲花六号小区位置点,"ZDBZD-JS-2025-002255	","JFZDPT-JS-20250210-09396	",2021-11-01,2021-11-30,"1547728484	","3205104474463	",1.000000,100,100.000000,1525.880000,1596.300000,70.42,70.42,0.7194,70.42,-,-,-,-,-,-,-,-,-,-,-,-,-,-,-,-,-,-,-,-,-,-,44.83,5.83,-,-
鑫龙家园莲花六号小区位置点,"ZDBZD-JS-2025-002255	","JFZDPT-JS-20250210-09396	",2021-11-01,2021-11-30,"1547719759	","3205104474467	",1.000000,100,100.000000,1639.300000,1709.110000,69.81,69.81,0.7257,69.81,-,-,-,-,-,-,-,-,-,-,-,-,-,-,-,-,-,-,-,-,-,-,44.83,5.83,-,-
鑫龙家园莲花六号小区位置点,"ZDBZD-JS-2025-002255	","JFZDPT-JS-20250210-09396	",2021-11-01,2021-11-30,"1534271368	","3205104476753	",1.000000,100,100.000000,1465.080000,1532.700000,67.62,67.62,0.7277,67.62,-,-,-,-,-,-,-,-,-,-,-,-,-,-,-,-,-,-,-,-,-,-,43.55,5.66,-,-
鑫龙家园莲花六号小区位置点,"ZDBZD-JS-2025-002255	","JFZDPT-JS-20250210-09396	",2021-11-01,2021-11-30,"1542462053	","3205104476756	",1.000000,100,100.000000,1429.750000,1483.710000,53.96,53.96,0.7242,53.96,-,-,-,-,-,-,-,-,-,-,-,-,-,-,-,-,-,-,-,-,-,-,34.58,4.5,-,-
鑫龙家园莲花六号小区位置点,"ZDBZD-JS-2025-002255	","JFZDPT-JS-20250210-09396	",2021-11-01,2021-11-30,"1534365028	","3205104476757	",1.000000,100,100.000000,1508.980000,1580.200000,71.22,71.22,0.7214,71.22,-,-,-,-,-,-,-,-,-,-,-,-,-,-,-,-,-,-,-,-,-,-,45.47,5.91,-,-
鑫龙家园莲花六号小区位置点,"ZDBZD-JS-2025-002255	","JFZDPT-JS-20250210-09396	",2021-11-01,2021-11-30,"1535669055	","3205104476759	",1.000000,100,100.000000,2145.320000,2242.660000,97.34,97.34,0.7212,97.34,-,-,-,-,-,-,-,-,-,-,-,-,-,-,-,-,-,-,-,-,-,-,62.12,8.08,-,-
鑫龙家园莲花六号小区位置点,"ZDBZD-JS-2025-002255	","JFZDPT-JS-20250210-09396	",2021-11-01,2021-11-30,"1535960714	","3205104476763	",1.000000,100,100.000000,3432.880000,3578.440000,145.56,145.56,0.7259,145.56,-,-,-,-,-,-,-,-,-,-,-,-,-,-,-,-,-,-,-,-,-,-,93.5,12.16,-,-
鑫龙家园莲花六号小区位置点,"ZDBZD-JS-2025-002255	","JFZDPT-JS-20250210-09396	",2021-11-01,2021-11-30,"1543218796	","3205104476766	",1.000000,100,100.000000,1664.960000,1735.020000,70.06,70.06,0.7231,70.06,-,-,-,-,-,-,-,-,-,-,-,-,-,-,-,-,-,-,-,-,-,-,44.83,5.83,-,-
鑫龙家园莲花六号小区位置点,"ZDBZD-JS-2025-002255	","JFZDPT-JS-20250210-09396	",2021-11-01,2021-11-30,"1539721710	","3205104476768	",1.000000,100,100.000000,1620.310000,1687.620000,67.31,67.31,0.7204,67.31,-,-,-,-,-,-,-,-,-,-,-,-,-,-,-,-,-,-,-,-,-,-,42.91,5.58,-,-
鑫龙家园莲花六号小区位置点,"ZDBZD-JS-2025-002255	","JFZDPT-JS-20250210-09396	",2021-11-01,2021-11-30,"1534340339	","3205104476772	",1.000000,100,100.000000,1128.160000,1173.980000,45.82,45.82,0.7265,45.82,-,-,-,-,-,-,-,-,-,-,-,-,-,-,-,-,-,-,-,-,-,-,29.46,3.83,-,-
鑫龙家园莲花六号小区位置点,"ZDBZD-JS-2025-002255	","JFZDPT-JS-20250210-09396	",2021-11-01,2021-11-30,"1542222948	","3205104476774	",1.000000,100,100.000000,1524.580000,1594.420000,69.84,69.84,0.7254,69.84,-,-,-,-,-,-,-,-,-,-,-,-,-,-,-,-,-,-,-,-,-,-,44.83,5.83,-,-
鑫龙家园莲花六号小区位置点,"ZDBZD-JS-2025-002255	","JFZDPT-JS-20250210-09396	",2021-11-01,2021-11-30,"1536674431	","3205104477226	",1.000000,100,100.000000,1829.600000,1904.030000,74.43,74.43,0.7195,74.43,-,-,-,-,-,-,-,-,-,-,-,-,-,-,-,-,-,-,-,-,-,-,47.39,6.16,-,-
鑫龙家园莲花六号小区位置点,"ZDBZD-JS-2025-002255	","JFZDPT-JS-20250210-09396	",2021-11-01,2021-11-30,"1536129515	","3205104477228	",1.000000,100,100.000000,1622.640000,1692.210000,69.57,69.57,0.7282,69.57,-,-,-,-,-,-,-,-,-,-,-,-,-,-,-,-,-,-,-,-,-,-,44.83,5.83,-,-
鑫龙家园莲花六号小区位置点,"ZDBZD-JS-2025-002255	","JFZDPT-JS-20250210-09396	",2021-11-01,2021-11-30,"1539373623	","3205104477230	",1.000000,100,100.000000,1549.700000,1620.190000,70.49,70.49,0.7187,70.49,-,-,-,-,-,-,-,-,-,-,-,-,-,-,-,-,-,-,-,-,-,-,44.83,5.83,-,-
鑫龙家园莲花六号小区位置点,"ZDBZD-JS-2025-002255	","JFZDPT-JS-20250210-09396	",2021-11-01,2021-11-30,"1543105444	","3205104477232	",1.000000,100,100.000000,1608.590000,1652.160000,43.57,43.57,0.7308,43.57,-,-,-,-,-,-,-,-,-,-,-,-,-,-,-,-,-,-,-,-,-,-,28.18,3.66,-,-
鑫龙家园莲花六号小区位置点,"ZDBZD-JS-2025-002255	","JFZDPT-JS-20250210-09396	",2021-11-01,2021-11-30,"1544951755	","3205104477235	",1.000000,100,100.000000,1624.810000,1694.970000,70.16,70.16,0.7221,70.16,-,-,-,-,-,-,-,-,-,-,-,-,-,-,-,-,-,-,-,-,-,-,44.83,5.83,-,-
鑫龙家园莲花六号小区位置点,"ZDBZD-JS-2025-002255	","JFZDPT-JS-20250210-09396	",2021-11-01,2021-11-30,"1544684094	","3205104477238	",1.000000,100,100.000000,1607.220000,1674.550000,67.33,67.33,0.7202,67.33,-,-,-,-,-,-,-,-,-,-,-,-,-,-,-,-,-,-,-,-,-,-,42.91,5.58,-,-
鑫龙家园莲花六号小区位置点,"ZDBZD-JS-2025-002255	","JFZDPT-JS-20250210-09396	",2021-11-01,2021-11-30,"1539602549	","3205104477339	",1.000000,100,100.000000,1683.380000,1753.610000,70.23,70.23,0.7213,70.23,-,-,-,-,-,-,-,-,-,-,-,-,-,-,-,-,-,-,-,-,-,-,44.83,5.83,-,-
鑫龙家园莲花六号小区位置点,"ZDBZD-JS-2025-002255	","JFZDPT-JS-20250210-09396	",2021-11-01,2021-11-30,"1546160843	","3205104477340	",1.000000,100,100.000000,1659.760000,1729.000000,69.24,69.24,0.7213,69.24,-,-,-,-,-,-,-,-,-,-,-,-,-,-,-,-,-,-,-,-,-,-,44.19,5.75,-,-
鑫龙家园莲花六号小区位置点,"ZDBZD-JS-2025-002255	","JFZDPT-JS-20250210-09396	",2021-11-01,2021-11-30,"1546168926	","3205104477341	",1.000000,100,100.000000,1910.850000,1990.790000,79.94,79.94,0.7243,79.94,-,-,-,-,-,-,-,-,-,-,-,-,-,-,-,-,-,-,-,-,-,-,51.24,6.66,-,-
鑫龙家园莲花六号小区位置点,"ZDBZD-JS-2025-002255	","JFZDPT-JS-20250210-09396	",2021-11-01,2021-11-30,"1542466276	","3205104477344	",1.000000,100,100.000000,1260.960000,1327.280000,66.32,66.32,0.7203,66.32,-,-,-,-,-,-,-,-,-,-,-,-,-,-,-,-,-,-,-,-,-,-,42.27,5.5,-,-
鑫龙家园莲花六号小区位置点,"ZDBZD-JS-2025-002255	","JFZDPT-JS-20250210-09396	",2021-11-01,2021-11-30,"1536129516	","3205104477350	",1.000000,100,100.000000,2061.000000,2163.650000,102.65,102.65,0.7262,102.65,-,-,-,-,-,-,-,-,-,-,-,-,-,-,-,-,-,-,-,-,-,-,65.96,8.58,-,-
鑫龙家园莲花六号小区位置点,"ZDBZD-JS-2025-002255	","JFZDPT-JS-20250210-08384	",2021-08-01,2021-08-31,"1534337708	","3205104313087	",1.000000,100,100.000000,1698.600000,1746.660000,48.06,48.06,0.633,48.06,-,-,-,-,-,-,-,-,-,-,-,-,-,-,-,-,-,-,-,-,-,-,26.92,3.5,-,-
鑫龙家园莲花六号小区位置点,"ZDBZD-JS-2025-002255	","JFZDPT-JS-20250210-08384	",2021-08-01,2021-08-31,"1534339435	","3205104313426	",1.000000,100,100.000000,1176.880000,1210.460000,33.58,33.58,0.6418,33.58,-,-,-,-,-,-,-,-,-,-,-,-,-,-,-,-,-,-,-,-,-,-,19.07,2.48,-,-
鑫龙家园莲花六号小区位置点,"ZDBZD-JS-2025-002255	","JFZDPT-JS-20250210-08384	",2021-08-01,2021-08-31,"1534349171	","3205104313433	",1.000000,100,100.000000,1167.110000,1200.190000,33.08,33.08,0.6321,33.08,-,-,-,-,-,-,-,-,-,-,-,-,-,-,-,-,-,-,-,-,-,-,18.5,2.41,-,-
鑫龙家园莲花六号小区位置点,"ZDBZD-JS-2025-002255	","JFZDPT-JS-20250210-08384	",2021-08-01,2021-08-31,"1554157659	","3205104313437	",1.000000,100,100.000000,1180.540000,1213.940000,33.4,33.4,0.626,33.4,-,-,-,-,-,-,-,-,-,-,-,-,-,-,-,-,-,-,-,-,-,-,18.5,2.41,-,-
鑫龙家园莲花六号小区位置点,"ZDBZD-JS-2025-002255	","JFZDPT-JS-20250210-08384	",2021-08-01,2021-08-31,"1534339430	","3205104313446	",1.000000,100,100.000000,1094.710000,1128.690000,33.98,33.98,0.6342,33.98,-,-,-,-,-,-,-,-,-,-,-,-,-,-,-,-,-,-,-,-,-,-,19.07,2.48,-,-
鑫龙家园莲花六号小区位置点,"ZDBZD-JS-2025-002255	","JFZDPT-JS-20250210-08384	",2021-08-01,2021-08-31,"1534337522	","3205104313451	",1.000000,100,100.000000,1251.300000,1285.690000,34.39,34.39,0.6266,34.39,-,-,-,-,-,-,-,-,-,-,-,-,-,-,-,-,-,-,-,-,-,-,19.07,2.48,-,-
鑫龙家园莲花六号小区位置点,"ZDBZD-JS-2025-002255	","JFZDPT-JS-20250210-08384	",2021-08-01,2021-08-31,"1528107567	","3205104315707	",1.000000,100,100.000000,1671.880000,1718.820000,46.94,46.94,0.6344,46.94,-,-,-,-,-,-,-,-,-,-,-,-,-,-,-,-,-,-,-,-,-,-,26.35,3.43,-,-
鑫龙家园莲花六号小区位置点,"ZDBZD-JS-2025-002255	","JFZDPT-JS-20250210-08384	",2021-08-01,2021-08-31,"1556867474	","3205104315719	",1.000000,100,100.000000,1232.590000,1266.050000,33.46,33.46,0.6249,33.46,-,-,-,-,-,-,-,-,-,-,-,-,-,-,-,-,-,-,-,-,-,-,18.5,2.41,-,-
鑫龙家园莲花六号小区位置点,"ZDBZD-JS-2025-002255	","JFZDPT-JS-20250210-08384	",2021-08-01,2021-08-31,"1528102930	","3205104315726	",1.000000,100,100.000000,1200.310000,1235.930000,35.62,35.62,0.6404,35.62,-,-,-,-,-,-,-,-,-,-,-,-,-,-,-,-,-,-,-,-,-,-,20.19,2.62,-,-
鑫龙家园莲花六号小区位置点,"ZDBZD-JS-2025-002255	","JFZDPT-JS-20250210-08384	",2021-08-01,2021-08-31,"1559570474	","3205104353226	",1.000000,100,100.000000,4042.610000,4204.580000,161.97,161.97,0.6338,161.97,-,-,-,-,-,-,-,-,-,-,-,-,-,-,-,-,-,-,-,-,-,-,90.85,11.81,-,-
鑫龙家园莲花六号小区位置点,"ZDBZD-JS-2025-002255	","JFZDPT-JS-20250210-08384	",2021-08-01,2021-08-31,"1547726877	","3205104472953	",1.000000,100,100.000000,1313.420000,1386.570000,73.15,73.15,0.6324,73.15,-,-,-,-,-,-,-,-,-,-,-,-,-,-,-,-,-,-,-,-,-,-,40.94,5.32,-,-
鑫龙家园莲花六号小区位置点,"ZDBZD-JS-2025-002255	","JFZDPT-JS-20250210-08384	",2021-08-01,2021-08-31,"1547633945	","3205104472957	",1.000000,100,100.000000,1734.840000,1810.200000,75.36,75.36,0.6307,75.36,-,-,-,-,-,-,-,-,-,-,-,-,-,-,-,-,-,-,-,-,-,-,42.06,5.47,-,-
鑫龙家园莲花六号小区位置点,"ZDBZD-JS-2025-002255	","JFZDPT-JS-20250210-08384	",2021-08-01,2021-08-31,"1547633944	","3205104472959	",1.000000,100,100.000000,1300.660000,1372.280000,71.62,71.62,0.637,71.62,-,-,-,-,-,-,-,-,-,-,-,-,-,-,-,-,-,-,-,-,-,-,40.37,5.25,-,-
鑫龙家园莲花六号小区位置点,"ZDBZD-JS-2025-002255	","JFZDPT-JS-20250210-08384	",2021-08-01,2021-08-31,"1547633946	","3205104472963	",1.000000,100,100.000000,1129.700000,1184.860000,55.16,55.16,0.6318,55.16,-,-,-,-,-,-,-,-,-,-,-,-,-,-,-,-,-,-,-,-,-,-,30.84,4.01,-,-
鑫龙家园莲花六号小区位置点,"ZDBZD-JS-2025-002255	","JFZDPT-JS-20250210-08384	",2021-08-01,2021-08-31,"1547634578	","3205104472970	",1.000000,100,100.000000,1176.360000,1229.900000,53.54,53.54,0.6391,53.54,-,-,-,-,-,-,-,-,-,-,-,-,-,-,-,-,-,-,-,-,-,-,30.28,3.94,-,-
鑫龙家园莲花六号小区位置点,"ZDBZD-JS-2025-002255	","JFZDPT-JS-20250210-08384	",2021-08-01,2021-08-31,"1547728488	","3205104474427	",1.000000,100,100.000000,1303.360000,1375.590000,72.23,72.23,0.6316,72.23,-,-,-,-,-,-,-,-,-,-,-,-,-,-,-,-,-,-,-,-,-,-,40.37,5.25,-,-
鑫龙家园莲花六号小区位置点,"ZDBZD-JS-2025-002255	","JFZDPT-JS-20250210-08384	",2021-08-01,2021-08-31,"1547719754	","3205104474457	",1.000000,100,100.000000,3440.170000,3621.830000,181.66,181.66,0.6348,181.66,-,-,-,-,-,-,-,-,-,-,-,-,-,-,-,-,-,-,-,-,-,-,102.05,13.27,-,-
鑫龙家园莲花六号小区位置点,"ZDBZD-JS-2025-002255	","JFZDPT-JS-20250210-08384	",2021-08-01,2021-08-31,"1547728484	","3205104474463	",1.000000,100,100.000000,1308.610000,1382.060000,73.45,73.45,0.6298,73.45,-,-,-,-,-,-,-,-,-,-,-,-,-,-,-,-,-,-,-,-,-,-,40.94,5.32,-,-
鑫龙家园莲花六号小区位置点,"ZDBZD-JS-2025-002255	","JFZDPT-JS-20250210-08384	",2021-08-01,2021-08-31,"1547719759	","3205104474467	",1.000000,100,100.000000,1424.310000,1496.950000,72.64,72.64,0.6368,72.64,-,-,-,-,-,-,-,-,-,-,-,-,-,-,-,-,-,-,-,-,-,-,40.94,5.32,-,-
鑫龙家园莲花六号小区位置点,"ZDBZD-JS-2025-002255	","JFZDPT-JS-20250210-08384	",2021-08-01,2021-08-31,"1534271368	","3205104476753	",1.000000,100,100.000000,1255.920000,1326.610000,70.69,70.69,0.6364,70.69,-,-,-,-,-,-,-,-,-,-,-,-,-,-,-,-,-,-,-,-,-,-,39.81,5.18,-,-
鑫龙家园莲花六号小区位置点,"ZDBZD-JS-2025-002255	","JFZDPT-JS-20250210-08384	",2021-08-01,2021-08-31,"1542462053	","3205104476756	",1.000000,100,100.000000,1264.320000,1320.140000,55.82,55.82,0.6358,55.82,-,-,-,-,-,-,-,-,-,-,-,-,-,-,-,-,-,-,-,-,-,-,31.41,4.08,-,-
鑫龙家园莲花六号小区位置点,"ZDBZD-JS-2025-002255	","JFZDPT-JS-20250210-08384	",2021-08-01,2021-08-31,"1534365028	","3205104476757	",1.000000,100,100.000000,1289.190000,1363.480000,74.29,74.29,0.6312,74.29,-,-,-,-,-,-,-,-,-,-,-,-,-,-,-,-,-,-,-,-,-,-,41.5,5.39,-,-
鑫龙家园莲花六号小区位置点,"ZDBZD-JS-2025-002255	","JFZDPT-JS-20250210-08384	",2021-08-01,2021-08-31,"1535669055	","3205104476759	",1.000000,100,100.000000,1844.380000,1946.090000,101.71,101.71,0.6354,101.71,-,-,-,-,-,-,-,-,-,-,-,-,-,-,-,-,-,-,-,-,-,-,57.19,7.44,-,-
鑫龙家园莲花六号小区位置点,"ZDBZD-JS-2025-002255	","JFZDPT-JS-20250210-08384	",2021-08-01,2021-08-31,"1535960714	","3205104476763	",1.000000,100,100.000000,2985.490000,3134.500000,149.01,149.01,0.6336,149.01,-,-,-,-,-,-,-,-,-,-,-,-,-,-,-,-,-,-,-,-,-,-,83.55,10.86,-,-
鑫龙家园莲花六号小区位置点,"ZDBZD-JS-2025-002255	","JFZDPT-JS-20250210-08384	",2021-08-01,2021-08-31,"1543218796	","3205104476766	",1.000000,100,100.000000,1449.290000,1522.090000,72.8,72.8,0.6354,72.8,-,-,-,-,-,-,-,-,-,-,-,-,-,-,-,-,-,-,-,-,-,-,40.94,5.32,-,-
鑫龙家园莲花六号小区位置点,"ZDBZD-JS-2025-002255	","JFZDPT-JS-20250210-08384	",2021-08-01,2021-08-31,"1539721710	","3205104476768	",1.000000,100,100.000000,1412.340000,1482.640000,70.3,70.3,0.631,70.3,-,-,-,-,-,-,-,-,-,-,-,-,-,-,-,-,-,-,-,-,-,-,39.26,5.1,-,-
鑫龙家园莲花六号小区位置点,"ZDBZD-JS-2025-002255	","JFZDPT-JS-20250210-08384	",2021-08-01,2021-08-31,"1534340339	","3205104476772	",1.000000,100,100.000000,986.990000,1034.640000,47.65,47.65,0.6384,47.65,-,-,-,-,-,-,-,-,-,-,-,-,-,-,-,-,-,-,-,-,-,-,26.92,3.5,-,-
鑫龙家园莲花六号小区位置点,"ZDBZD-JS-2025-002255	","JFZDPT-JS-20250210-08384	",2021-08-01,2021-08-31,"1542222948	","3205104476774	",1.000000,100,100.000000,1309.660000,1382.220000,72.56,72.56,0.6375,72.56,-,-,-,-,-,-,-,-,-,-,-,-,-,-,-,-,-,-,-,-,-,-,40.94,5.32,-,-
鑫龙家园莲花六号小区位置点,"ZDBZD-JS-2025-002255	","JFZDPT-JS-20250210-08384	",2021-08-01,2021-08-31,"1536674431	","3205104477226	",1.000000,100,100.000000,1599.400000,1677.210000,77.81,77.81,0.6353,77.81,-,-,-,-,-,-,-,-,-,-,-,-,-,-,-,-,-,-,-,-,-,-,43.74,5.69,-,-
鑫龙家园莲花六号小区位置点,"ZDBZD-JS-2025-002255	","JFZDPT-JS-20250210-08384	",2021-08-01,2021-08-31,"1536129515	","3205104477228	",1.000000,100,100.000000,1408.120000,1480.620000,72.5,72.5,0.6381,72.5,-,-,-,-,-,-,-,-,-,-,-,-,-,-,-,-,-,-,-,-,-,-,40.94,5.32,-,-
鑫龙家园莲花六号小区位置点,"ZDBZD-JS-2025-002255	","JFZDPT-JS-20250210-08384	",2021-08-01,2021-08-31,"1539373623	","3205104477230	",1.000000,100,100.000000,1332.560000,1405.880000,73.32,73.32,0.6309,73.32,-,-,-,-,-,-,-,-,-,-,-,-,-,-,-,-,-,-,-,-,-,-,40.94,5.32,-,-
鑫龙家园莲花六号小区位置点,"ZDBZD-JS-2025-002255	","JFZDPT-JS-20250210-08384	",2021-08-01,2021-08-31,"1543105444	","3205104477232	",1.000000,100,100.000000,1424.560000,1497.150000,72.59,72.59,0.6373,72.59,-,-,-,-,-,-,-,-,-,-,-,-,-,-,-,-,-,-,-,-,-,-,40.94,5.32,-,-
鑫龙家园莲花六号小区位置点,"ZDBZD-JS-2025-002255	","JFZDPT-JS-20250210-08384	",2021-08-01,2021-08-31,"1544951755	","3205104477235	",1.000000,100,100.000000,1409.530000,1482.200000,72.67,72.67,0.6366,72.67,-,-,-,-,-,-,-,-,-,-,-,-,-,-,-,-,-,-,-,-,-,-,40.94,5.32,-,-
鑫龙家园莲花六号小区位置点,"ZDBZD-JS-2025-002255	","JFZDPT-JS-20250210-08384	",2021-08-01,2021-08-31,"1544684094	","3205104477238	",1.000000,100,100.000000,1396.570000,1467.580000,71.01,71.01,0.6336,71.01,-,-,-,-,-,-,-,-,-,-,-,-,-,-,-,-,-,-,-,-,-,-,39.81,5.18,-,-
鑫龙家园莲花六号小区位置点,"ZDBZD-JS-2025-002255	","JFZDPT-JS-20250210-08384	",2021-08-01,2021-08-31,"1539602549	","3205104477339	",1.000000,100,100.000000,1463.580000,1537.680000,74.1,74.1,0.6328,74.1,-,-,-,-,-,-,-,-,-,-,-,-,-,-,-,-,-,-,-,-,-,-,41.5,5.39,-,-
鑫龙家园莲花六号小区位置点,"ZDBZD-JS-2025-002255	","JFZDPT-JS-20250210-08384	",2021-08-01,2021-08-31,"1546160843	","3205104477340	",1.000000,100,100.000000,1444.030000,1516.720000,72.69,72.69,0.6364,72.69,-,-,-,-,-,-,-,-,-,-,-,-,-,-,-,-,-,-,-,-,-,-,40.94,5.32,-,-
鑫龙家园莲花六号小区位置点,"ZDBZD-JS-2025-002255	","JFZDPT-JS-20250210-08384	",2021-08-01,2021-08-31,"1546168926	","3205104477341	",1.000000,100,100.000000,1660.170000,1744.720000,84.55,84.55,0.637,84.55,-,-,-,-,-,-,-,-,-,-,-,-,-,-,-,-,-,-,-,-,-,-,47.66,6.2,-,-
鑫龙家园莲花六号小区位置点,"ZDBZD-JS-2025-002255	","JFZDPT-JS-20250210-08384	",2021-08-01,2021-08-31,"1542466276	","3205104477344	",1.000000,100,100.000000,1054.580000,1124.070000,69.49,69.49,0.6292,69.49,-,-,-,-,-,-,-,-,-,-,-,-,-,-,-,-,-,-,-,-,-,-,38.69,5.03,-,-
鑫龙家园莲花六号小区位置点,"ZDBZD-JS-2025-002255	","JFZDPT-JS-20250210-08384	",2021-08-01,2021-08-31,"1536129516	","3205104477350	",1.000000,100,100.000000,1740.320000,1848.440000,108.12,108.12,0.633,108.12,-,-,-,-,-,-,-,-,-,-,-,-,-,-,-,-,-,-,-,-,-,-,60.57,7.87,-,-
鑫龙家园莲花六号小区位置点,"ZDBZD-JS-2025-002255	","JFZDPT-JS-20251113-17401	",2025-10-01,2025-10-31,"1534337708	","3205104313087	",1.000000,100,100.000000,3929.350000,3963.780000,34.43,34.43,0.702,34.43,-,-,-,-,-,-,-,-,-,-,-,-,-,-,-,-,-,-,-,-,-,-,21.389257,2.780603,-,-
鑫龙家园莲花六号小区位置点,"ZDBZD-JS-2025-002255	","JFZDPT-JS-20251113-17401	",2025-10-01,2025-10-31,"1534339435	","3205104313426	",1.000000,100,100.000000,2886.740000,2914.890000,28.15,28.15,0.7073,28.15,-,-,-,-,-,-,-,-,-,-,-,-,-,-,-,-,-,-,-,-,-,-,17.619907,2.290588,-,-
鑫龙家园莲花六号小区位置点,"ZDBZD-JS-2025-002255	","JFZDPT-JS-20251113-17401	",2025-10-01,2025-10-31,"1534349171	","3205104313433	",1.000000,100,100.000000,2705.920000,2728.360000,22.44,22.44,0.697,22.44,-,-,-,-,-,-,-,-,-,-,-,-,-,-,-,-,-,-,-,-,-,-,13.84131,1.79937,-,-
鑫龙家园莲花六号小区位置点,"ZDBZD-JS-2025-002255	","JFZDPT-JS-20251113-17401	",2025-10-01,2025-10-31,"1554157659	","3205104313437	",1.000000,100,100.000000,292.600000,315.410000,22.81,22.81,0.7168,22.81,-,-,-,-,-,-,-,-,-,-,-,-,-,-,-,-,-,-,-,-,-,-,14.469211,1.880997,-,-
鑫龙家园莲花六号小区位置点,"ZDBZD-JS-2025-002255	","JFZDPT-JS-20251113-17401	",2025-10-01,2025-10-31,"1534339430	","3205104313446	",1.000000,100,100.000000,2640.290000,2660.910000,20.62,20.62,0.7241,20.62,-,-,-,-,-,-,-,-,-,-,-,-,-,-,-,-,-,-,-,-,-,-,13.213223,1.717719,-,-
鑫龙家园莲花六号小区位置点,"ZDBZD-JS-2025-002255	","JFZDPT-JS-20251113-17401	",2025-10-01,2025-10-31,"1534337522	","3205104313451	",1.000000,100,100.000000,2866.710000,2889.530000,22.82,22.82,0.7165,22.82,-,-,-,-,-,-,-,-,-,-,-,-,-,-,-,-,-,-,-,-,-,-,14.469496,1.881034,-,-
鑫龙家园莲花六号小区位置点,"ZDBZD-JS-2025-002255	","JFZDPT-JS-20251113-17401	",2025-10-01,2025-10-31,"1528107567	","3205104315707	",1.000000,100,100.000000,3840.120000,3874.220000,34.1,34.1,0.7088,34.1,-,-,-,-,-,-,-,-,-,-,-,-,-,-,-,-,-,-,-,-,-,-,21.389451,2.780629,-,-
鑫龙家园莲花六号小区位置点,"ZDBZD-JS-2025-002255	","JFZDPT-JS-20251113-17401	",2025-10-01,2025-10-31,"1556867474	","3205104315719	",1.000000,100,100.000000,1187.520000,1212.100000,24.58,24.58,0.7234,24.58,-,-,-,-,-,-,-,-,-,-,-,-,-,-,-,-,-,-,-,-,-,-,15.73555,2.045622,-,-
鑫龙家园莲花六号小区位置点,"ZDBZD-JS-2025-002255	","JFZDPT-JS-20251113-17401	",2025-10-01,2025-10-31,"1528102930	","3205104315726	",1.000000,100,100.000000,2794.050000,2822.320000,28.27,28.27,0.7043,28.27,-,-,-,-,-,-,-,-,-,-,-,-,-,-,-,-,-,-,-,-,-,-,17.619965,2.290596,-,-
鑫龙家园莲花六号小区位置点,"ZDBZD-JS-2025-002255	","JFZDPT-JS-20251113-17401	",2025-10-01,2025-10-31,"1559570474	","3205104353226	",1.000000,100,100.000000,5069.720000,5208.850000,139.13,139.13,0.7103,139.13,-,-,-,-,-,-,-,-,-,-,-,-,-,-,-,-,-,-,-,-,-,-,87.454902,11.369137,-,-
鑫龙家园莲花六号小区位置点,"ZDBZD-JS-2025-002255	","JFZDPT-JS-20251113-17401	",2025-10-01,2025-10-31,"1547726877	","3205104472953	",1.000000,100,100.000000,4892.020000,4965.010000,72.99,72.99,0.7111,72.99,-,-,-,-,-,-,-,-,-,-,-,-,-,-,-,-,-,-,-,-,-,-,45.932026,5.971163,-,-
鑫龙家园莲花六号小区位置点,"ZDBZD-JS-2025-002255	","JFZDPT-JS-20251113-17401	",2025-10-01,2025-10-31,"1547633945	","3205104472957	",1.000000,100,100.000000,6149.290000,6248.870000,99.58,99.58,0.714,99.58,-,-,-,-,-,-,-,-,-,-,-,-,-,-,-,-,-,-,-,-,-,-,62.92046,8.17966,-,-
鑫龙家园莲花六号小区位置点,"ZDBZD-JS-2025-002255	","JFZDPT-JS-20251113-17401	",2025-10-01,2025-10-31,"1547633944	","3205104472959	",1.000000,100,100.000000,4784.970000,4855.920000,70.95,70.95,0.7115,70.95,-,-,-,-,-,-,-,-,-,-,-,-,-,-,-,-,-,-,-,-,-,-,44.673385,5.80754,-,-
鑫龙家园莲花六号小区位置点,"ZDBZD-JS-2025-002255	","JFZDPT-JS-20251113-17401	",2025-10-01,2025-10-31,"1547633946	","3205104472963	",1.000000,100,100.000000,4633.260000,4702.670000,69.41,69.41,0.7068,69.41,-,-,-,-,-,-,-,-,-,-,-,-,-,-,-,-,-,-,-,-,-,-,43.415034,5.643954,-,-
鑫龙家园莲花六号小区位置点,"ZDBZD-JS-2025-002255	","JFZDPT-JS-20251113-17401	",2025-10-01,2025-10-31,"1547634578	","3205104472970	",1.000000,100,100.000000,3664.340000,3709.160000,44.82,44.82,0.714,44.82,-,-,-,-,-,-,-,-,-,-,-,-,-,-,-,-,-,-,-,-,-,-,28.319894,3.681586,-,-
鑫龙家园莲花六号小区位置点,"ZDBZD-JS-2025-002255	","JFZDPT-JS-20251113-17401	",2025-10-01,2025-10-31,"1547728488	","3205104474427	",1.000000,100,100.000000,4810.440000,4874.210000,63.77,63.77,0.7135,63.77,-,-,-,-,-,-,-,-,-,-,-,-,-,-,-,-,-,-,-,-,-,-,40.265394,5.234501,-,-
鑫龙家园莲花六号小区位置点,"ZDBZD-JS-2025-002255	","JFZDPT-JS-20251113-17401	",2025-10-01,2025-10-31,"1547719754	","3205104474457	",1.000000,100,100.000000,11653.120000,11811.090000,157.97,157.97,0.7111,157.97,-,-,-,-,-,-,-,-,-,-,-,-,-,-,-,-,-,-,-,-,-,-,99.409263,12.923204,-,-
鑫龙家园莲花六号小区位置点,"ZDBZD-JS-2025-002255	","JFZDPT-JS-20251113-17401	",2025-10-01,2025-10-31,"1547728484	","3205104474463	",1.000000,100,100.000000,4081.270000,4138.010000,56.74,56.74,0.7143,56.74,-,-,-,-,-,-,-,-,-,-,-,-,-,-,-,-,-,-,-,-,-,-,35.86671,4.662672,-,-
鑫龙家园莲花六号小区位置点,"ZDBZD-JS-2025-002255	","JFZDPT-JS-20251113-17401	",2025-10-01,2025-10-31,"1547719759	","3205104474467	",1.000000,100,100.000000,4685.730000,4755.810000,70.08,70.08,0.7102,70.08,-,-,-,-,-,-,-,-,-,-,-,-,-,-,-,-,-,-,-,-,-,-,44.04497,5.725846,-,-
鑫龙家园莲花六号小区位置点,"ZDBZD-JS-2025-002255	","JFZDPT-JS-20251113-17401	",2025-10-01,2025-10-31,"1542462053	","3205104476756	",1.000000,100,100.000000,4000.350000,4056.080000,55.73,55.73,0.7145,55.73,-,-,-,-,-,-,-,-,-,-,-,-,-,-,-,-,-,-,-,-,-,-,35.238128,4.580957,-,-
鑫龙家园莲花六号小区位置点,"ZDBZD-JS-2025-002255	","JFZDPT-JS-20251113-17401	",2025-10-01,2025-10-31,"1534365028	","3205104476757	",1.000000,100,100.000000,4549.240000,4608.980000,59.74,59.74,0.7141,59.74,-,-,-,-,-,-,-,-,-,-,-,-,-,-,-,-,-,-,-,-,-,-,37.752508,4.907826,-,-
鑫龙家园莲花六号小区位置点,"ZDBZD-JS-2025-002255	","JFZDPT-JS-20251113-17401	",2025-10-01,2025-10-31,"1535960714	","3205104476763	",1.000000,100,100.000000,9975.420000,10110.530000,135.11,135.11,0.7105,135.11,-,-,-,-,-,-,-,-,-,-,-,-,-,-,-,-,-,-,-,-,-,-,84.951907,11.043748,-,-
鑫龙家园莲花六号小区位置点,"ZDBZD-JS-2025-002255	","JFZDPT-JS-20251113-17401	",2025-10-01,2025-10-31,"1543218796	","3205104476766	",1.000000,100,100.000000,5006.410000,5078.660000,72.25,72.25,0.7085,72.25,-,-,-,-,-,-,-,-,-,-,-,-,-,-,-,-,-,-,-,-,-,-,45.300111,5.889014,-,-
鑫龙家园莲花六号小区位置点,"ZDBZD-JS-2025-002255	","JFZDPT-JS-20251113-17401	",2025-10-01,2025-10-31,"1539721710	","3205104476768	",1.000000,100,100.000000,4842.590000,4912.360000,69.77,69.77,0.7133,69.77,-,-,-,-,-,-,-,-,-,-,-,-,-,-,-,-,-,-,-,-,-,-,44.041541,5.7254,-,-
鑫龙家园莲花六号小区位置点,"ZDBZD-JS-2025-002255	","JFZDPT-JS-20251113-17401	",2025-10-01,2025-10-31,"1534340339	","3205104476772	",1.000000,100,100.000000,4041.950000,4113.640000,71.69,71.69,0.714,71.69,-,-,-,-,-,-,-,-,-,-,-,-,-,-,-,-,-,-,-,-,-,-,45.297929,5.888731,-,-
鑫龙家园莲花六号小区位置点,"ZDBZD-JS-2025-002255	","JFZDPT-JS-20251113-17401	",2025-10-01,2025-10-31,"1542222948	","3205104476774	",1.000000,100,100.000000,4384.440000,4439.280000,54.84,54.84,0.7132,54.84,-,-,-,-,-,-,-,-,-,-,-,-,-,-,-,-,-,-,-,-,-,-,34.61229,4.499598,-,-
鑫龙家园莲花六号小区位置点,"ZDBZD-JS-2025-002255	","JFZDPT-JS-20251113-17401	",2025-10-01,2025-10-31,"1536674431	","3205104477226	",1.000000,100,100.000000,5558.090000,5610.290000,52.2,52.2,0.7082,52.2,-,-,-,-,-,-,-,-,-,-,-,-,-,-,-,-,-,-,-,-,-,-,32.71508,4.25296,-,-
鑫龙家园莲花六号小区位置点,"ZDBZD-JS-2025-002255	","JFZDPT-JS-20251113-17401	",2025-10-01,2025-10-31,"1536129515	","3205104477228	",1.000000,100,100.000000,4854.480000,4922.240000,67.76,67.76,0.7135,67.76,-,-,-,-,-,-,-,-,-,-,-,-,-,-,-,-,-,-,-,-,-,-,42.784743,5.562017,-,-
鑫龙家园莲花六号小区位置点,"ZDBZD-JS-2025-002255	","JFZDPT-JS-20251113-17401	",2025-10-01,2025-10-31,"1539373623	","3205104477230	",1.000000,100,100.000000,4529.180000,4583.480000,54.3,54.3,0.707,54.3,-,-,-,-,-,-,-,-,-,-,-,-,-,-,-,-,-,-,-,-,-,-,33.97354,4.41656,-,-
鑫龙家园莲花六号小区位置点,"ZDBZD-JS-2025-002255	","JFZDPT-JS-20251113-17401	",2025-10-01,2025-10-31,"1543105444	","3205104477232	",1.000000,100,100.000000,3646.920000,3690.070000,43.15,43.15,0.7085,43.15,-,-,-,-,-,-,-,-,-,-,-,-,-,-,-,-,-,-,-,-,-,-,27.054668,3.517107,-,-
鑫龙家园莲花六号小区位置点,"ZDBZD-JS-2025-002255	","JFZDPT-JS-20251113-17401	",2025-10-01,2025-10-31,"1544951755	","3205104477235	",1.000000,100,100.000000,4878.410000,4946.480000,68.07,68.07,0.7103,68.07,-,-,-,-,-,-,-,-,-,-,-,-,-,-,-,-,-,-,-,-,-,-,42.787718,5.562403,-,-
鑫龙家园莲花六号小区位置点,"ZDBZD-JS-2025-002255	","JFZDPT-JS-20251113-17401	",2025-10-01,2025-10-31,"1539602549	","3205104477339	",1.000000,100,100.000000,4169.250000,4240.300000,71.05,71.05,0.7105,71.05,-,-,-,-,-,-,-,-,-,-,-,-,-,-,-,-,-,-,-,-,-,-,44.673473,5.807552,-,-
鑫龙家园莲花六号小区位置点,"ZDBZD-JS-2025-002255	","JFZDPT-JS-20251113-17401	",2025-10-01,2025-10-31,"1546160843	","3205104477340	",1.000000,100,100.000000,4948.890000,5020.970000,72.08,72.08,0.7102,72.08,-,-,-,-,-,-,-,-,-,-,-,-,-,-,-,-,-,-,-,-,-,-,45.301961,5.889255,-,-
鑫龙家园莲花六号小区位置点,"ZDBZD-JS-2025-002255	","JFZDPT-JS-20251113-17401	",2025-10-01,2025-10-31,"1546168926	","3205104477341	",1.000000,100,100.000000,5526.220000,5600.240000,74.02,74.02,0.7108,74.02,-,-,-,-,-,-,-,-,-,-,-,-,-,-,-,-,-,-,-,-,-,-,46.560545,6.052871,-,-
鑫龙家园莲花六号小区位置点,"ZDBZD-JS-2025-002255	","JFZDPT-JS-20251113-17401	",2025-10-01,2025-10-31,"1542466276	","3205104477344	",1.000000,100,100.000000,4438.170000,4506.840000,68.67,68.67,0.7144,68.67,-,-,-,-,-,-,-,-,-,-,-,-,-,-,-,-,-,-,-,-,-,-,43.414025,5.643823,-,-
鑫龙家园莲花六号小区位置点,"ZDBZD-JS-2025-002255	","JFZDPT-JS-20251113-17401	",2025-10-01,2025-10-31,"1536129516	","3205104477350	",1.000000,100,100.000000,6098.440000,6173.610000,75.17,75.17,0.7095,75.17,-,-,-,-,-,-,-,-,-,-,-,-,-,-,-,-,-,-,-,-,-,-,47.197447,6.135668,-,-
鑫龙家园莲花六号小区位置点,"ZDBZD-JS-2025-002255	","JFZDPT-JS-20250211-15327	",2022-05-01,2022-05-31,"1534337708	","3205104313087	",1.000000,100,100.000000,2118.100000,2165.790000,47.69,47.69,0.7339,47.69,-,-,-,-,-,-,-,-,-,-,-,-,-,-,-,-,-,-,-,-,-,-,30.97,4.03,-,-
鑫龙家园莲花六号小区位置点,"ZDBZD-JS-2025-002255	","JFZDPT-JS-20250211-15327	",2022-05-01,2022-05-31,"1534339435	","3205104313426	",1.000000,100,100.000000,1470.140000,1503.720000,33.58,33.58,0.7382,33.58,-,-,-,-,-,-,-,-,-,-,-,-,-,-,-,-,-,-,-,-,-,-,21.94,2.85,-,-
鑫龙家园莲花六号小区位置点,"ZDBZD-JS-2025-002255	","JFZDPT-JS-20250211-15327	",2022-05-01,2022-05-31,"1534349171	","3205104313433	",1.000000,100,100.000000,1456.660000,1489.780000,33.12,33.12,0.7264,33.12,-,-,-,-,-,-,-,-,-,-,-,-,-,-,-,-,-,-,-,-,-,-,21.29,2.77,-,-
鑫龙家园莲花六号小区位置点,"ZDBZD-JS-2025-002255	","JFZDPT-JS-20250211-15327	",2022-05-01,2022-05-31,"1554157659	","3205104313437	",1.000000,100,100.000000,1472.340000,1505.760000,33.42,33.42,0.7199,33.42,-,-,-,-,-,-,-,-,-,-,-,-,-,-,-,-,-,-,-,-,-,-,21.29,2.77,-,-
鑫龙家园莲花六号小区位置点,"ZDBZD-JS-2025-002255	","JFZDPT-JS-20250211-15327	",2022-05-01,2022-05-31,"1534339430	","3205104313446	",1.000000,100,100.000000,1387.550000,1420.870000,33.32,33.32,0.7221,33.32,-,-,-,-,-,-,-,-,-,-,-,-,-,-,-,-,-,-,-,-,-,-,21.29,2.77,-,-
鑫龙家园莲花六号小区位置点,"ZDBZD-JS-2025-002255	","JFZDPT-JS-20250211-15327	",2022-05-01,2022-05-31,"1534337522	","3205104313451	",1.000000,100,100.000000,1552.320000,1586.720000,34.4,34.4,0.7206,34.4,-,-,-,-,-,-,-,-,-,-,-,-,-,-,-,-,-,-,-,-,-,-,21.94,2.85,-,-
鑫龙家园莲花六号小区位置点,"ZDBZD-JS-2025-002255	","JFZDPT-JS-20250211-15327	",2022-05-01,2022-05-31,"1528107567	","3205104315707	",1.000000,100,100.000000,2085.150000,2132.030000,46.88,46.88,0.731,46.88,-,-,-,-,-,-,-,-,-,-,-,-,-,-,-,-,-,-,-,-,-,-,30.33,3.94,-,-
鑫龙家园莲花六号小区位置点,"ZDBZD-JS-2025-002255	","JFZDPT-JS-20250211-15327	",2022-05-01,2022-05-31,"1556867474	","3205104315719	",1.000000,100,100.000000,1522.220000,1555.550000,33.33,33.33,0.7219,33.33,-,-,-,-,-,-,-,-,-,-,-,-,-,-,-,-,-,-,-,-,-,-,21.29,2.77,-,-
鑫龙家园莲花六号小区位置点,"ZDBZD-JS-2025-002255	","JFZDPT-JS-20250211-15327	",2022-05-01,2022-05-31,"1528102930	","3205104315726	",1.000000,100,100.000000,1501.970000,1536.310000,34.34,34.34,0.7219,34.34,-,-,-,-,-,-,-,-,-,-,-,-,-,-,-,-,-,-,-,-,-,-,21.94,2.85,-,-
鑫龙家园莲花六号小区位置点,"ZDBZD-JS-2025-002255	","JFZDPT-JS-20250211-15327	",2022-05-01,2022-05-31,"1559570474	","3205104353226	",1.000000,100,100.000000,1118.790000,1288.290000,169.5,169.5,0.7313,169.5,-,-,-,-,-,-,-,-,-,-,-,-,-,-,-,-,-,-,-,-,-,-,109.7,14.26,-,-
鑫龙家园莲花六号小区位置点,"ZDBZD-JS-2025-002255	","JFZDPT-JS-20250211-15327	",2022-05-01,2022-05-31,"1547726877	","3205104472953	",1.000000,100,100.000000,1953.960000,2027.080000,73.12,73.12,0.728,73.12,-,-,-,-,-,-,-,-,-,-,-,-,-,-,-,-,-,-,-,-,-,-,47.11,6.12,-,-
鑫龙家园莲花六号小区位置点,"ZDBZD-JS-2025-002255	","JFZDPT-JS-20250211-15327	",2022-05-01,2022-05-31,"1547633945	","3205104472957	",1.000000,100,100.000000,2393.510000,2468.670000,75.16,75.16,0.7276,75.16,-,-,-,-,-,-,-,-,-,-,-,-,-,-,-,-,-,-,-,-,-,-,48.4,6.29,-,-
鑫龙家园莲花六号小区位置点,"ZDBZD-JS-2025-002255	","JFZDPT-JS-20250211-15327	",2022-05-01,2022-05-31,"1547633944	","3205104472959	",1.000000,100,100.000000,1925.720000,1997.080000,71.36,71.36,0.7255,71.36,-,-,-,-,-,-,-,-,-,-,-,-,-,-,-,-,-,-,-,-,-,-,45.81,5.96,-,-
鑫龙家园莲花六号小区位置点,"ZDBZD-JS-2025-002255	","JFZDPT-JS-20250211-15327	",2022-05-01,2022-05-31,"1547633946	","3205104472963	",1.000000,100,100.000000,1746.250000,1820.530000,74.28,74.28,0.7264,74.28,-,-,-,-,-,-,-,-,-,-,-,-,-,-,-,-,-,-,-,-,-,-,47.75,6.21,-,-
鑫龙家园莲花六号小区位置点,"ZDBZD-JS-2025-002255	","JFZDPT-JS-20250211-15327	",2022-05-01,2022-05-31,"1547634578	","3205104472970	",1.000000,100,100.000000,1644.250000,1697.520000,53.27,53.27,0.7255,53.27,-,-,-,-,-,-,-,-,-,-,-,-,-,-,-,-,-,-,-,-,-,-,34.2,4.45,-,-
鑫龙家园莲花六号小区位置点,"ZDBZD-JS-2025-002255	","JFZDPT-JS-20250211-15327	",2022-05-01,2022-05-31,"1547728488	","3205104474427	",1.000000,100,100.000000,1937.970000,2010.250000,72.28,72.28,0.7263,72.28,-,-,-,-,-,-,-,-,-,-,-,-,-,-,-,-,-,-,-,-,-,-,46.46,6.04,-,-
鑫龙家园莲花六号小区位置点,"ZDBZD-JS-2025-002255	","JFZDPT-JS-20250211-15327	",2022-05-01,2022-05-31,"1547719754	","3205104474457	",1.000000,100,100.000000,5037.130000,5222.190000,185.06,185.06,0.729,185.06,-,-,-,-,-,-,-,-,-,-,-,-,-,-,-,-,-,-,-,-,-,-,119.39,15.52,-,-
鑫龙家园莲花六号小区位置点,"ZDBZD-JS-2025-002255	","JFZDPT-JS-20250211-15327	",2022-05-01,2022-05-31,"1547728484	","3205104474463	",1.000000,100,100.000000,1950.760000,2023.930000,73.17,73.17,0.7275,73.17,-,-,-,-,-,-,-,-,-,-,-,-,-,-,-,-,-,-,-,-,-,-,47.11,6.12,-,-
鑫龙家园莲花六号小区位置点,"ZDBZD-JS-2025-002255	","JFZDPT-JS-20250211-15327	",2022-05-01,2022-05-31,"1547719759	","3205104474467	",1.000000,100,100.000000,2060.800000,2133.350000,72.55,72.55,0.7337,72.55,-,-,-,-,-,-,-,-,-,-,-,-,-,-,-,-,-,-,-,-,-,-,47.11,6.12,-,-
鑫龙家园莲花六号小区位置点,"ZDBZD-JS-2025-002255	","JFZDPT-JS-20250211-15327	",2022-05-01,2022-05-31,"1534271368	","3205104476753	",1.000000,100,100.000000,1872.700000,1943.090000,70.39,70.39,0.7251,70.39,-,-,-,-,-,-,-,-,-,-,-,-,-,-,-,-,-,-,-,-,-,-,45.17,5.87,-,-
鑫龙家园莲花六号小区位置点,"ZDBZD-JS-2025-002255	","JFZDPT-JS-20250211-15327	",2022-05-01,2022-05-31,"1542462053	","3205104476756	",1.000000,100,100.000000,1756.950000,1812.840000,55.89,55.89,0.7305,55.89,-,-,-,-,-,-,-,-,-,-,-,-,-,-,-,-,-,-,-,-,-,-,36.13,4.7,-,-
鑫龙家园莲花六号小区位置点,"ZDBZD-JS-2025-002255	","JFZDPT-JS-20250211-15327	",2022-05-01,2022-05-31,"1534365028	","3205104476757	",1.000000,100,100.000000,1938.620000,2012.610000,73.99,73.99,0.7293,73.99,-,-,-,-,-,-,-,-,-,-,-,-,-,-,-,-,-,-,-,-,-,-,47.75,6.21,-,-
鑫龙家园莲花六号小区位置点,"ZDBZD-JS-2025-002255	","JFZDPT-JS-20250211-15327	",2022-05-01,2022-05-31,"1535669055	","3205104476759	",1.000000,100,100.000000,2732.190000,2833.530000,101.34,101.34,0.7268,101.34,-,-,-,-,-,-,-,-,-,-,-,-,-,-,-,-,-,-,-,-,-,-,65.18,8.47,-,-
鑫龙家园莲花六号小区位置点,"ZDBZD-JS-2025-002255	","JFZDPT-JS-20250211-15327	",2022-05-01,2022-05-31,"1535960714	","3205104476763	",1.000000,100,100.000000,4312.790000,4463.330000,150.54,150.54,0.7314,150.54,-,-,-,-,-,-,-,-,-,-,-,-,-,-,-,-,-,-,-,-,-,-,97.43,12.67,-,-
鑫龙家园莲花六号小区位置点,"ZDBZD-JS-2025-002255	","JFZDPT-JS-20250211-15327	",2022-05-01,2022-05-31,"1543218796	","3205104476766	",1.000000,100,100.000000,2089.370000,2162.070000,72.7,72.7,0.7322,72.7,-,-,-,-,-,-,-,-,-,-,-,-,-,-,-,-,-,-,-,-,-,-,47.11,6.12,-,-
鑫龙家园莲花六号小区位置点,"ZDBZD-JS-2025-002255	","JFZDPT-JS-20250211-15327	",2022-05-01,2022-05-31,"1539721710	","3205104476768	",1.000000,100,100.000000,2027.650000,2097.720000,70.07,70.07,0.7284,70.07,-,-,-,-,-,-,-,-,-,-,-,-,-,-,-,-,-,-,-,-,-,-,45.17,5.87,-,-
鑫龙家园莲花六号小区位置点,"ZDBZD-JS-2025-002255	","JFZDPT-JS-20250211-15327	",2022-05-01,2022-05-31,"1534340339	","3205104476772	",1.000000,100,100.000000,1405.030000,1452.570000,47.54,47.54,0.7362,47.54,-,-,-,-,-,-,-,-,-,-,-,-,-,-,-,-,-,-,-,-,-,-,30.97,4.03,-,-
鑫龙家园莲花六号小区位置点,"ZDBZD-JS-2025-002255	","JFZDPT-JS-20250211-15327	",2022-05-01,2022-05-31,"1542222948	","3205104476774	",1.000000,100,100.000000,1947.350000,2020.360000,73.01,73.01,0.7291,73.01,-,-,-,-,-,-,-,-,-,-,-,-,-,-,-,-,-,-,-,-,-,-,47.11,6.12,-,-
鑫龙家园莲花六号小区位置点,"ZDBZD-JS-2025-002255	","JFZDPT-JS-20250211-15327	",2022-05-01,2022-05-31,"1536674431	","3205104477226	",1.000000,100,100.000000,2279.100000,2356.530000,77.43,77.43,0.7252,77.43,-,-,-,-,-,-,-,-,-,-,-,-,-,-,-,-,-,-,-,-,-,-,49.69,6.46,-,-
鑫龙家园莲花六号小区位置点,"ZDBZD-JS-2025-002255	","JFZDPT-JS-20250211-15327	",2022-05-01,2022-05-31,"1536129515	","3205104477228	",1.000000,100,100.000000,2042.380000,2114.660000,72.28,72.28,0.7263,72.28,-,-,-,-,-,-,-,-,-,-,-,-,-,-,-,-,-,-,-,-,-,-,46.46,6.04,-,-
鑫龙家园莲花六号小区位置点,"ZDBZD-JS-2025-002255	","JFZDPT-JS-20250211-15327	",2022-05-01,2022-05-31,"1539373623	","3205104477230	",1.000000,100,100.000000,1974.890000,2048.000000,73.11,73.11,0.7281,73.11,-,-,-,-,-,-,-,-,-,-,-,-,-,-,-,-,-,-,-,-,-,-,47.11,6.12,-,-
鑫龙家园莲花六号小区位置点,"ZDBZD-JS-2025-002255	","JFZDPT-JS-20250211-15327	",2022-05-01,2022-05-31,"1543105444	","3205104477232	",1.000000,100,100.000000,1872.080000,1917.010000,44.93,44.93,0.7302,44.93,-,-,-,-,-,-,-,-,-,-,-,-,-,-,-,-,-,-,-,-,-,-,29.04,3.77,-,-
鑫龙家园莲花六号小区位置点,"ZDBZD-JS-2025-002255	","JFZDPT-JS-20250211-15327	",2022-05-01,2022-05-31,"1544951755	","3205104477235	",1.000000,100,100.000000,2048.780000,2121.460000,72.68,72.68,0.7324,72.68,-,-,-,-,-,-,-,-,-,-,-,-,-,-,-,-,-,-,-,-,-,-,47.11,6.12,-,-
鑫龙家园莲花六号小区位置点,"ZDBZD-JS-2025-002255	","JFZDPT-JS-20250211-15327	",2022-05-01,2022-05-31,"1544684094	","3205104477238	",1.000000,100,100.000000,2016.780000,2087.520000,70.74,70.74,0.7318,70.74,-,-,-,-,-,-,-,-,-,-,-,-,-,-,-,-,-,-,-,-,-,-,45.81,5.96,-,-
鑫龙家园莲花六号小区位置点,"ZDBZD-JS-2025-002255	","JFZDPT-JS-20250211-15327	",2022-05-01,2022-05-31,"1539602549	","3205104477339	",1.000000,100,100.000000,2111.720000,2185.780000,74.06,74.06,0.7286,74.06,-,-,-,-,-,-,-,-,-,-,-,-,-,-,-,-,-,-,-,-,-,-,47.75,6.21,-,-
鑫龙家园莲花六号小区位置点,"ZDBZD-JS-2025-002255	","JFZDPT-JS-20250211-15327	",2022-05-01,2022-05-31,"1546160843	","3205104477340	",1.000000,100,100.000000,2082.610000,2155.590000,72.98,72.98,0.7294,72.98,-,-,-,-,-,-,-,-,-,-,-,-,-,-,-,-,-,-,-,-,-,-,47.11,6.12,-,-
鑫龙家园莲花六号小区位置点,"ZDBZD-JS-2025-002255	","JFZDPT-JS-20250211-15327	",2022-05-01,2022-05-31,"1546168926	","3205104477341	",1.000000,100,100.000000,2393.220000,2477.350000,84.13,84.13,0.728,84.13,-,-,-,-,-,-,-,-,-,-,-,-,-,-,-,-,-,-,-,-,-,-,54.2,7.05,-,-
鑫龙家园莲花六号小区位置点,"ZDBZD-JS-2025-002255	","JFZDPT-JS-20250211-15327	",2022-05-01,2022-05-31,"1542466276	","3205104477344	",1.000000,100,100.000000,1665.070000,1734.610000,69.54,69.54,0.734,69.54,-,-,-,-,-,-,-,-,-,-,-,-,-,-,-,-,-,-,-,-,-,-,45.17,5.87,-,-
鑫龙家园莲花六号小区位置点,"ZDBZD-JS-2025-002255	","JFZDPT-JS-20250211-15327	",2022-05-01,2022-05-31,"1536129516	","3205104477350	",1.000000,100,100.000000,2686.070000,2793.820000,107.75,107.75,0.7309,107.75,-,-,-,-,-,-,-,-,-,-,-,-,-,-,-,-,-,-,-,-,-,-,69.69,9.06,-,-
鑫龙家园莲花六号小区位置点,"ZDBZD-JS-2025-002255	","JFZDPT-JS-20250211-15843	",2022-06-01,2022-06-30,"1534337708	","3205104313087	",1.000000,100,100.000000,2165.790000,2211.920000,46.13,46.13,0.7299,46.13,-,-,-,-,-,-,-,-,-,-,-,-,-,-,-,-,-,-,-,-,-,-,29.8,3.87,-,-
鑫龙家园莲花六号小区位置点,"ZDBZD-JS-2025-002255	","JFZDPT-JS-20250211-15843	",2022-06-01,2022-06-30,"1534339435	","3205104313426	",1.000000,100,100.000000,1503.720000,1536.560000,32.84,32.84,0.7357,32.84,-,-,-,-,-,-,-,-,-,-,-,-,-,-,-,-,-,-,-,-,-,-,21.38,2.78,-,-
鑫龙家园莲花六号小区位置点,"ZDBZD-JS-2025-002255	","JFZDPT-JS-20250211-15843	",2022-06-01,2022-06-30,"1534349171	","3205104313433	",1.000000,100,100.000000,1489.780000,1522.070000,32.29,32.29,0.7253,32.29,-,-,-,-,-,-,-,-,-,-,-,-,-,-,-,-,-,-,-,-,-,-,20.73,2.69,-,-
鑫龙家园莲花六号小区位置点,"ZDBZD-JS-2025-002255	","JFZDPT-JS-20250211-15843	",2022-06-01,2022-06-30,"1554157659	","3205104313437	",1.000000,100,100.000000,1505.760000,1538.350000,32.59,32.59,0.7413,32.59,-,-,-,-,-,-,-,-,-,-,-,-,-,-,-,-,-,-,-,-,-,-,21.38,2.78,-,-
鑫龙家园莲花六号小区位置点,"ZDBZD-JS-2025-002255	","JFZDPT-JS-20250211-15843	",2022-06-01,2022-06-30,"1534339430	","3205104313446	",1.000000,100,100.000000,1420.870000,1453.580000,32.71,32.71,0.7386,32.71,-,-,-,-,-,-,-,-,-,-,-,-,-,-,-,-,-,-,-,-,-,-,21.38,2.78,-,-
鑫龙家园莲花六号小区位置点,"ZDBZD-JS-2025-002255	","JFZDPT-JS-20250211-15843	",2022-06-01,2022-06-30,"1534337522	","3205104313451	",1.000000,100,100.000000,1586.720000,1620.460000,33.74,33.74,0.7377,33.74,-,-,-,-,-,-,-,-,-,-,-,-,-,-,-,-,-,-,-,-,-,-,22.03,2.86,-,-
鑫龙家园莲花六号小区位置点,"ZDBZD-JS-2025-002255	","JFZDPT-JS-20250211-15843	",2022-06-01,2022-06-30,"1528107567	","3205104315707	",1.000000,100,100.000000,2132.030000,2177.350000,45.32,45.32,0.7268,45.32,-,-,-,-,-,-,-,-,-,-,-,-,-,-,-,-,-,-,-,-,-,-,29.15,3.79,-,-
鑫龙家园莲花六号小区位置点,"ZDBZD-JS-2025-002255	","JFZDPT-JS-20250211-15843	",2022-06-01,2022-06-30,"1556867474	","3205104315719	",1.000000,100,100.000000,1555.550000,1588.070000,32.52,32.52,0.7429,32.52,-,-,-,-,-,-,-,-,-,-,-,-,-,-,-,-,-,-,-,-,-,-,21.38,2.78,-,-
鑫龙家园莲花六号小区位置点,"ZDBZD-JS-2025-002255	","JFZDPT-JS-20250211-15843	",2022-06-01,2022-06-30,"1528102930	","3205104315726	",1.000000,100,100.000000,1536.310000,1569.300000,32.99,32.99,0.7323,32.99,-,-,-,-,-,-,-,-,-,-,-,-,-,-,-,-,-,-,-,-,-,-,21.38,2.78,-,-
鑫龙家园莲花六号小区位置点,"ZDBZD-JS-2025-002255	","JFZDPT-JS-20250211-15843	",2022-06-01,2022-06-30,"1559570474	","3205104353226	",1.000000,100,100.000000,1288.290000,1450.480000,162.19,162.19,0.7311,162.19,-,-,-,-,-,-,-,-,-,-,-,-,-,-,-,-,-,-,-,-,-,-,104.94,13.64,-,-
鑫龙家园莲花六号小区位置点,"ZDBZD-JS-2025-002255	","JFZDPT-JS-20250211-15843	",2022-06-01,2022-06-30,"1547726877	","3205104472953	",1.000000,100,100.000000,2027.080000,2098.110000,71.03,71.03,0.7317,71.03,-,-,-,-,-,-,-,-,-,-,-,-,-,-,-,-,-,-,-,-,-,-,45.99,5.98,-,-
鑫龙家园莲花六号小区位置点,"ZDBZD-JS-2025-002255	","JFZDPT-JS-20250211-15843	",2022-06-01,2022-06-30,"1547633945	","3205104472957	",1.000000,100,100.000000,2468.670000,2541.690000,73.02,73.02,0.7319,73.02,-,-,-,-,-,-,-,-,-,-,-,-,-,-,-,-,-,-,-,-,-,-,47.29,6.15,-,-
鑫龙家园莲花六号小区位置点,"ZDBZD-JS-2025-002255	","JFZDPT-JS-20250211-15843	",2022-06-01,2022-06-30,"1547633944	","3205104472959	",1.000000,100,100.000000,1997.080000,2066.500000,69.42,69.42,0.7276,69.42,-,-,-,-,-,-,-,-,-,-,-,-,-,-,-,-,-,-,-,-,-,-,44.7,5.81,-,-
鑫龙家园莲花六号小区位置点,"ZDBZD-JS-2025-002255	","JFZDPT-JS-20250211-15843	",2022-06-01,2022-06-30,"1547633946	","3205104472963	",1.000000,100,100.000000,1820.530000,1892.640000,72.11,72.11,0.7308,72.11,-,-,-,-,-,-,-,-,-,-,-,-,-,-,-,-,-,-,-,-,-,-,46.64,6.06,-,-
鑫龙家园莲花六号小区位置点,"ZDBZD-JS-2025-002255	","JFZDPT-JS-20250211-15843	",2022-06-01,2022-06-30,"1547634578	","3205104472970	",1.000000,100,100.000000,1697.520000,1749.260000,51.74,51.74,0.7356,51.74,-,-,-,-,-,-,-,-,-,-,-,-,-,-,-,-,-,-,-,-,-,-,33.68,4.38,-,-
鑫龙家园莲花六号小区位置点,"ZDBZD-JS-2025-002255	","JFZDPT-JS-20250211-15843	",2022-06-01,2022-06-30,"1547728488	","3205104474427	",1.000000,100,100.000000,2010.250000,2080.380000,70.13,70.13,0.7306,70.13,-,-,-,-,-,-,-,-,-,-,-,-,-,-,-,-,-,-,-,-,-,-,45.35,5.89,-,-
鑫龙家园莲花六号小区位置点,"ZDBZD-JS-2025-002255	","JFZDPT-JS-20250211-15843	",2022-06-01,2022-06-30,"1547719754	","3205104474457	",1.000000,100,100.000000,5222.190000,5399.350000,177.16,177.16,0.7313,177.16,-,-,-,-,-,-,-,-,-,-,-,-,-,-,-,-,-,-,-,-,-,-,114.65,14.91,-,-
鑫龙家园莲花六号小区位置点,"ZDBZD-JS-2025-002255	","JFZDPT-JS-20250211-15843	",2022-06-01,2022-06-30,"1547728484	","3205104474463	",1.000000,100,100.000000,2023.930000,2026.040000,2.11,2.11,0.6919,2.11,-,-,-,-,-,-,-,-,-,-,-,-,-,-,-,-,-,-,-,-,-,-,1.29,0.17,-,-
鑫龙家园莲花六号小区位置点,"ZDBZD-JS-2025-002255	","JFZDPT-JS-20250211-15843	",2022-06-01,2022-06-30,"1547719759	","3205104474467	",1.000000,100,100.000000,2133.350000,2203.820000,70.47,70.47,0.7271,70.47,-,-,-,-,-,-,-,-,-,-,-,-,-,-,-,-,-,-,-,-,-,-,45.35,5.89,-,-
鑫龙家园莲花六号小区位置点,"ZDBZD-JS-2025-002255	","JFZDPT-JS-20250211-15843	",2022-06-01,2022-06-30,"1534271368	","3205104476753	",1.000000,100,100.000000,1943.090000,2009.810000,66.72,66.72,0.735,66.72,-,-,-,-,-,-,-,-,-,-,-,-,-,-,-,-,-,-,-,-,-,-,43.4,5.64,-,-
鑫龙家园莲花六号小区位置点,"ZDBZD-JS-2025-002255	","JFZDPT-JS-20250211-15843	",2022-06-01,2022-06-30,"1542462053	","3205104476756	",1.000000,100,100.000000,1812.840000,1866.980000,54.14,54.14,0.7301,54.14,-,-,-,-,-,-,-,-,-,-,-,-,-,-,-,-,-,-,-,-,-,-,34.98,4.55,-,-
鑫龙家园莲花六号小区位置点,"ZDBZD-JS-2025-002255	","JFZDPT-JS-20250211-15843	",2022-06-01,2022-06-30,"1534365028	","3205104476757	",1.000000,100,100.000000,2012.610000,2082.740000,70.13,70.13,0.7306,70.13,-,-,-,-,-,-,-,-,-,-,-,-,-,-,-,-,-,-,-,-,-,-,45.35,5.89,-,-
鑫龙家园莲花六号小区位置点,"ZDBZD-JS-2025-002255	","JFZDPT-JS-20250211-15843	",2022-06-01,2022-06-30,"1535669055	","3205104476759	",1.000000,100,100.000000,2833.530000,2929.330000,95.8,95.8,0.7335,95.8,-,-,-,-,-,-,-,-,-,-,-,-,-,-,-,-,-,-,-,-,-,-,62.19,8.08,-,-
鑫龙家园莲花六号小区位置点,"ZDBZD-JS-2025-002255	","JFZDPT-JS-20250211-15843	",2022-06-01,2022-06-30,"1535960714	","3205104476763	",1.000000,100,100.000000,4463.330000,4609.490000,146.16,146.16,0.7312,146.16,-,-,-,-,-,-,-,-,-,-,-,-,-,-,-,-,-,-,-,-,-,-,94.58,12.29,-,-
鑫龙家园莲花六号小区位置点,"ZDBZD-JS-2025-002255	","JFZDPT-JS-20250211-15843	",2022-06-01,2022-06-30,"1543218796	","3205104476766	",1.000000,100,100.000000,2162.070000,2232.700000,70.63,70.63,0.7358,70.63,-,-,-,-,-,-,-,-,-,-,-,-,-,-,-,-,-,-,-,-,-,-,45.99,5.98,-,-
鑫龙家园莲花六号小区位置点,"ZDBZD-JS-2025-002255	","JFZDPT-JS-20250211-15843	",2022-06-01,2022-06-30,"1539721710	","3205104476768	",1.000000,100,100.000000,2097.720000,2165.920000,68.2,68.2,0.7299,68.2,-,-,-,-,-,-,-,-,-,-,-,-,-,-,-,-,-,-,-,-,-,-,44.05,5.73,-,-
鑫龙家园莲花六号小区位置点,"ZDBZD-JS-2025-002255	","JFZDPT-JS-20250211-15843	",2022-06-01,2022-06-30,"1534340339	","3205104476772	",1.000000,100,100.000000,1452.570000,1498.720000,46.15,46.15,0.7296,46.15,-,-,-,-,-,-,-,-,-,-,-,-,-,-,-,-,-,-,-,-,-,-,29.8,3.87,-,-
鑫龙家园莲花六号小区位置点,"ZDBZD-JS-2025-002255	","JFZDPT-JS-20250211-15843	",2022-06-01,2022-06-30,"1542222948	","3205104476774	",1.000000,100,100.000000,2020.360000,2089.530000,69.17,69.17,0.7302,69.17,-,-,-,-,-,-,-,-,-,-,-,-,-,-,-,-,-,-,-,-,-,-,44.7,5.81,-,-
鑫龙家园莲花六号小区位置点,"ZDBZD-JS-2025-002255	","JFZDPT-JS-20250211-15843	",2022-06-01,2022-06-30,"1536674431	","3205104477226	",1.000000,100,100.000000,2356.530000,2431.930000,75.4,75.4,0.7281,75.4,-,-,-,-,-,-,-,-,-,-,-,-,-,-,-,-,-,-,-,-,-,-,48.58,6.32,-,-
鑫龙家园莲花六号小区位置点,"ZDBZD-JS-2025-002255	","JFZDPT-JS-20250211-15843	",2022-06-01,2022-06-30,"1536129515	","3205104477228	",1.000000,100,100.000000,2114.660000,2184.820000,70.16,70.16,0.7303,70.16,-,-,-,-,-,-,-,-,-,-,-,-,-,-,-,-,-,-,-,-,-,-,45.35,5.89,-,-
鑫龙家园莲花六号小区位置点,"ZDBZD-JS-2025-002255	","JFZDPT-JS-20250211-15843	",2022-06-01,2022-06-30,"1539373623	","3205104477230	",1.000000,100,100.000000,2048.000000,2117.150000,69.15,69.15,0.7304,69.15,-,-,-,-,-,-,-,-,-,-,-,-,-,-,-,-,-,-,-,-,-,-,44.7,5.81,-,-
鑫龙家园莲花六号小区位置点,"ZDBZD-JS-2025-002255	","JFZDPT-JS-20250211-15843	",2022-06-01,2022-06-30,"1543105444	","3205104477232	",1.000000,100,100.000000,1917.010000,1960.490000,43.48,43.48,0.724,43.48,-,-,-,-,-,-,-,-,-,-,-,-,-,-,-,-,-,-,-,-,-,-,27.86,3.62,-,-
鑫龙家园莲花六号小区位置点,"ZDBZD-JS-2025-002255	","JFZDPT-JS-20250211-15843	",2022-06-01,2022-06-30,"1544951755	","3205104477235	",1.000000,100,100.000000,2121.460000,2191.900000,70.44,70.44,0.7274,70.44,-,-,-,-,-,-,-,-,-,-,-,-,-,-,-,-,-,-,-,-,-,-,45.35,5.89,-,-
鑫龙家园莲花六号小区位置点,"ZDBZD-JS-2025-002255	","JFZDPT-JS-20250211-15843	",2022-06-01,2022-06-30,"1544684094	","3205104477238	",1.000000,100,100.000000,2087.520000,2156.350000,68.83,68.83,0.7338,68.83,-,-,-,-,-,-,-,-,-,-,-,-,-,-,-,-,-,-,-,-,-,-,44.7,5.81,-,-
鑫龙家园莲花六号小区位置点,"ZDBZD-JS-2025-002255	","JFZDPT-JS-20250211-15843	",2022-06-01,2022-06-30,"1539602549	","3205104477339	",1.000000,100,100.000000,2185.780000,2257.840000,72.06,72.06,0.7313,72.06,-,-,-,-,-,-,-,-,-,-,-,-,-,-,-,-,-,-,-,-,-,-,46.64,6.06,-,-
鑫龙家园莲花六号小区位置点,"ZDBZD-JS-2025-002255	","JFZDPT-JS-20250211-15843	",2022-06-01,2022-06-30,"1546160843	","3205104477340	",1.000000,100,100.000000,2155.590000,2226.630000,71.04,71.04,0.7316,71.04,-,-,-,-,-,-,-,-,-,-,-,-,-,-,-,-,-,-,-,-,-,-,45.99,5.98,-,-
鑫龙家园莲花六号小区位置点,"ZDBZD-JS-2025-002255	","JFZDPT-JS-20250211-15843	",2022-06-01,2022-06-30,"1546168926	","3205104477341	",1.000000,100,100.000000,2477.350000,2559.100000,81.75,81.75,0.7342,81.75,-,-,-,-,-,-,-,-,-,-,-,-,-,-,-,-,-,-,-,-,-,-,53.12,6.9,-,-
鑫龙家园莲花六号小区位置点,"ZDBZD-JS-2025-002255	","JFZDPT-JS-20250211-15843	",2022-06-01,2022-06-30,"1542466276	","3205104477344	",1.000000,100,100.000000,1734.610000,1802.130000,67.52,67.52,0.7373,67.52,-,-,-,-,-,-,-,-,-,-,-,-,-,-,-,-,-,-,-,-,-,-,44.05,5.73,-,-
鑫龙家园莲花六号小区位置点,"ZDBZD-JS-2025-002255	","JFZDPT-JS-20250211-15843	",2022-06-01,2022-06-30,"1536129516	","3205104477350	",1.000000,100,100.000000,2793.820000,2898.570000,104.75,104.75,0.7337,104.75,-,-,-,-,-,-,-,-,-,-,-,-,-,-,-,-,-,-,-,-,-,-,68.02,8.84,-,-
鑫龙家园莲花六号小区位置点,"ZDBZD-JS-2025-002255	","JFZDPT-JS-20250212-04846	",2022-09-01,2022-09-30,"1534337708	","3205104313087	",1.000000,100,100.000000,2307.500000,2353.250000,45.75,45.75,0.7443,45.75,-,-,-,-,-,-,-,-,-,-,-,-,-,-,-,-,-,-,-,-,-,-,30.13,3.92,-,-
鑫龙家园莲花六号小区位置点,"ZDBZD-JS-2025-002255	","JFZDPT-JS-20250212-04846	",2022-09-01,2022-09-30,"1534339435	","3205104313426	",1.000000,100,100.000000,1604.480000,1637.040000,32.56,32.56,0.7503,32.56,-,-,-,-,-,-,-,-,-,-,-,-,-,-,-,-,-,-,-,-,-,-,21.62,2.81,-,-
鑫龙家园莲花六号小区位置点,"ZDBZD-JS-2025-002255	","JFZDPT-JS-20250212-04846	",2022-09-01,2022-09-30,"1534349171	","3205104313433	",1.000000,100,100.000000,1589.350000,1621.520000,32.17,32.17,0.7364,32.17,-,-,-,-,-,-,-,-,-,-,-,-,-,-,-,-,-,-,-,-,-,-,20.96,2.73,-,-
鑫龙家园莲花六号小区位置点,"ZDBZD-JS-2025-002255	","JFZDPT-JS-20250212-04846	",2022-09-01,2022-09-30,"1554157659	","3205104313437	",1.000000,100,100.000000,1605.430000,1637.690000,32.26,32.26,0.7343,32.26,-,-,-,-,-,-,-,-,-,-,-,-,-,-,-,-,-,-,-,-,-,-,20.96,2.73,-,-
鑫龙家园莲花六号小区位置点,"ZDBZD-JS-2025-002255	","JFZDPT-JS-20250212-04846	",2022-09-01,2022-09-30,"1534339430	","3205104313446	",1.000000,100,100.000000,1521.500000,1553.960000,32.46,32.46,0.7298,32.46,-,-,-,-,-,-,-,-,-,-,-,-,-,-,-,-,-,-,-,-,-,-,20.96,2.73,-,-
鑫龙家园莲花六号小区位置点,"ZDBZD-JS-2025-002255	","JFZDPT-JS-20250212-04846	",2022-09-01,2022-09-30,"1534337522	","3205104313451	",1.000000,100,100.000000,1692.050000,1726.960000,34.91,34.91,0.7422,34.91,-,-,-,-,-,-,-,-,-,-,-,-,-,-,-,-,-,-,-,-,-,-,22.93,2.98,-,-
鑫龙家园莲花六号小区位置点,"ZDBZD-JS-2025-002255	","JFZDPT-JS-20250212-04846	",2022-09-01,2022-09-30,"1528107567	","3205104315707	",1.000000,100,100.000000,2270.170000,2315.120000,44.95,44.95,0.741,44.95,-,-,-,-,-,-,-,-,-,-,-,-,-,-,-,-,-,-,-,-,-,-,29.48,3.83,-,-
鑫龙家园莲花六号小区位置点,"ZDBZD-JS-2025-002255	","JFZDPT-JS-20250212-04846	",2022-09-01,2022-09-30,"1556867474	","3205104315719	",1.000000,100,100.000000,39.730000,72.200000,32.47,32.47,0.7296,32.47,-,-,-,-,-,-,-,-,-,-,-,-,-,-,-,-,-,-,-,-,-,-,20.96,2.73,-,-
鑫龙家园莲花六号小区位置点,"ZDBZD-JS-2025-002255	","JFZDPT-JS-20250212-04846	",2022-09-01,2022-09-30,"1528102930	","3205104315726	",1.000000,100,100.000000,1637.650000,1670.450000,32.8,32.8,0.7448,32.8,-,-,-,-,-,-,-,-,-,-,-,-,-,-,-,-,-,-,-,-,-,-,21.62,2.81,-,-
鑫龙家园莲花六号小区位置点,"ZDBZD-JS-2025-002255	","JFZDPT-JS-20250212-04846	",2022-09-01,2022-09-30,"1559570474	","3205104353226	",1.000000,100,100.000000,1795.140000,1960.970000,165.83,165.83,0.7411,165.83,-,-,-,-,-,-,-,-,-,-,-,-,-,-,-,-,-,-,-,-,-,-,108.76,14.14,-,-
鑫龙家园莲花六号小区位置点,"ZDBZD-JS-2025-002255	","JFZDPT-JS-20250212-04846	",2022-09-01,2022-09-30,"1547726877	","3205104472953	",1.000000,100,100.000000,2244.850000,2315.520000,70.67,70.67,0.7437,70.67,-,-,-,-,-,-,-,-,-,-,-,-,-,-,-,-,-,-,-,-,-,-,46.51,6.05,-,-
鑫龙家园莲花六号小区位置点,"ZDBZD-JS-2025-002255	","JFZDPT-JS-20250212-04846	",2022-09-01,2022-09-30,"1547633945	","3205104472957	",1.000000,100,100.000000,2692.610000,2765.220000,72.61,72.61,0.7443,72.61,-,-,-,-,-,-,-,-,-,-,-,-,-,-,-,-,-,-,-,-,-,-,47.82,6.22,-,-
鑫龙家园莲花六号小区位置点,"ZDBZD-JS-2025-002255	","JFZDPT-JS-20250212-04846	",2022-09-01,2022-09-30,"1547633944	","3205104472959	",1.000000,100,100.000000,2209.960000,2278.840000,68.88,68.88,0.7416,68.88,-,-,-,-,-,-,-,-,-,-,-,-,-,-,-,-,-,-,-,-,-,-,45.2,5.88,-,-
鑫龙家园莲花六号小区位置点,"ZDBZD-JS-2025-002255	","JFZDPT-JS-20250212-04846	",2022-09-01,2022-09-30,"1547633946	","3205104472963	",1.000000,100,100.000000,2041.460000,2113.060000,71.6,71.6,0.7444,71.6,-,-,-,-,-,-,-,-,-,-,-,-,-,-,-,-,-,-,-,-,-,-,47.17,6.13,-,-
鑫龙家园莲花六号小区位置点,"ZDBZD-JS-2025-002255	","JFZDPT-JS-20250212-04846	",2022-09-01,2022-09-30,"1547634578	","3205104472970	",1.000000,100,100.000000,1856.580000,1908.300000,51.72,51.72,0.7444,51.72,-,-,-,-,-,-,-,-,-,-,-,-,-,-,-,-,-,-,-,-,-,-,34.07,4.43,-,-
鑫龙家园莲花六号小区位置点,"ZDBZD-JS-2025-002255	","JFZDPT-JS-20250212-04846	",2022-09-01,2022-09-30,"1547728488	","3205104474427	",1.000000,100,100.000000,2225.070000,2294.750000,69.68,69.68,0.7437,69.68,-,-,-,-,-,-,-,-,-,-,-,-,-,-,-,-,-,-,-,-,-,-,45.86,5.96,-,-
鑫龙家园莲花六号小区位置点,"ZDBZD-JS-2025-002255	","JFZDPT-JS-20250212-04846	",2022-09-01,2022-09-30,"1547719754	","3205104474457	",1.000000,100,100.000000,5729.270000,5887.110000,157.84,157.84,0.7411,157.84,-,-,-,-,-,-,-,-,-,-,-,-,-,-,-,-,-,-,-,-,-,-,103.52,13.46,-,-
鑫龙家园莲花六号小区位置点,"ZDBZD-JS-2025-002255	","JFZDPT-JS-20250212-04846	",2022-09-01,2022-09-30,"1547728484	","3205104474463	",1.000000,100,100.000000,2026.040000,2026.040000,0,0,0.736,0,-,-,-,-,-,-,-,-,-,-,-,-,-,-,-,-,-,-,-,-,-,-,0,0,-,-
鑫龙家园莲花六号小区位置点,"ZDBZD-JS-2025-002255	","JFZDPT-JS-20250212-04846	",2022-09-01,2022-09-30,"1547719759	","3205104474467	",1.000000,100,100.000000,2349.330000,2419.340000,70.01,70.01,0.7402,70.01,-,-,-,-,-,-,-,-,-,-,-,-,-,-,-,-,-,-,-,-,-,-,45.86,5.96,-,-
鑫龙家园莲花六号小区位置点,"ZDBZD-JS-2025-002255	","JFZDPT-JS-20250212-04846	",2022-09-01,2022-09-30,"1534271368	","3205104476753	",1.000000,100,100.000000,2130.670000,2198.990000,68.32,68.32,0.7368,68.32,-,-,-,-,-,-,-,-,-,-,-,-,-,-,-,-,-,-,-,-,-,-,44.55,5.79,-,-
鑫龙家园莲花六号小区位置点,"ZDBZD-JS-2025-002255	","JFZDPT-JS-20250212-04846	",2022-09-01,2022-09-30,"1542462053	","3205104476756	",1.000000,100,100.000000,1979.000000,2032.890000,53.89,53.89,0.7419,53.89,-,-,-,-,-,-,-,-,-,-,-,-,-,-,-,-,-,-,-,-,-,-,35.38,4.6,-,-
鑫龙家园莲花六号小区位置点,"ZDBZD-JS-2025-002255	","JFZDPT-JS-20250212-04846	",2022-09-01,2022-09-30,"1534365028	","3205104476757	",1.000000,100,100.000000,2210.450000,2282.220000,71.77,71.77,0.7427,71.77,-,-,-,-,-,-,-,-,-,-,-,-,-,-,-,-,-,-,-,-,-,-,47.17,6.13,-,-
鑫龙家园莲花六号小区位置点,"ZDBZD-JS-2025-002255	","JFZDPT-JS-20250212-04846	",2022-09-01,2022-09-30,"1535669055	","3205104476759	",1.000000,100,100.000000,3101.080000,3199.470000,98.39,98.39,0.7374,98.39,-,-,-,-,-,-,-,-,-,-,-,-,-,-,-,-,-,-,-,-,-,-,64.2,8.35,-,-
鑫龙家园莲花六号小区位置点,"ZDBZD-JS-2025-002255	","JFZDPT-JS-20250212-04846	",2022-09-01,2022-09-30,"1535960714	","3205104476763	",1.000000,100,100.000000,4912.290000,5053.060000,140.77,140.77,0.7415,140.77,-,-,-,-,-,-,-,-,-,-,-,-,-,-,-,-,-,-,-,-,-,-,92.37,12.01,-,-
鑫龙家园莲花六号小区位置点,"ZDBZD-JS-2025-002255	","JFZDPT-JS-20250212-04846	",2022-09-01,2022-09-30,"1543218796	","3205104476766	",1.000000,100,100.000000,2379.010000,2449.320000,70.31,70.31,0.737,70.31,-,-,-,-,-,-,-,-,-,-,-,-,-,-,-,-,-,-,-,-,-,-,45.86,5.96,-,-
鑫龙家园莲花六号小区位置点,"ZDBZD-JS-2025-002255	","JFZDPT-JS-20250212-04846	",2022-09-01,2022-09-30,"1539721710	","3205104476768	",1.000000,100,100.000000,2307.320000,2375.120000,67.8,67.8,0.7425,67.8,-,-,-,-,-,-,-,-,-,-,-,-,-,-,-,-,-,-,-,-,-,-,44.55,5.79,-,-
鑫龙家园莲花六号小区位置点,"ZDBZD-JS-2025-002255	","JFZDPT-JS-20250212-04846	",2022-09-01,2022-09-30,"1534340339	","3205104476772	",1.000000,100,100.000000,1594.400000,1640.480000,46.08,46.08,0.7389,46.08,-,-,-,-,-,-,-,-,-,-,-,-,-,-,-,-,-,-,-,-,-,-,30.13,3.92,-,-
鑫龙家园莲花六号小区位置点,"ZDBZD-JS-2025-002255	","JFZDPT-JS-20250212-04846	",2022-09-01,2022-09-30,"1542222948	","3205104476774	",1.000000,100,100.000000,2214.250000,2270.870000,56.62,56.62,0.7453,56.62,-,-,-,-,-,-,-,-,-,-,-,-,-,-,-,-,-,-,-,-,-,-,37.35,4.85,-,-
鑫龙家园莲花六号小区位置点,"ZDBZD-JS-2025-002255	","JFZDPT-JS-20250212-04846	",2022-09-01,2022-09-30,"1536674431	","3205104477226	",1.000000,100,100.000000,2588.320000,2663.380000,75.06,75.06,0.7397,75.06,-,-,-,-,-,-,-,-,-,-,-,-,-,-,-,-,-,-,-,-,-,-,49.13,6.39,-,-
鑫龙家园莲花六号小区位置点,"ZDBZD-JS-2025-002255	","JFZDPT-JS-20250212-04846	",2022-09-01,2022-09-30,"1536129515	","3205104477228	",1.000000,100,100.000000,2329.730000,2399.440000,69.71,69.71,0.7434,69.71,-,-,-,-,-,-,-,-,-,-,-,-,-,-,-,-,-,-,-,-,-,-,45.86,5.96,-,-
鑫龙家园莲花六号小区位置点,"ZDBZD-JS-2025-002255	","JFZDPT-JS-20250212-04846	",2022-09-01,2022-09-30,"1539373623	","3205104477230	",1.000000,100,100.000000,2242.030000,2313.000000,70.97,70.97,0.7406,70.97,-,-,-,-,-,-,-,-,-,-,-,-,-,-,-,-,-,-,-,-,-,-,46.51,6.05,-,-
鑫龙家园莲花六号小区位置点,"ZDBZD-JS-2025-002255	","JFZDPT-JS-20250212-04846	",2022-09-01,2022-09-30,"1543105444	","3205104477232	",1.000000,100,100.000000,2050.310000,2093.770000,43.46,43.46,0.7324,43.46,-,-,-,-,-,-,-,-,-,-,-,-,-,-,-,-,-,-,-,-,-,-,28.17,3.66,-,-
鑫龙家园莲花六号小区位置点,"ZDBZD-JS-2025-002255	","JFZDPT-JS-20250212-04846	",2022-09-01,2022-09-30,"1544951755	","3205104477235	",1.000000,100,100.000000,2337.150000,2407.230000,70.08,70.08,0.7394,70.08,-,-,-,-,-,-,-,-,-,-,-,-,-,-,-,-,-,-,-,-,-,-,45.86,5.96,-,-
鑫龙家园莲花六号小区位置点,"ZDBZD-JS-2025-002255	","JFZDPT-JS-20250212-04846	",2022-09-01,2022-09-30,"1544684094	","3205104477238	",1.000000,100,100.000000,2299.320000,2367.900000,68.58,68.58,0.7448,68.58,-,-,-,-,-,-,-,-,-,-,-,-,-,-,-,-,-,-,-,-,-,-,45.2,5.88,-,-
鑫龙家园莲花六号小区位置点,"ZDBZD-JS-2025-002255	","JFZDPT-JS-20250212-04846	",2022-09-01,2022-09-30,"1539602549	","3205104477339	",1.000000,100,100.000000,2406.860000,2478.060000,71.2,71.2,0.7382,71.2,-,-,-,-,-,-,-,-,-,-,-,-,-,-,-,-,-,-,-,-,-,-,46.51,6.05,-,-
鑫龙家园莲花六号小区位置点,"ZDBZD-JS-2025-002255	","JFZDPT-JS-20250212-04846	",2022-09-01,2022-09-30,"1546160843	","3205104477340	",1.000000,100,100.000000,2373.840000,2444.190000,70.35,70.35,0.7366,70.35,-,-,-,-,-,-,-,-,-,-,-,-,-,-,-,-,-,-,-,-,-,-,45.86,5.96,-,-
鑫龙家园莲花六号小区位置点,"ZDBZD-JS-2025-002255	","JFZDPT-JS-20250212-04846	",2022-09-01,2022-09-30,"1546168926	","3205104477341	",1.000000,100,100.000000,2728.760000,2810.230000,81.47,81.47,0.736,81.47,-,-,-,-,-,-,-,-,-,-,-,-,-,-,-,-,-,-,-,-,-,-,53.06,6.9,-,-
鑫龙家园莲花六号小区位置点,"ZDBZD-JS-2025-002255	","JFZDPT-JS-20250212-04846	",2022-09-01,2022-09-30,"1542466276	","3205104477344	",1.000000,100,100.000000,1941.940000,2008.970000,67.03,67.03,0.74,67.03,-,-,-,-,-,-,-,-,-,-,-,-,-,-,-,-,-,-,-,-,-,-,43.89,5.71,-,-
鑫龙家园莲花六号小区位置点,"ZDBZD-JS-2025-002255	","JFZDPT-JS-20250212-04846	",2022-09-01,2022-09-30,"1536129516	","3205104477350	",1.000000,100,100.000000,3080.780000,3154.330000,73.55,73.55,0.7448,73.55,-,-,-,-,-,-,-,-,-,-,-,-,-,-,-,-,-,-,-,-,-,-,48.48,6.3,-,-
鑫龙家园莲花六号小区位置点,"ZDBZD-JS-2025-002255	","JFZDPT-JS-20250217-06126	",2024-11-01,2024-11-30,"1534337708	","3205104313087	",1.000000,100,100.000000,3505.770000,3550.950000,45.18,45.18,0.7492,45.18,-,-,-,-,-,-,-,-,-,-,-,-,-,-,-,-,-,-,-,-,-,-,29.96,3.89,-,-
鑫龙家园莲花六号小区位置点,"ZDBZD-JS-2025-002255	","JFZDPT-JS-20250217-06126	",2024-11-01,2024-11-30,"1534339435	","3205104313426	",1.000000,100,100.000000,2565.190000,2596.640000,31.45,31.45,0.7415,31.45,-,-,-,-,-,-,-,-,-,-,-,-,-,-,-,-,-,-,-,-,-,-,20.64,2.68,-,-
鑫龙家园莲花六号小区位置点,"ZDBZD-JS-2025-002255	","JFZDPT-JS-20250217-06126	",2024-11-01,2024-11-30,"1534349171	","3205104313433	",1.000000,100,100.000000,2430.150000,2461.790000,31.64,31.64,0.7607,31.64,-,-,-,-,-,-,-,-,-,-,-,-,-,-,-,-,-,-,-,-,-,-,21.3,2.77,-,-
鑫龙家园莲花六号小区位置点,"ZDBZD-JS-2025-002255	","JFZDPT-JS-20250217-06126	",2024-11-01,2024-11-30,"1554157659	","3205104313437	",1.000000,100,100.000000,2441.330000,40.020000,99997598.69,"99,997,598.69",0.752,99997598.69,-,-,-,-,-,-,-,-,-,-,-,-,-,-,-,-,-,-,-,-,-,-,66547074.52,8651119.69,-,-
鑫龙家园莲花六号小区位置点,"ZDBZD-JS-2025-002255	","JFZDPT-JS-20250217-06126	",2024-11-01,2024-11-30,"1534339430	","3205104313446	",1.000000,100,100.000000,2367.200000,2398.810000,31.61,31.61,0.7615,31.61,-,-,-,-,-,-,-,-,-,-,-,-,-,-,-,-,-,-,-,-,-,-,21.3,2.77,-,-
鑫龙家园莲花六号小区位置点,"ZDBZD-JS-2025-002255	","JFZDPT-JS-20250217-06126	",2024-11-01,2024-11-30,"1534337522	","3205104313451	",1.000000,100,100.000000,2574.320000,2607.110000,32.79,32.79,0.7569,32.79,-,-,-,-,-,-,-,-,-,-,-,-,-,-,-,-,-,-,-,-,-,-,21.96,2.86,-,-
鑫龙家园莲花六号小区位置点,"ZDBZD-JS-2025-002255	","JFZDPT-JS-20250217-06126	",2024-11-01,2024-11-30,"1528107567	","3205104315707	",1.000000,100,100.000000,3421.810000,3466.640000,44.83,44.83,0.7551,44.83,-,-,-,-,-,-,-,-,-,-,-,-,-,-,-,-,-,-,-,-,-,-,29.96,3.89,-,-
鑫龙家园莲花六号小区位置点,"ZDBZD-JS-2025-002255	","JFZDPT-JS-20250217-06126	",2024-11-01,2024-11-30,"1556867474	","3205104315719	",1.000000,100,100.000000,890.000000,922.470000,32.47,32.47,0.7413,32.47,-,-,-,-,-,-,-,-,-,-,-,-,-,-,-,-,-,-,-,-,-,-,21.3,2.77,-,-
鑫龙家园莲花六号小区位置点,"ZDBZD-JS-2025-002255	","JFZDPT-JS-20250217-06126	",2024-11-01,2024-11-30,"1528102930	","3205104315726	",1.000000,100,100.000000,2473.190000,2504.480000,31.29,31.29,0.7453,31.29,-,-,-,-,-,-,-,-,-,-,-,-,-,-,-,-,-,-,-,-,-,-,20.64,2.68,-,-
鑫龙家园莲花六号小区位置点,"ZDBZD-JS-2025-002255	","JFZDPT-JS-20250217-06126	",2024-11-01,2024-11-30,"1559570474	","3205104353226	",1.000000,100,100.000000,3566.840000,3706.090000,139.25,139.25,0.7509,139.25,-,-,-,-,-,-,-,-,-,-,-,-,-,-,-,-,-,-,-,-,-,-,92.53,12.03,-,-
鑫龙家园莲花六号小区位置点,"ZDBZD-JS-2025-002255	","JFZDPT-JS-20250217-06126	",2024-11-01,2024-11-30,"1547726877	","3205104472953	",1.000000,100,100.000000,4107.100000,4177.450000,70.35,70.35,0.7485,70.35,-,-,-,-,-,-,-,-,-,-,-,-,-,-,-,-,-,-,-,-,-,-,46.6,6.06,-,-
鑫龙家园莲花六号小区位置点,"ZDBZD-JS-2025-002255	","JFZDPT-JS-20250217-06126	",2024-11-01,2024-11-30,"1547633945	","3205104472957	",1.000000,100,100.000000,5079.530000,5175.330000,95.8,95.8,0.7538,95.8,-,-,-,-,-,-,-,-,-,-,-,-,-,-,-,-,-,-,-,-,-,-,63.9,8.31,-,-
鑫龙家园莲花六号小区位置点,"ZDBZD-JS-2025-002255	","JFZDPT-JS-20250217-06126	",2024-11-01,2024-11-30,"1547633944	","3205104472959	",1.000000,100,100.000000,4022.160000,4090.550000,68.39,68.39,0.7479,68.39,-,-,-,-,-,-,-,-,-,-,-,-,-,-,-,-,-,-,-,-,-,-,45.27,5.88,-,-
鑫龙家园莲花六号小区位置点,"ZDBZD-JS-2025-002255	","JFZDPT-JS-20250217-06126	",2024-11-01,2024-11-30,"1547633946	","3205104472963	",1.000000,100,100.000000,3896.570000,3967.840000,71.27,71.27,0.7494,71.27,-,-,-,-,-,-,-,-,-,-,-,-,-,-,-,-,-,-,-,-,-,-,47.27,6.14,-,-
鑫龙家园莲花六号小区位置点,"ZDBZD-JS-2025-002255	","JFZDPT-JS-20250217-06126	",2024-11-01,2024-11-30,"1547634578	","3205104472970	",1.000000,100,100.000000,3181.820000,3225.170000,43.35,43.35,0.7463,43.35,-,-,-,-,-,-,-,-,-,-,-,-,-,-,-,-,-,-,-,-,-,-,28.63,3.72,-,-
鑫龙家园莲花六号小区位置点,"ZDBZD-JS-2025-002255	","JFZDPT-JS-20250217-06126	",2024-11-01,2024-11-30,"1547728488	","3205104474427	",1.000000,100,100.000000,4063.530000,4132.900000,69.37,69.37,0.7482,69.37,-,-,-,-,-,-,-,-,-,-,-,-,-,-,-,-,-,-,-,-,-,-,45.93,5.97,-,-
鑫龙家园莲花六号小区位置点,"ZDBZD-JS-2025-002255	","JFZDPT-JS-20250217-06126	",2024-11-01,2024-11-30,"1547719754	","3205104474457	",1.000000,100,100.000000,9890.270000,10054.570000,164.3,164.3,0.7509,164.3,-,-,-,-,-,-,-,-,-,-,-,-,-,-,-,-,-,-,-,-,-,-,109.18,14.19,-,-
鑫龙家园莲花六号小区位置点,"ZDBZD-JS-2025-002255	","JFZDPT-JS-20250217-06126	",2024-11-01,2024-11-30,"1547728484	","3205104474463	",1.000000,100,100.000000,3388.270000,3456.850000,68.58,68.58,0.7568,68.58,-,-,-,-,-,-,-,-,-,-,-,-,-,-,-,-,-,-,-,-,-,-,45.93,5.97,-,-
鑫龙家园莲花六号小区位置点,"ZDBZD-JS-2025-002255	","JFZDPT-JS-20250217-06126	",2024-11-01,2024-11-30,"1547719759	","3205104474467	",1.000000,100,100.000000,3942.170000,4014.130000,71.96,71.96,0.7526,71.96,-,-,-,-,-,-,-,-,-,-,-,-,-,-,-,-,-,-,-,-,-,-,47.93,6.23,-,-
鑫龙家园莲花六号小区位置点,"ZDBZD-JS-2025-002255	","JFZDPT-JS-20250217-06126	",2024-11-01,2024-11-30,"1534271368	","3205104476753	",1.000000,100,100.000000,2890.970000,2890.970000,0,0,0.7961,0,-,-,-,-,-,-,-,-,-,-,-,-,-,-,-,-,-,-,-,-,-,-,0,0,-,-
鑫龙家园莲花六号小区位置点,"ZDBZD-JS-2025-002255	","JFZDPT-JS-20250217-06126	",2024-11-01,2024-11-30,"1542462053	","3205104476756	",1.000000,100,100.000000,3400.220000,3454.020000,53.8,53.8,0.755,53.8,-,-,-,-,-,-,-,-,-,-,-,-,-,-,-,-,-,-,-,-,-,-,35.95,4.67,-,-
鑫龙家园莲花六号小区位置点,"ZDBZD-JS-2025-002255	","JFZDPT-JS-20250217-06126	",2024-11-01,2024-11-30,"1534365028	","3205104476757	",1.000000,100,100.000000,3882.870000,3947.400000,64.53,64.53,0.7578,64.53,-,-,-,-,-,-,-,-,-,-,-,-,-,-,-,-,-,-,-,-,-,-,43.27,5.63,-,-
鑫龙家园莲花六号小区位置点,"ZDBZD-JS-2025-002255	","JFZDPT-JS-20250217-06126	",2024-11-01,2024-11-30,"1535669055	","3205104476759	",1.000000,100,100.000000,4846.110000,4848.870000,2.76,2.76,0.753,2.76,-,-,-,-,-,-,-,-,-,-,-,-,-,-,-,-,-,-,-,-,-,-,1.84,0.24,-,-
鑫龙家园莲花六号小区位置点,"ZDBZD-JS-2025-002255	","JFZDPT-JS-20250217-06126	",2024-11-01,2024-11-30,"1535960714	","3205104476763	",1.000000,100,100.000000,8527.450000,8657.060000,129.61,129.61,0.7545,129.61,-,-,-,-,-,-,-,-,-,-,-,-,-,-,-,-,-,-,-,-,-,-,86.54,11.25,-,-
鑫龙家园莲花六号小区位置点,"ZDBZD-JS-2025-002255	","JFZDPT-JS-20250217-06126	",2024-11-01,2024-11-30,"1543218796	","3205104476766	",1.000000,100,100.000000,4227.900000,4297.690000,69.79,69.79,0.7545,69.79,-,-,-,-,-,-,-,-,-,-,-,-,-,-,-,-,-,-,-,-,-,-,46.6,6.06,-,-
鑫龙家园莲花六号小区位置点,"ZDBZD-JS-2025-002255	","JFZDPT-JS-20250217-06126	",2024-11-01,2024-11-30,"1539721710	","3205104476768	",1.000000,100,100.000000,4091.120000,4158.410000,67.29,67.29,0.749,67.29,-,-,-,-,-,-,-,-,-,-,-,-,-,-,-,-,-,-,-,-,-,-,44.6,5.8,-,-
鑫龙家园莲花六号小区位置点,"ZDBZD-JS-2025-002255	","JFZDPT-JS-20250217-06126	",2024-11-01,2024-11-30,"1534340339	","3205104476772	",1.000000,100,100.000000,3270.600000,3339.710000,69.11,69.11,0.751,69.11,-,-,-,-,-,-,-,-,-,-,-,-,-,-,-,-,-,-,-,-,-,-,45.93,5.97,-,-
鑫龙家园莲花六号小区位置点,"ZDBZD-JS-2025-002255	","JFZDPT-JS-20250217-06126	",2024-11-01,2024-11-30,"1542222948	","3205104476774	",1.000000,100,100.000000,3783.450000,3839.860000,56.41,56.41,0.7469,56.41,-,-,-,-,-,-,-,-,-,-,-,-,-,-,-,-,-,-,-,-,-,-,37.28,4.85,-,-
鑫龙家园莲花六号小区位置点,"ZDBZD-JS-2025-002255	","JFZDPT-JS-20250217-06126	",2024-11-01,2024-11-30,"1536674431	","3205104477226	",1.000000,100,100.000000,4852.290000,4950.560000,98.27,98.27,0.7502,98.27,-,-,-,-,-,-,-,-,-,-,-,-,-,-,-,-,-,-,-,-,-,-,65.24,8.48,-,-
鑫龙家园莲花六号小区位置点,"ZDBZD-JS-2025-002255	","JFZDPT-JS-20250217-06126	",2024-11-01,2024-11-30,"1536129515	","3205104477228	",1.000000,100,100.000000,4136.300000,4205.820000,69.52,69.52,0.7575,69.52,-,-,-,-,-,-,-,-,-,-,-,-,-,-,-,-,-,-,-,-,-,-,46.6,6.06,-,-
鑫龙家园莲花六号小区位置点,"ZDBZD-JS-2025-002255	","JFZDPT-JS-20250217-06126	",2024-11-01,2024-11-30,"1539373623	","3205104477230	",1.000000,100,100.000000,3859.060000,3925.770000,66.71,66.71,0.7555,66.71,-,-,-,-,-,-,-,-,-,-,-,-,-,-,-,-,-,-,-,-,-,-,44.6,5.8,-,-
鑫龙家园莲花六号小区位置点,"ZDBZD-JS-2025-002255	","JFZDPT-JS-20250217-06126	",2024-11-01,2024-11-30,"1543105444	","3205104477232	",1.000000,100,100.000000,3186.560000,3230.280000,43.72,43.72,0.7571,43.72,-,-,-,-,-,-,-,-,-,-,-,-,-,-,-,-,-,-,-,-,-,-,29.29,3.81,-,-
鑫龙家园莲花六号小区位置点,"ZDBZD-JS-2025-002255	","JFZDPT-JS-20250217-06126	",2024-11-01,2024-11-30,"1544951755	","3205104477235	",1.000000,100,100.000000,4156.100000,4226.150000,70.05,70.05,0.7517,70.05,-,-,-,-,-,-,-,-,-,-,-,-,-,-,-,-,-,-,-,-,-,-,46.6,6.06,-,-
鑫龙家园莲花六号小区位置点,"ZDBZD-JS-2025-002255	","JFZDPT-JS-20250217-06126	",2024-11-01,2024-11-30,"1544684094	","3205104477238	",1.000000,100,100.000000,3093.340000,3093.340000,0,0,0.7961,0,-,-,-,-,-,-,-,-,-,-,-,-,-,-,-,-,-,-,-,-,-,-,0,0,-,-
鑫龙家园莲花六号小区位置点,"ZDBZD-JS-2025-002255	","JFZDPT-JS-20250217-06126	",2024-11-01,2024-11-30,"1539602549	","3205104477339	",1.000000,100,100.000000,3406.090000,3474.440000,68.35,68.35,0.7484,68.35,-,-,-,-,-,-,-,-,-,-,-,-,-,-,-,-,-,-,-,-,-,-,45.27,5.88,-,-
鑫龙家园莲花六号小区位置点,"ZDBZD-JS-2025-002255	","JFZDPT-JS-20250217-06126	",2024-11-01,2024-11-30,"1546160843	","3205104477340	",1.000000,100,100.000000,4173.900000,4243.300000,69.4,69.4,0.7478,69.4,-,-,-,-,-,-,-,-,-,-,-,-,-,-,-,-,-,-,-,-,-,-,45.93,5.97,-,-
鑫龙家园莲花六号小区位置点,"ZDBZD-JS-2025-002255	","JFZDPT-JS-20250217-06126	",2024-11-01,2024-11-30,"1546168926	","3205104477341	",1.000000,100,100.000000,4738.890000,4809.740000,70.85,70.85,0.7538,70.85,-,-,-,-,-,-,-,-,-,-,-,-,-,-,-,-,-,-,-,-,-,-,47.27,6.14,-,-
鑫龙家园莲花六号小区位置点,"ZDBZD-JS-2025-002255	","JFZDPT-JS-20250217-06126	",2024-11-01,2024-11-30,"1542466276	","3205104477344	",1.000000,100,100.000000,3699.290000,3765.480000,66.19,66.19,0.7501,66.19,-,-,-,-,-,-,-,-,-,-,-,-,-,-,-,-,-,-,-,-,-,-,43.94,5.71,-,-
鑫龙家园莲花六号小区位置点,"ZDBZD-JS-2025-002255	","JFZDPT-JS-20250217-06126	",2024-11-01,2024-11-30,"1536129516	","3205104477350	",1.000000,100,100.000000,5141.080000,5243.960000,102.88,102.88,0.7531,102.88,-,-,-,-,-,-,-,-,-,-,-,-,-,-,-,-,-,-,-,-,-,-,68.57,8.91,-,-
鑫龙家园莲花六号小区位置点,"ZDBZD-JS-2025-002255	","JFZDPT-JS-20250217-05796	",2024-10-01,2024-10-31,"1534337708	","3205104313087	",1.000000,100,100.000000,3459.210000,3505.770000,46.56,46.56,0.7552,46.56,-,-,-,-,-,-,-,-,-,-,-,-,-,-,-,-,-,-,-,-,-,-,31.12,4.04,-,-
鑫龙家园莲花六号小区位置点,"ZDBZD-JS-2025-002255	","JFZDPT-JS-20250217-05796	",2024-10-01,2024-10-31,"1534339435	","3205104313426	",1.000000,100,100.000000,2532.700000,2565.190000,32.49,32.49,0.7368,32.49,-,-,-,-,-,-,-,-,-,-,-,-,-,-,-,-,-,-,-,-,-,-,21.19,2.75,-,-
鑫龙家园莲花六号小区位置点,"ZDBZD-JS-2025-002255	","JFZDPT-JS-20250217-05796	",2024-10-01,2024-10-31,"1534349171	","3205104313433	",1.000000,100,100.000000,2397.360000,2430.150000,32.79,32.79,0.7527,32.79,-,-,-,-,-,-,-,-,-,-,-,-,-,-,-,-,-,-,-,-,-,-,21.84,2.84,-,-
鑫龙家园莲花六号小区位置点,"ZDBZD-JS-2025-002255	","JFZDPT-JS-20250217-05796	",2024-10-01,2024-10-31,"1554157659	","3205104313437	",1.000000,100,100.000000,2409.120000,2441.330000,32.21,32.21,0.7429,32.21,-,-,-,-,-,-,-,-,-,-,-,-,-,-,-,-,-,-,-,-,-,-,21.18,2.75,-,-
鑫龙家园莲花六号小区位置点,"ZDBZD-JS-2025-002255	","JFZDPT-JS-20250217-05796	",2024-10-01,2024-10-31,"1534339430	","3205104313446	",1.000000,100,100.000000,2334.460000,2367.200000,32.74,32.74,0.7538,32.74,-,-,-,-,-,-,-,-,-,-,-,-,-,-,-,-,-,-,-,-,-,-,21.84,2.84,-,-
鑫龙家园莲花六号小区位置点,"ZDBZD-JS-2025-002255	","JFZDPT-JS-20250217-05796	",2024-10-01,2024-10-31,"1534337522	","3205104313451	",1.000000,100,100.000000,2540.390000,2574.320000,33.93,33.93,0.7495,33.93,-,-,-,-,-,-,-,-,-,-,-,-,-,-,-,-,-,-,-,-,-,-,22.5,2.93,-,-
鑫龙家园莲花六号小区位置点,"ZDBZD-JS-2025-002255	","JFZDPT-JS-20250217-05796	",2024-10-01,2024-10-31,"1528107567	","3205104315707	",1.000000,100,100.000000,3375.510000,3421.810000,46.3,46.3,0.7432,46.3,-,-,-,-,-,-,-,-,-,-,-,-,-,-,-,-,-,-,-,-,-,-,30.45,3.96,-,-
鑫龙家园莲花六号小区位置点,"ZDBZD-JS-2025-002255	","JFZDPT-JS-20250217-05796	",2024-10-01,2024-10-31,"1556867474	","3205104315719	",1.000000,100,100.000000,856.440000,890.000000,33.56,33.56,0.7577,33.56,-,-,-,-,-,-,-,-,-,-,-,-,-,-,-,-,-,-,-,-,-,-,22.5,2.93,-,-
鑫龙家园莲花六号小区位置点,"ZDBZD-JS-2025-002255	","JFZDPT-JS-20250217-05796	",2024-10-01,2024-10-31,"1528102930	","3205104315726	",1.000000,100,100.000000,2440.770000,2473.190000,32.42,32.42,0.7384,32.42,-,-,-,-,-,-,-,-,-,-,-,-,-,-,-,-,-,-,-,-,-,-,21.19,2.75,-,-
鑫龙家园莲花六号小区位置点,"ZDBZD-JS-2025-002255	","JFZDPT-JS-20250217-05796	",2024-10-01,2024-10-31,"1559570474	","3205104353226	",1.000000,100,100.000000,3424.460000,3566.840000,142.38,142.38,0.746,142.38,-,-,-,-,-,-,-,-,-,-,-,-,-,-,-,-,-,-,-,-,-,-,94,12.22,-,-
鑫龙家园莲花六号小区位置点,"ZDBZD-JS-2025-002255	","JFZDPT-JS-20250217-05796	",2024-10-01,2024-10-31,"1547726877	","3205104472953	",1.000000,100,100.000000,4034.260000,4107.100000,72.84,72.84,0.7496,72.84,-,-,-,-,-,-,-,-,-,-,-,-,-,-,-,-,-,-,-,-,-,-,48.32,6.28,-,-
鑫龙家园莲花六号小区位置点,"ZDBZD-JS-2025-002255	","JFZDPT-JS-20250217-05796	",2024-10-01,2024-10-31,"1547633945	","3205104472957	",1.000000,100,100.000000,4980.340000,5079.530000,99.19,99.19,0.7465,99.19,-,-,-,-,-,-,-,-,-,-,-,-,-,-,-,-,-,-,-,-,-,-,65.53,8.52,-,-
鑫龙家园莲花六号小区位置点,"ZDBZD-JS-2025-002255	","JFZDPT-JS-20250217-05796	",2024-10-01,2024-10-31,"1547633944	","3205104472959	",1.000000,100,100.000000,3951.340000,4022.160000,70.82,70.82,0.7499,70.82,-,-,-,-,-,-,-,-,-,-,-,-,-,-,-,-,-,-,-,-,-,-,47,6.11,-,-
鑫龙家园莲花六号小区位置点,"ZDBZD-JS-2025-002255	","JFZDPT-JS-20250217-05796	",2024-10-01,2024-10-31,"1547633946	","3205104472963	",1.000000,100,100.000000,3822.800000,3896.570000,73.77,73.77,0.7503,73.77,-,-,-,-,-,-,-,-,-,-,-,-,-,-,-,-,-,-,-,-,-,-,48.98,6.37,-,-
鑫龙家园莲花六号小区位置点,"ZDBZD-JS-2025-002255	","JFZDPT-JS-20250217-05796	",2024-10-01,2024-10-31,"1547634578	","3205104472970	",1.000000,100,100.000000,3137.000000,3181.820000,44.82,44.82,0.751,44.82,-,-,-,-,-,-,-,-,-,-,-,-,-,-,-,-,-,-,-,-,-,-,29.79,3.87,-,-
鑫龙家园莲花六号小区位置点,"ZDBZD-JS-2025-002255	","JFZDPT-JS-20250217-05796	",2024-10-01,2024-10-31,"1547728488	","3205104474427	",1.000000,100,100.000000,3991.830000,4063.530000,71.7,71.7,0.7512,71.7,-,-,-,-,-,-,-,-,-,-,-,-,-,-,-,-,-,-,-,-,-,-,47.66,6.2,-,-
鑫龙家园莲花六号小区位置点,"ZDBZD-JS-2025-002255	","JFZDPT-JS-20250217-05796	",2024-10-01,2024-10-31,"1547719754	","3205104474457	",1.000000,100,100.000000,9725.110000,9890.270000,165.16,165.16,0.7473,165.16,-,-,-,-,-,-,-,-,-,-,-,-,-,-,-,-,-,-,-,-,-,-,109.22,14.2,-,-
鑫龙家园莲花六号小区位置点,"ZDBZD-JS-2025-002255	","JFZDPT-JS-20250217-05796	",2024-10-01,2024-10-31,"1547728484	","3205104474463	",1.000000,100,100.000000,3317.300000,3388.270000,70.97,70.97,0.7483,70.97,-,-,-,-,-,-,-,-,-,-,-,-,-,-,-,-,-,-,-,-,-,-,47,6.11,-,-
鑫龙家园莲花六号小区位置点,"ZDBZD-JS-2025-002255	","JFZDPT-JS-20250217-05796	",2024-10-01,2024-10-31,"1547719759	","3205104474467	",1.000000,100,100.000000,3867.710000,3942.170000,74.46,74.46,0.7434,74.46,-,-,-,-,-,-,-,-,-,-,-,-,-,-,-,-,-,-,-,-,-,-,48.98,6.37,-,-
鑫龙家园莲花六号小区位置点,"ZDBZD-JS-2025-002255	","JFZDPT-JS-20250217-05796	",2024-10-01,2024-10-31,"1534271368	","3205104476753	",1.000000,100,100.000000,2890.970000,2890.970000,0,0,0.7961,0,-,-,-,-,-,-,-,-,-,-,-,-,-,-,-,-,-,-,-,-,-,-,0,0,-,-
鑫龙家园莲花六号小区位置点,"ZDBZD-JS-2025-002255	","JFZDPT-JS-20250217-05796	",2024-10-01,2024-10-31,"1542462053	","3205104476756	",1.000000,100,100.000000,3344.700000,3400.220000,55.52,55.52,0.7545,55.52,-,-,-,-,-,-,-,-,-,-,-,-,-,-,-,-,-,-,-,-,-,-,37.07,4.82,-,-
鑫龙家园莲花六号小区位置点,"ZDBZD-JS-2025-002255	","JFZDPT-JS-20250217-05796	",2024-10-01,2024-10-31,"1534365028	","3205104476757	",1.000000,100,100.000000,3816.880000,3882.870000,65.99,65.99,0.7481,65.99,-,-,-,-,-,-,-,-,-,-,-,-,-,-,-,-,-,-,-,-,-,-,43.69,5.68,-,-
鑫龙家园莲花六号小区位置点,"ZDBZD-JS-2025-002255	","JFZDPT-JS-20250217-05796	",2024-10-01,2024-10-31,"1535669055	","3205104476759	",1.000000,100,100.000000,4843.300000,4846.110000,2.81,2.81,0.747,2.81,-,-,-,-,-,-,-,-,-,-,-,-,-,-,-,-,-,-,-,-,-,-,1.86,0.24,-,-
鑫龙家园莲花六号小区位置点,"ZDBZD-JS-2025-002255	","JFZDPT-JS-20250217-05796	",2024-10-01,2024-10-31,"1535960714	","3205104476763	",1.000000,100,100.000000,8393.070000,8527.450000,134.38,134.38,0.7459,134.38,-,-,-,-,-,-,-,-,-,-,-,-,-,-,-,-,-,-,-,-,-,-,88.7,11.53,-,-
鑫龙家园莲花六号小区位置点,"ZDBZD-JS-2025-002255	","JFZDPT-JS-20250217-05796	",2024-10-01,2024-10-31,"1543218796	","3205104476766	",1.000000,100,100.000000,4155.780000,4227.900000,72.12,72.12,0.7468,72.12,-,-,-,-,-,-,-,-,-,-,-,-,-,-,-,-,-,-,-,-,-,-,47.66,6.2,-,-
鑫龙家园莲花六号小区位置点,"ZDBZD-JS-2025-002255	","JFZDPT-JS-20250217-05796	",2024-10-01,2024-10-31,"1539721710	","3205104476768	",1.000000,100,100.000000,4021.490000,4091.120000,69.63,69.63,0.752,69.63,-,-,-,-,-,-,-,-,-,-,-,-,-,-,-,-,-,-,-,-,-,-,46.34,6.02,-,-
鑫龙家园莲花六号小区位置点,"ZDBZD-JS-2025-002255	","JFZDPT-JS-20250217-05796	",2024-10-01,2024-10-31,"1534340339	","3205104476772	",1.000000,100,100.000000,3199.110000,3270.600000,71.49,71.49,0.7429,71.49,-,-,-,-,-,-,-,-,-,-,-,-,-,-,-,-,-,-,-,-,-,-,47,6.11,-,-
鑫龙家园莲花六号小区位置点,"ZDBZD-JS-2025-002255	","JFZDPT-JS-20250217-05796	",2024-10-01,2024-10-31,"1542222948	","3205104476774	",1.000000,100,100.000000,3725.120000,3783.450000,58.33,58.33,0.7437,58.33,-,-,-,-,-,-,-,-,-,-,-,-,-,-,-,-,-,-,-,-,-,-,38.39,4.99,-,-
鑫龙家园莲花六号小区位置点,"ZDBZD-JS-2025-002255	","JFZDPT-JS-20250217-05796	",2024-10-01,2024-10-31,"1536674431	","3205104477226	",1.000000,100,100.000000,4750.510000,4852.290000,101.78,101.78,0.7497,101.78,-,-,-,-,-,-,-,-,-,-,-,-,-,-,-,-,-,-,-,-,-,-,67.52,8.78,-,-
鑫龙家园莲花六号小区位置点,"ZDBZD-JS-2025-002255	","JFZDPT-JS-20250217-05796	",2024-10-01,2024-10-31,"1536129515	","3205104477228	",1.000000,100,100.000000,4064.350000,4136.300000,71.95,71.95,0.7486,71.95,-,-,-,-,-,-,-,-,-,-,-,-,-,-,-,-,-,-,-,-,-,-,47.66,6.2,-,-
鑫龙家园莲花六号小区位置点,"ZDBZD-JS-2025-002255	","JFZDPT-JS-20250217-05796	",2024-10-01,2024-10-31,"1539373623	","3205104477230	",1.000000,100,100.000000,3796.780000,3859.060000,62.28,62.28,0.7447,62.28,-,-,-,-,-,-,-,-,-,-,-,-,-,-,-,-,-,-,-,-,-,-,41.04,5.34,-,-
鑫龙家园莲花六号小区位置点,"ZDBZD-JS-2025-002255	","JFZDPT-JS-20250217-05796	",2024-10-01,2024-10-31,"1543105444	","3205104477232	",1.000000,100,100.000000,3141.460000,3186.560000,45.1,45.1,0.7463,45.1,-,-,-,-,-,-,-,-,-,-,-,-,-,-,-,-,-,-,-,-,-,-,29.79,3.87,-,-
鑫龙家园莲花六号小区位置点,"ZDBZD-JS-2025-002255	","JFZDPT-JS-20250217-05796	",2024-10-01,2024-10-31,"1544951755	","3205104477235	",1.000000,100,100.000000,4083.740000,4156.100000,72.36,72.36,0.7443,72.36,-,-,-,-,-,-,-,-,-,-,-,-,-,-,-,-,-,-,-,-,-,-,47.66,6.2,-,-
鑫龙家园莲花六号小区位置点,"ZDBZD-JS-2025-002255	","JFZDPT-JS-20250217-05796	",2024-10-01,2024-10-31,"1544684094	","3205104477238	",1.000000,100,100.000000,3093.340000,3093.340000,0,0,0.7961,0,-,-,-,-,-,-,-,-,-,-,-,-,-,-,-,-,-,-,-,-,-,-,0,0,-,-
鑫龙家园莲花六号小区位置点,"ZDBZD-JS-2025-002255	","JFZDPT-JS-20250217-05796	",2024-10-01,2024-10-31,"1539602549	","3205104477339	",1.000000,100,100.000000,3335.290000,3406.090000,70.8,70.8,0.7501,70.8,-,-,-,-,-,-,-,-,-,-,-,-,-,-,-,-,-,-,-,-,-,-,47,6.11,-,-
鑫龙家园莲花六号小区位置点,"ZDBZD-JS-2025-002255	","JFZDPT-JS-20250217-05796	",2024-10-01,2024-10-31,"1546160843	","3205104477340	",1.000000,100,100.000000,4102.110000,4173.900000,71.79,71.79,0.7502,71.79,-,-,-,-,-,-,-,-,-,-,-,-,-,-,-,-,-,-,-,-,-,-,47.66,6.2,-,-
鑫龙家园莲花六号小区位置点,"ZDBZD-JS-2025-002255	","JFZDPT-JS-20250217-05796	",2024-10-01,2024-10-31,"1546168926	","3205104477341	",1.000000,100,100.000000,4664.970000,4738.890000,73.92,73.92,0.7488,73.92,-,-,-,-,-,-,-,-,-,-,-,-,-,-,-,-,-,-,-,-,-,-,48.98,6.37,-,-
鑫龙家园莲花六号小区位置点,"ZDBZD-JS-2025-002255	","JFZDPT-JS-20250217-05796	",2024-10-01,2024-10-31,"1542466276	","3205104477344	",1.000000,100,100.000000,3630.850000,3699.290000,68.44,68.44,0.7431,68.44,-,-,-,-,-,-,-,-,-,-,-,-,-,-,-,-,-,-,-,-,-,-,45.01,5.85,-,-
鑫龙家园莲花六号小区位置点,"ZDBZD-JS-2025-002255	","JFZDPT-JS-20250217-05796	",2024-10-01,2024-10-31,"1536129516	","3205104477350	",1.000000,100,100.000000,5034.560000,5141.080000,106.52,106.52,0.7514,106.52,-,-,-,-,-,-,-,-,-,-,-,-,-,-,-,-,-,-,-,-,-,-,70.83,9.21,-,-
鑫龙家园莲花六号小区位置点,"ZDBZD-JS-2025-002255	","JFZDPT-JS-20250213-13922	",2024-06-01,2024-06-30,"1534337708	","3205104313087	",1.000000,100,100.000000,3277.290000,3322.130000,44.84,44.84,0.7482,44.84,-,-,-,-,-,-,-,-,-,-,-,-,-,-,-,-,-,-,-,-,-,-,29.69,3.86,-,-
鑫龙家园莲花六号小区位置点,"ZDBZD-JS-2025-002255	","JFZDPT-JS-20250213-13922	",2024-06-01,2024-06-30,"1534339435	","3205104313426	",1.000000,100,100.000000,2402.910000,2435.000000,32.09,32.09,0.7435,32.09,-,-,-,-,-,-,-,-,-,-,-,-,-,-,-,-,-,-,-,-,-,-,21.12,2.74,-,-
鑫龙家园莲花六号小区位置点,"ZDBZD-JS-2025-002255	","JFZDPT-JS-20250213-13922	",2024-06-01,2024-06-30,"1534349171	","3205104313433	",1.000000,100,100.000000,2268.180000,2300.170000,31.99,31.99,0.7459,31.99,-,-,-,-,-,-,-,-,-,-,-,-,-,-,-,-,-,-,-,-,-,-,21.12,2.74,-,-
鑫龙家园莲花六号小区位置点,"ZDBZD-JS-2025-002255	","JFZDPT-JS-20250213-13922	",2024-06-01,2024-06-30,"1554157659	","3205104313437	",1.000000,100,100.000000,2280.400000,2312.160000,31.76,31.76,0.7513,31.76,-,-,-,-,-,-,-,-,-,-,-,-,-,-,-,-,-,-,-,-,-,-,21.12,2.74,-,-
鑫龙家园莲花六号小区位置点,"ZDBZD-JS-2025-002255	","JFZDPT-JS-20250213-13922	",2024-06-01,2024-06-30,"1534339430	","3205104313446	",1.000000,100,100.000000,2204.970000,2236.940000,31.97,31.97,0.7463,31.97,-,-,-,-,-,-,-,-,-,-,-,-,-,-,-,-,-,-,-,-,-,-,21.12,2.74,-,-
鑫龙家园莲花六号小区位置点,"ZDBZD-JS-2025-002255	","JFZDPT-JS-20250213-13922	",2024-06-01,2024-06-30,"1534337522	","3205104313451	",1.000000,100,100.000000,2406.920000,2439.800000,32.88,32.88,0.7485,32.88,-,-,-,-,-,-,-,-,-,-,-,-,-,-,-,-,-,-,-,-,-,-,21.78,2.83,-,-
鑫龙家园莲花六号小区位置点,"ZDBZD-JS-2025-002255	","JFZDPT-JS-20250213-13922	",2024-06-01,2024-06-30,"1528107567	","3205104315707	",1.000000,100,100.000000,3193.520000,3238.400000,44.88,44.88,0.7475,44.88,-,-,-,-,-,-,-,-,-,-,-,-,-,-,-,-,-,-,-,-,-,-,29.69,3.86,-,-
鑫龙家园莲花六号小区位置点,"ZDBZD-JS-2025-002255	","JFZDPT-JS-20250213-13922	",2024-06-01,2024-06-30,"1556867474	","3205104315719	",1.000000,100,100.000000,724.510000,756.820000,32.31,32.31,0.7385,32.31,-,-,-,-,-,-,-,-,-,-,-,-,-,-,-,-,-,-,-,-,-,-,21.12,2.74,-,-
鑫龙家园莲花六号小区位置点,"ZDBZD-JS-2025-002255	","JFZDPT-JS-20250213-13922	",2024-06-01,2024-06-30,"1528102930	","3205104315726	",1.000000,100,100.000000,2312.880000,2344.530000,31.65,31.65,0.7539,31.65,-,-,-,-,-,-,-,-,-,-,-,-,-,-,-,-,-,-,-,-,-,-,21.12,2.74,-,-
鑫龙家园莲花六号小区位置点,"ZDBZD-JS-2025-002255	","JFZDPT-JS-20250213-13922	",2024-06-01,2024-06-30,"1559570474	","3205104353226	",1.000000,100,100.000000,2870.510000,3007.750000,137.24,137.24,0.7443,137.24,-,-,-,-,-,-,-,-,-,-,-,-,-,-,-,-,-,-,-,-,-,-,90.4,11.75,-,-
鑫龙家园莲花六号小区位置点,"ZDBZD-JS-2025-002255	","JFZDPT-JS-20250213-13922	",2024-06-01,2024-06-30,"1547726877	","3205104472953	",1.000000,100,100.000000,3746.070000,3816.780000,70.71,70.71,0.7487,70.71,-,-,-,-,-,-,-,-,-,-,-,-,-,-,-,-,-,-,-,-,-,-,46.85,6.09,-,-
鑫龙家园莲花六号小区位置点,"ZDBZD-JS-2025-002255	","JFZDPT-JS-20250213-13922	",2024-06-01,2024-06-30,"1547633945	","3205104472957	",1.000000,100,100.000000,4587.250000,4683.640000,96.39,96.39,0.7426,96.39,-,-,-,-,-,-,-,-,-,-,-,-,-,-,-,-,-,-,-,-,-,-,63.35,8.23,-,-
鑫龙家园莲花六号小区位置点,"ZDBZD-JS-2025-002255	","JFZDPT-JS-20250213-13922	",2024-06-01,2024-06-30,"1547633944	","3205104472959	",1.000000,100,100.000000,3670.640000,3739.400000,68.76,68.76,0.7483,68.76,-,-,-,-,-,-,-,-,-,-,-,-,-,-,-,-,-,-,-,-,-,-,45.53,5.92,-,-
鑫龙家园莲花六号小区位置点,"ZDBZD-JS-2025-002255	","JFZDPT-JS-20250213-13922	",2024-06-01,2024-06-30,"1547633946	","3205104472963	",1.000000,100,100.000000,3562.190000,3626.570000,64.38,64.38,0.7412,64.38,-,-,-,-,-,-,-,-,-,-,-,-,-,-,-,-,-,-,-,-,-,-,42.23,5.49,-,-
鑫龙家园莲花六号小区位置点,"ZDBZD-JS-2025-002255	","JFZDPT-JS-20250213-13922	",2024-06-01,2024-06-30,"1547634578	","3205104472970	",1.000000,100,100.000000,2953.040000,3004.000000,50.96,50.96,0.7463,50.96,-,-,-,-,-,-,-,-,-,-,-,-,-,-,-,-,-,-,-,-,-,-,33.65,4.38,-,-
鑫龙家园莲花六号小区位置点,"ZDBZD-JS-2025-002255	","JFZDPT-JS-20250213-13922	",2024-06-01,2024-06-30,"1547728488	","3205104474427	",1.000000,100,100.000000,3708.660000,3778.140000,69.48,69.48,0.7405,69.48,-,-,-,-,-,-,-,-,-,-,-,-,-,-,-,-,-,-,-,-,-,-,45.53,5.92,-,-
鑫龙家园莲花六号小区位置点,"ZDBZD-JS-2025-002255	","JFZDPT-JS-20250213-13922	",2024-06-01,2024-06-30,"1547719754	","3205104474457	",1.000000,100,100.000000,9102.260000,9255.450000,153.19,153.19,0.7447,153.19,-,-,-,-,-,-,-,-,-,-,-,-,-,-,-,-,-,-,-,-,-,-,100.96,13.12,-,-
鑫龙家园莲花六号小区位置点,"ZDBZD-JS-2025-002255	","JFZDPT-JS-20250213-13922	",2024-06-01,2024-06-30,"1547728484	","3205104474463	",1.000000,100,100.000000,3066.640000,3128.590000,61.95,61.95,0.7462,61.95,-,-,-,-,-,-,-,-,-,-,-,-,-,-,-,-,-,-,-,-,-,-,40.91,5.32,-,-
鑫龙家园莲花六号小区位置点,"ZDBZD-JS-2025-002255	","JFZDPT-JS-20250213-13922	",2024-06-01,2024-06-30,"1547719759	","3205104474467	",1.000000,100,100.000000,3605.140000,3669.960000,64.82,64.82,0.7478,64.82,-,-,-,-,-,-,-,-,-,-,-,-,-,-,-,-,-,-,-,-,-,-,42.89,5.58,-,-
鑫龙家园莲花六号小区位置点,"ZDBZD-JS-2025-002255	","JFZDPT-JS-20250213-13922	",2024-06-01,2024-06-30,"1534271368	","3205104476753	",1.000000,100,100.000000,2890.970000,2890.970000,0,0,0.7961,0,-,-,-,-,-,-,-,-,-,-,-,-,-,-,-,-,-,-,-,-,-,-,0,0,-,-
鑫龙家园莲花六号小区位置点,"ZDBZD-JS-2025-002255	","JFZDPT-JS-20250213-13922	",2024-06-01,2024-06-30,"1542462053	","3205104476756	",1.000000,100,100.000000,3125.890000,3179.600000,53.71,53.71,0.7496,53.71,-,-,-,-,-,-,-,-,-,-,-,-,-,-,-,-,-,-,-,-,-,-,35.63,4.63,-,-
鑫龙家园莲花六号小区位置点,"ZDBZD-JS-2025-002255	","JFZDPT-JS-20250213-13922	",2024-06-01,2024-06-30,"1534365028	","3205104476757	",1.000000,100,100.000000,3581.270000,3639.070000,57.8,57.8,0.7483,57.8,-,-,-,-,-,-,-,-,-,-,-,-,-,-,-,-,-,-,-,-,-,-,38.27,4.98,-,-
鑫龙家园莲花六号小区位置点,"ZDBZD-JS-2025-002255	","JFZDPT-JS-20250213-13922	",2024-06-01,2024-06-30,"1535669055	","3205104476759	",1.000000,100,100.000000,4832.040000,4834.800000,2.76,2.76,0.747,2.76,-,-,-,-,-,-,-,-,-,-,-,-,-,-,-,-,-,-,-,-,-,-,1.82,0.24,-,-
鑫龙家园莲花六号小区位置点,"ZDBZD-JS-2025-002255	","JFZDPT-JS-20250213-13922	",2024-06-01,2024-06-30,"1535960714	","3205104476763	",1.000000,100,100.000000,7861.920000,7992.300000,130.38,130.38,0.7434,130.38,-,-,-,-,-,-,-,-,-,-,-,-,-,-,-,-,-,-,-,-,-,-,85.77,11.15,-,-
鑫龙家园莲花六号小区位置点,"ZDBZD-JS-2025-002255	","JFZDPT-JS-20250213-13922	",2024-06-01,2024-06-30,"1543218796	","3205104476766	",1.000000,100,100.000000,3870.470000,3940.470000,70,70,0.7456,70,-,-,-,-,-,-,-,-,-,-,-,-,-,-,-,-,-,-,-,-,-,-,46.19,6,-,-
鑫龙家园莲花六号小区位置点,"ZDBZD-JS-2025-002255	","JFZDPT-JS-20250213-13922	",2024-06-01,2024-06-30,"1539721710	","3205104476768	",1.000000,100,100.000000,3745.160000,3812.950000,67.79,67.79,0.7479,67.79,-,-,-,-,-,-,-,-,-,-,-,-,-,-,-,-,-,-,-,-,-,-,44.87,5.83,-,-
鑫龙家园莲花六号小区位置点,"ZDBZD-JS-2025-002255	","JFZDPT-JS-20250213-13922	",2024-06-01,2024-06-30,"1534340339	","3205104476772	",1.000000,100,100.000000,2915.870000,2985.350000,69.48,69.48,0.7405,69.48,-,-,-,-,-,-,-,-,-,-,-,-,-,-,-,-,-,-,-,-,-,-,45.53,5.92,-,-
鑫龙家园莲花六号小区位置点,"ZDBZD-JS-2025-002255	","JFZDPT-JS-20250213-13922	",2024-06-01,2024-06-30,"1542222948	","3205104476774	",1.000000,100,100.000000,3494.240000,3550.870000,56.63,56.63,0.7505,56.63,-,-,-,-,-,-,-,-,-,-,-,-,-,-,-,-,-,-,-,-,-,-,37.61,4.89,-,-
鑫龙家园莲花六号小区位置点,"ZDBZD-JS-2025-002255	","JFZDPT-JS-20250213-13922	",2024-06-01,2024-06-30,"1536674431	","3205104477226	",1.000000,100,100.000000,4346.680000,4445.610000,98.93,98.93,0.7462,98.93,-,-,-,-,-,-,-,-,-,-,-,-,-,-,-,-,-,-,-,-,-,-,65.33,8.49,-,-
鑫龙家园莲花六号小区位置点,"ZDBZD-JS-2025-002255	","JFZDPT-JS-20250213-13922	",2024-06-01,2024-06-30,"1536129515	","3205104477228	",1.000000,100,100.000000,3811.000000,3873.560000,62.56,62.56,0.7508,62.56,-,-,-,-,-,-,-,-,-,-,-,-,-,-,-,-,-,-,-,-,-,-,41.57,5.4,-,-
鑫龙家园莲花六号小区位置点,"ZDBZD-JS-2025-002255	","JFZDPT-JS-20250213-13922	",2024-06-01,2024-06-30,"1539373623	","3205104477230	",1.000000,100,100.000000,3566.660000,3623.600000,56.94,56.94,0.7464,56.94,-,-,-,-,-,-,-,-,-,-,-,-,-,-,-,-,-,-,-,-,-,-,37.61,4.89,-,-
鑫龙家园莲花六号小区位置点,"ZDBZD-JS-2025-002255	","JFZDPT-JS-20250213-13922	",2024-06-01,2024-06-30,"1543105444	","3205104477232	",1.000000,100,100.000000,2978.340000,3018.590000,40.25,40.25,0.7409,40.25,-,-,-,-,-,-,-,-,-,-,-,-,-,-,-,-,-,-,-,-,-,-,26.39,3.43,-,-
鑫龙家园莲花六号小区位置点,"ZDBZD-JS-2025-002255	","JFZDPT-JS-20250213-13922	",2024-06-01,2024-06-30,"1544951755	","3205104477235	",1.000000,100,100.000000,3829.720000,3892.520000,62.8,62.8,0.7479,62.8,-,-,-,-,-,-,-,-,-,-,-,-,-,-,-,-,-,-,-,-,-,-,41.57,5.4,-,-
鑫龙家园莲花六号小区位置点,"ZDBZD-JS-2025-002255	","JFZDPT-JS-20250213-13922	",2024-06-01,2024-06-30,"1544684094	","3205104477238	",1.000000,100,100.000000,3093.340000,3093.340000,0,0,0.7961,0,-,-,-,-,-,-,-,-,-,-,-,-,-,-,-,-,-,-,-,-,-,-,0,0,-,-
鑫龙家园莲花六号小区位置点,"ZDBZD-JS-2025-002255	","JFZDPT-JS-20250213-13922	",2024-06-01,2024-06-30,"1539602549	","3205104477339	",1.000000,100,100.000000,3155.330000,3158.040000,2.71,2.71,0.747,2.71,-,-,-,-,-,-,-,-,-,-,-,-,-,-,-,-,-,-,-,-,-,-,1.79,0.23,-,-
鑫龙家园莲花六号小区位置点,"ZDBZD-JS-2025-002255	","JFZDPT-JS-20250213-13922	",2024-06-01,2024-06-30,"1546160843	","3205104477340	",1.000000,100,100.000000,3817.820000,3887.530000,69.71,69.71,0.7487,69.71,-,-,-,-,-,-,-,-,-,-,-,-,-,-,-,-,-,-,-,-,-,-,46.19,6,-,-
鑫龙家园莲花六号小区位置点,"ZDBZD-JS-2025-002255	","JFZDPT-JS-20250213-13922	",2024-06-01,2024-06-30,"1546168926	","3205104477341	",1.000000,100,100.000000,4372.130000,4443.900000,71.77,71.77,0.7479,71.77,-,-,-,-,-,-,-,-,-,-,-,-,-,-,-,-,-,-,-,-,-,-,47.5,6.18,-,-
鑫龙家园莲花六号小区位置点,"ZDBZD-JS-2025-002255	","JFZDPT-JS-20250213-13922	",2024-06-01,2024-06-30,"1542466276	","3205104477344	",1.000000,100,100.000000,3359.730000,3426.300000,66.57,66.57,0.7505,66.57,-,-,-,-,-,-,-,-,-,-,-,-,-,-,-,-,-,-,-,-,-,-,44.21,5.75,-,-
鑫龙家园莲花六号小区位置点,"ZDBZD-JS-2025-002255	","JFZDPT-JS-20250213-13922	",2024-06-01,2024-06-30,"1536129516	","3205104477350	",1.000000,100,100.000000,4612.800000,4716.220000,103.42,103.42,0.7426,103.42,-,-,-,-,-,-,-,-,-,-,-,-,-,-,-,-,-,-,-,-,-,-,67.96,8.84,-,-
鑫龙家园莲花六号小区位置点,"ZDBZD-JS-2025-002255	","JFZDPT-JS-20250319-07499	",2024-12-01,2024-12-31,"1534337708	","3205104313087	",1.000000,100,100.000000,3550.950000,3597.690000,46.74,46.74,0.7608,46.74,-,-,-,-,-,-,-,-,-,-,-,-,-,-,-,-,-,-,-,-,-,-,31.47,4.09,-,-
鑫龙家园莲花六号小区位置点,"ZDBZD-JS-2025-002255	","JFZDPT-JS-20250319-07499	",2024-12-01,2024-12-31,"1534339435	","3205104313426	",1.000000,100,100.000000,2596.640000,2629.020000,32.38,32.38,0.7477,32.38,-,-,-,-,-,-,-,-,-,-,-,-,-,-,-,-,-,-,-,-,-,-,21.42,2.79,-,-
鑫龙家园莲花六号小区位置点,"ZDBZD-JS-2025-002255	","JFZDPT-JS-20250319-07499	",2024-12-01,2024-12-31,"1534349171	","3205104313433	",1.000000,100,100.000000,2461.790000,2494.380000,32.59,32.59,0.7662,32.59,-,-,-,-,-,-,-,-,-,-,-,-,-,-,-,-,-,-,-,-,-,-,22.1,2.87,-,-
鑫龙家园莲花六号小区位置点,"ZDBZD-JS-2025-002255	","JFZDPT-JS-20250319-07499	",2024-12-01,2024-12-31,"1554157659	","3205104313437	",1.000000,100,100.000000,40.020000,72.020000,32,32,0.7566,32,-,-,-,-,-,-,-,-,-,-,-,-,-,-,-,-,-,-,-,-,-,-,21.42,2.79,-,-
鑫龙家园莲花六号小区位置点,"ZDBZD-JS-2025-002255	","JFZDPT-JS-20250319-07499	",2024-12-01,2024-12-31,"1534339430	","3205104313446	",1.000000,100,100.000000,2398.810000,2431.320000,32.51,32.51,0.7681,32.51,-,-,-,-,-,-,-,-,-,-,-,-,-,-,-,-,-,-,-,-,-,-,22.1,2.87,-,-
鑫龙家园莲花六号小区位置点,"ZDBZD-JS-2025-002255	","JFZDPT-JS-20250319-07499	",2024-12-01,2024-12-31,"1534337522	","3205104313451	",1.000000,100,100.000000,2607.110000,2640.540000,33.43,33.43,0.7469,33.43,-,-,-,-,-,-,-,-,-,-,-,-,-,-,-,-,-,-,-,-,-,-,22.1,2.87,-,-
鑫龙家园莲花六号小区位置点,"ZDBZD-JS-2025-002255	","JFZDPT-JS-20250319-07499	",2024-12-01,2024-12-31,"1528107567	","3205104315707	",1.000000,100,100.000000,3466.640000,3513.070000,46.43,46.43,0.7495,46.43,-,-,-,-,-,-,-,-,-,-,-,-,-,-,-,-,-,-,-,-,-,-,30.8,4,-,-
鑫龙家园莲花六号小区位置点,"ZDBZD-JS-2025-002255	","JFZDPT-JS-20250319-07499	",2024-12-01,2024-12-31,"1556867474	","3205104315719	",1.000000,100,100.000000,922.470000,955.910000,33.44,33.44,0.7467,33.44,-,-,-,-,-,-,-,-,-,-,-,-,-,-,-,-,-,-,-,-,-,-,22.1,2.87,-,-
鑫龙家园莲花六号小区位置点,"ZDBZD-JS-2025-002255	","JFZDPT-JS-20250319-07499	",2024-12-01,2024-12-31,"1528102930	","3205104315726	",1.000000,100,100.000000,2504.480000,2536.680000,32.2,32.2,0.7519,32.2,-,-,-,-,-,-,-,-,-,-,-,-,-,-,-,-,-,-,-,-,-,-,21.42,2.79,-,-
鑫龙家园莲花六号小区位置点,"ZDBZD-JS-2025-002255	","JFZDPT-JS-20250319-07499	",2024-12-01,2024-12-31,"1559570474	","3205104353226	",1.000000,100,100.000000,3706.090000,3845.390000,139.3,139.3,0.755,139.3,-,-,-,-,-,-,-,-,-,-,-,-,-,-,-,-,-,-,-,-,-,-,93.07,12.1,-,-
鑫龙家园莲花六号小区位置点,"ZDBZD-JS-2025-002255	","JFZDPT-JS-20250319-07499	",2024-12-01,2024-12-31,"1547726877	","3205104472953	",1.000000,100,100.000000,4177.450000,4249.960000,72.51,72.51,0.7617,72.51,-,-,-,-,-,-,-,-,-,-,-,-,-,-,-,-,-,-,-,-,-,-,48.88,6.35,-,-
鑫龙家园莲花六号小区位置点,"ZDBZD-JS-2025-002255	","JFZDPT-JS-20250319-07499	",2024-12-01,2024-12-31,"1547633945	","3205104472957	",1.000000,100,100.000000,5175.330000,5273.950000,98.62,98.62,0.7595,98.62,-,-,-,-,-,-,-,-,-,-,-,-,-,-,-,-,-,-,-,-,-,-,66.28,8.62,-,-
鑫龙家园莲花六号小区位置点,"ZDBZD-JS-2025-002255	","JFZDPT-JS-20250319-07499	",2024-12-01,2024-12-31,"1547633944	","3205104472959	",1.000000,100,100.000000,4090.550000,4160.980000,70.43,70.43,0.752,70.43,-,-,-,-,-,-,-,-,-,-,-,-,-,-,-,-,-,-,-,-,-,-,46.87,6.09,-,-
鑫龙家园莲花六号小区位置点,"ZDBZD-JS-2025-002255	","JFZDPT-JS-20250319-07499	",2024-12-01,2024-12-31,"1547633946	","3205104472963	",1.000000,100,100.000000,3967.840000,4041.330000,73.49,73.49,0.7515,73.49,-,-,-,-,-,-,-,-,-,-,-,-,-,-,-,-,-,-,-,-,-,-,48.88,6.35,-,-
鑫龙家园莲花六号小区位置点,"ZDBZD-JS-2025-002255	","JFZDPT-JS-20250319-07499	",2024-12-01,2024-12-31,"1547634578	","3205104472970	",1.000000,100,100.000000,3225.170000,3269.960000,44.79,44.79,0.7602,44.79,-,-,-,-,-,-,-,-,-,-,-,-,-,-,-,-,-,-,-,-,-,-,30.13,3.92,-,-
鑫龙家园莲花六号小区位置点,"ZDBZD-JS-2025-002255	","JFZDPT-JS-20250319-07499	",2024-12-01,2024-12-31,"1547728488	","3205104474427	",1.000000,100,100.000000,4132.900000,4204.610000,71.71,71.71,0.7596,71.71,-,-,-,-,-,-,-,-,-,-,-,-,-,-,-,-,-,-,-,-,-,-,48.2,6.27,-,-
鑫龙家园莲花六号小区位置点,"ZDBZD-JS-2025-002255	","JFZDPT-JS-20250319-07499	",2024-12-01,2024-12-31,"1547719754	","3205104474457	",1.000000,100,100.000000,10054.570000,10227.620000,173.05,173.05,0.7564,173.05,-,-,-,-,-,-,-,-,-,-,-,-,-,-,-,-,-,-,-,-,-,-,115.84,15.06,-,-
鑫龙家园莲花六号小区位置点,"ZDBZD-JS-2025-002255	","JFZDPT-JS-20250319-07499	",2024-12-01,2024-12-31,"1547728484	","3205104474463	",1.000000,100,100.000000,3456.850000,3527.570000,70.72,70.72,0.7596,70.72,-,-,-,-,-,-,-,-,-,-,-,-,-,-,-,-,-,-,-,-,-,-,47.54,6.18,-,-
鑫龙家园莲花六号小区位置点,"ZDBZD-JS-2025-002255	","JFZDPT-JS-20250319-07499	",2024-12-01,2024-12-31,"1547719759	","3205104474467	",1.000000,100,100.000000,4014.130000,4088.370000,74.24,74.24,0.7542,74.24,-,-,-,-,-,-,-,-,-,-,-,-,-,-,-,-,-,-,-,-,-,-,49.55,6.44,-,-
鑫龙家园莲花六号小区位置点,"ZDBZD-JS-2025-002255	","JFZDPT-JS-20250319-07499	",2024-12-01,2024-12-31,"1534271368	","3205104476753	",1.000000,100,100.000000,2890.970000,2890.970000,0,0,0.7597,0,-,-,-,-,-,-,-,-,-,-,-,-,-,-,-,-,-,-,-,-,-,-,0,0,-,-
鑫龙家园莲花六号小区位置点,"ZDBZD-JS-2025-002255	","JFZDPT-JS-20250319-07499	",2024-12-01,2024-12-31,"1542462053	","3205104476756	",1.000000,100,100.000000,3454.020000,3509.740000,55.72,55.72,0.7604,55.72,-,-,-,-,-,-,-,-,-,-,-,-,-,-,-,-,-,-,-,-,-,-,37.5,4.87,-,-
鑫龙家园莲花六号小区位置点,"ZDBZD-JS-2025-002255	","JFZDPT-JS-20250319-07499	",2024-12-01,2024-12-31,"1534365028	","3205104476757	",1.000000,100,100.000000,3947.400000,4006.840000,59.44,59.44,0.751,59.44,-,-,-,-,-,-,-,-,-,-,-,-,-,-,-,-,-,-,-,-,-,-,39.5,5.14,-,-
鑫龙家园莲花六号小区位置点,"ZDBZD-JS-2025-002255	","JFZDPT-JS-20250319-07499	",2024-12-01,2024-12-31,"1535669055	","3205104476759	",1.000000,100,100.000000,4848.870000,4851.720000,2.85,2.85,0.757,2.85,-,-,-,-,-,-,-,-,-,-,-,-,-,-,-,-,-,-,-,-,-,-,1.91,0.25,-,-
鑫龙家园莲花六号小区位置点,"ZDBZD-JS-2025-002255	","JFZDPT-JS-20250319-07499	",2024-12-01,2024-12-31,"1535960714	","3205104476763	",1.000000,100,100.000000,8657.060000,8790.990000,133.93,133.93,0.757,133.93,-,-,-,-,-,-,-,-,-,-,-,-,-,-,-,-,-,-,-,-,-,-,89.73,11.66,-,-
鑫龙家园莲花六号小区位置点,"ZDBZD-JS-2025-002255	","JFZDPT-JS-20250319-07499	",2024-12-01,2024-12-31,"1543218796	","3205104476766	",1.000000,100,100.000000,4297.690000,4369.840000,72.15,72.15,0.755,72.15,-,-,-,-,-,-,-,-,-,-,-,-,-,-,-,-,-,-,-,-,-,-,48.2,6.27,-,-
鑫龙家园莲花六号小区位置点,"ZDBZD-JS-2025-002255	","JFZDPT-JS-20250319-07499	",2024-12-01,2024-12-31,"1539721710	","3205104476768	",1.000000,100,100.000000,4158.410000,4227.840000,69.43,69.43,0.752,69.43,-,-,-,-,-,-,-,-,-,-,-,-,-,-,-,-,-,-,-,-,-,-,46.2,6.01,-,-
鑫龙家园莲花六号小区位置点,"ZDBZD-JS-2025-002255	","JFZDPT-JS-20250319-07499	",2024-12-01,2024-12-31,"1534340339	","3205104476772	",1.000000,100,100.000000,3339.710000,3410.990000,71.28,71.28,0.7536,71.28,-,-,-,-,-,-,-,-,-,-,-,-,-,-,-,-,-,-,-,-,-,-,47.54,6.18,-,-
鑫龙家园莲花六号小区位置点,"ZDBZD-JS-2025-002255	","JFZDPT-JS-20250319-07499	",2024-12-01,2024-12-31,"1542222948	","3205104476774	",1.000000,100,100.000000,3839.860000,3898.060000,58.2,58.2,0.754,58.2,-,-,-,-,-,-,-,-,-,-,-,-,-,-,-,-,-,-,-,-,-,-,38.83,5.05,-,-
鑫龙家园莲花六号小区位置点,"ZDBZD-JS-2025-002255	","JFZDPT-JS-20250319-07499	",2024-12-01,2024-12-31,"1536674431	","3205104477226	",1.000000,100,100.000000,4950.560000,5051.800000,101.24,101.24,0.7548,101.24,-,-,-,-,-,-,-,-,-,-,-,-,-,-,-,-,-,-,-,-,-,-,67.63,8.79,-,-
鑫龙家园莲花六号小区位置点,"ZDBZD-JS-2025-002255	","JFZDPT-JS-20250319-07499	",2024-12-01,2024-12-31,"1536129515	","3205104477228	",1.000000,100,100.000000,4205.820000,4277.520000,71.7,71.7,0.7597,71.7,-,-,-,-,-,-,-,-,-,-,-,-,-,-,-,-,-,-,-,-,-,-,48.2,6.27,-,-
鑫龙家园莲花六号小区位置点,"ZDBZD-JS-2025-002255	","JFZDPT-JS-20250319-07499	",2024-12-01,2024-12-31,"1539373623	","3205104477230	",1.000000,100,100.000000,3925.770000,3998.910000,73.14,73.14,0.7551,73.14,-,-,-,-,-,-,-,-,-,-,-,-,-,-,-,-,-,-,-,-,-,-,48.88,6.35,-,-
鑫龙家园莲花六号小区位置点,"ZDBZD-JS-2025-002255	","JFZDPT-JS-20250319-07499	",2024-12-01,2024-12-31,"1543105444	","3205104477232	",1.000000,100,100.000000,3230.280000,3275.580000,45.3,45.3,0.7517,45.3,-,-,-,-,-,-,-,-,-,-,-,-,-,-,-,-,-,-,-,-,-,-,30.13,3.92,-,-
鑫龙家园莲花六号小区位置点,"ZDBZD-JS-2025-002255	","JFZDPT-JS-20250319-07499	",2024-12-01,2024-12-31,"1544951755	","3205104477235	",1.000000,100,100.000000,4226.150000,4298.600000,72.45,72.45,0.7518,72.45,-,-,-,-,-,-,-,-,-,-,-,-,-,-,-,-,-,-,-,-,-,-,48.2,6.27,-,-
鑫龙家园莲花六号小区位置点,"ZDBZD-JS-2025-002255	","JFZDPT-JS-20250319-07499	",2024-12-01,2024-12-31,"1544684094	","3205104477238	",1.000000,100,100.000000,3093.340000,3093.340000,0,0,0.7597,0,-,-,-,-,-,-,-,-,-,-,-,-,-,-,-,-,-,-,-,-,-,-,0,0,-,-
鑫龙家园莲花六号小区位置点,"ZDBZD-JS-2025-002255	","JFZDPT-JS-20250319-07499	",2024-12-01,2024-12-31,"1539602549	","3205104477339	",1.000000,100,100.000000,3474.440000,3544.820000,70.38,70.38,0.7525,70.38,-,-,-,-,-,-,-,-,-,-,-,-,-,-,-,-,-,-,-,-,-,-,46.87,6.09,-,-
鑫龙家园莲花六号小区位置点,"ZDBZD-JS-2025-002255	","JFZDPT-JS-20250319-07499	",2024-12-01,2024-12-31,"1546160843	","3205104477340	",1.000000,100,100.000000,4243.300000,4314.950000,71.65,71.65,0.7602,71.65,-,-,-,-,-,-,-,-,-,-,-,-,-,-,-,-,-,-,-,-,-,-,48.2,6.27,-,-
鑫龙家园莲花六号小区位置点,"ZDBZD-JS-2025-002255	","JFZDPT-JS-20250319-07499	",2024-12-01,2024-12-31,"1546168926	","3205104477341	",1.000000,100,100.000000,4809.740000,4880.890000,71.15,71.15,0.755,71.15,-,-,-,-,-,-,-,-,-,-,-,-,-,-,-,-,-,-,-,-,-,-,47.54,6.18,-,-
鑫龙家园莲花六号小区位置点,"ZDBZD-JS-2025-002255	","JFZDPT-JS-20250319-07499	",2024-12-01,2024-12-31,"1542466276	","3205104477344	",1.000000,100,100.000000,3765.480000,3833.820000,68.34,68.34,0.7529,68.34,-,-,-,-,-,-,-,-,-,-,-,-,-,-,-,-,-,-,-,-,-,-,45.53,5.92,-,-
鑫龙家园莲花六号小区位置点,"ZDBZD-JS-2025-002255	","JFZDPT-JS-20250319-07499	",2024-12-01,2024-12-31,"1536129516	","3205104477350	",1.000000,100,100.000000,5243.960000,5350.040000,106.08,106.08,0.756,106.08,-,-,-,-,-,-,-,-,-,-,-,-,-,-,-,-,-,-,-,-,-,-,70.97,9.23,-,-
鑫龙家园莲花六号小区位置点,"ZDBZD-JS-2025-002255	","JFZDPT-JS-20250603-04570	",2025-04-01,2025-04-30,"1534337708	","3205104313087	",1.000000,100,100.000000,3726.910000,3760.240000,33.33,33.33,0.7078,33.33,-,-,-,-,-,-,-,-,-,-,-,-,-,-,-,-,-,-,-,-,-,-,20.876968,2.714006,-,-
鑫龙家园莲花六号小区位置点,"ZDBZD-JS-2025-002255	","JFZDPT-JS-20250603-04570	",2025-04-01,2025-04-30,"1534339435	","3205104313426	",1.000000,100,100.000000,2719.760000,2747.100000,27.34,27.34,0.7059,27.34,-,-,-,-,-,-,-,-,-,-,-,-,-,-,-,-,-,-,-,-,-,-,17.079032,2.220274,-,-
鑫龙家园莲花六号小区位置点,"ZDBZD-JS-2025-002255	","JFZDPT-JS-20250603-04570	",2025-04-01,2025-04-30,"1534349171	","3205104313433	",1.000000,100,100.000000,2582.560000,2602.640000,20.08,20.08,0.7122,20.08,-,-,-,-,-,-,-,-,-,-,-,-,-,-,-,-,-,-,-,-,-,-,12.655731,1.645245,-,-
鑫龙家园莲花六号小区位置点,"ZDBZD-JS-2025-002255	","JFZDPT-JS-20250603-04570	",2025-04-01,2025-04-30,"1554157659	","3205104313437	",1.000000,100,100.000000,159.280000,181.340000,22.06,22.06,0.7131,22.06,-,-,-,-,-,-,-,-,-,-,-,-,-,-,-,-,-,-,-,-,-,-,13.921227,1.809759,-,-
鑫龙家园莲花六号小区位置点,"ZDBZD-JS-2025-002255	","JFZDPT-JS-20250603-04570	",2025-04-01,2025-04-30,"1534339430	","3205104313446	",1.000000,100,100.000000,2519.350000,2539.040000,19.69,19.69,0.7263,19.69,-,-,-,-,-,-,-,-,-,-,-,-,-,-,-,-,-,-,-,-,-,-,12.655617,1.64523,-,-
鑫龙家园莲花六号小区位置点,"ZDBZD-JS-2025-002255	","JFZDPT-JS-20250603-04570	",2025-04-01,2025-04-30,"1534337522	","3205104313451	",1.000000,100,100.000000,2731.230000,2753.420000,22.19,22.19,0.7089,22.19,-,-,-,-,-,-,-,-,-,-,-,-,-,-,-,-,-,-,-,-,-,-,13.920788,1.809703,-,-
鑫龙家园莲花六号小区位置点,"ZDBZD-JS-2025-002255	","JFZDPT-JS-20250603-04570	",2025-04-01,2025-04-30,"1528107567	","3205104315707	",1.000000,100,100.000000,3639.700000,3672.710000,33.01,33.01,0.7146,33.01,-,-,-,-,-,-,-,-,-,-,-,-,-,-,-,-,-,-,-,-,-,-,20.875173,2.713773,-,-
鑫龙家园莲花六号小区位置点,"ZDBZD-JS-2025-002255	","JFZDPT-JS-20250603-04570	",2025-04-01,2025-04-30,"1556867474	","3205104315719	",1.000000,100,100.000000,1047.270000,1069.590000,22.32,22.32,0.7047,22.32,-,-,-,-,-,-,-,-,-,-,-,-,-,-,-,-,-,-,-,-,-,-,13.919384,1.80952,-,-
鑫龙家园莲花六号小区位置点,"ZDBZD-JS-2025-002255	","JFZDPT-JS-20250603-04570	",2025-04-01,2025-04-30,"1528102930	","3205104315726	",1.000000,100,100.000000,2626.950000,2654.220000,27.27,27.27,0.7077,27.27,-,-,-,-,-,-,-,-,-,-,-,-,-,-,-,-,-,-,-,-,-,-,17.078742,2.220237,-,-
鑫龙家园莲花六号小区位置点,"ZDBZD-JS-2025-002255	","JFZDPT-JS-20250603-04570	",2025-04-01,2025-04-30,"1559570474	","3205104353226	",1.000000,100,100.000000,4253.720000,4389.500000,135.78,135.78,0.7159,135.78,-,-,-,-,-,-,-,-,-,-,-,-,-,-,-,-,-,-,-,-,-,-,86.022037,11.182865,-,-
鑫龙家园莲花六号小区位置点,"ZDBZD-JS-2025-002255	","JFZDPT-JS-20250603-04570	",2025-04-01,2025-04-30,"1547726877	","3205104472953	",1.000000,100,100.000000,4460.500000,4530.830000,70.33,70.33,0.7115,70.33,-,-,-,-,-,-,-,-,-,-,-,-,-,-,-,-,-,-,-,-,-,-,44.283004,5.756791,-,-
鑫龙家园莲花六号小区位置点,"ZDBZD-JS-2025-002255	","JFZDPT-JS-20250603-04570	",2025-04-01,2025-04-30,"1547633945	","3205104472957	",1.000000,100,100.000000,5560.480000,5656.370000,95.89,95.89,0.7156,95.89,-,-,-,-,-,-,-,-,-,-,-,-,-,-,-,-,-,-,-,-,-,-,60.724676,7.894208,-,-
鑫龙家园莲花六号小区位置点,"ZDBZD-JS-2025-002255	","JFZDPT-JS-20250603-04570	",2025-04-01,2025-04-30,"1547633944	","3205104472959	",1.000000,100,100.000000,4365.370000,4433.690000,68.32,68.32,0.7115,68.32,-,-,-,-,-,-,-,-,-,-,-,-,-,-,-,-,-,-,-,-,-,-,43.017416,5.592264,-,-
鑫龙家园莲花六号小区位置点,"ZDBZD-JS-2025-002255	","JFZDPT-JS-20250603-04570	",2025-04-01,2025-04-30,"1547633946	","3205104472963	",1.000000,100,100.000000,4253.540000,4319.400000,65.86,65.86,0.7164,65.86,-,-,-,-,-,-,-,-,-,-,-,-,-,-,-,-,-,-,-,-,-,-,41.754074,5.42803,-,-
鑫龙家园莲花六号小区位置点,"ZDBZD-JS-2025-002255	","JFZDPT-JS-20250603-04570	",2025-04-01,2025-04-30,"1547634578	","3205104472970	",1.000000,100,100.000000,3400.040000,3442.600000,42.56,42.56,0.7223,42.56,-,-,-,-,-,-,-,-,-,-,-,-,-,-,-,-,-,-,-,-,-,-,27.204503,3.536585,-,-
鑫龙家园莲花六号小区位置点,"ZDBZD-JS-2025-002255	","JFZDPT-JS-20250603-04570	",2025-04-01,2025-04-30,"1547728488	","3205104474427	",1.000000,100,100.000000,4412.870000,4482.190000,69.32,69.32,0.7115,69.32,-,-,-,-,-,-,-,-,-,-,-,-,-,-,-,-,-,-,-,-,-,-,43.647062,5.674118,-,-
鑫龙家园莲花六号小区位置点,"ZDBZD-JS-2025-002255	","JFZDPT-JS-20250603-04570	",2025-04-01,2025-04-30,"1547719754	","3205104474457	",1.000000,100,100.000000,10719.380000,10873.950000,154.57,154.57,0.7168,154.57,-,-,-,-,-,-,-,-,-,-,-,-,-,-,-,-,-,-,-,-,-,-,98.049359,12.746417,-,-
鑫龙家园莲花六号小区位置点,"ZDBZD-JS-2025-002255	","JFZDPT-JS-20250603-04570	",2025-04-01,2025-04-30,"1547728484	","3205104474463	",1.000000,100,100.000000,3731.790000,3795.180000,63.39,63.39,0.7104,63.39,-,-,-,-,-,-,-,-,-,-,-,-,-,-,-,-,-,-,-,-,-,-,39.851554,5.180702,-,-
鑫龙家园莲花六号小区位置点,"ZDBZD-JS-2025-002255	","JFZDPT-JS-20250603-04570	",2025-04-01,2025-04-30,"1547719759	","3205104474467	",1.000000,100,100.000000,4302.810000,4369.290000,66.48,66.48,0.7097,66.48,-,-,-,-,-,-,-,-,-,-,-,-,-,-,-,-,-,-,-,-,-,-,41.75297,5.427886,-,-
鑫龙家园莲花六号小区位置点,"ZDBZD-JS-2025-002255	","JFZDPT-JS-20250603-04570	",2025-04-01,2025-04-30,"1534271368	","3205104476753	",1.000000,100,100.000000,2890.970000,2890.970000,0,0,0.72,0,-,-,-,-,-,-,-,-,-,-,-,-,-,-,-,-,-,-,-,-,-,-,0,0,-,-
鑫龙家园莲花六号小区位置点,"ZDBZD-JS-2025-002255	","JFZDPT-JS-20250603-04570	",2025-04-01,2025-04-30,"1542462053	","3205104476756	",1.000000,100,100.000000,3671.560000,3725.340000,53.78,53.78,0.7177,53.78,-,-,-,-,-,-,-,-,-,-,-,-,-,-,-,-,-,-,-,-,-,-,34.157439,4.440467,-,-
鑫龙家园莲花六号小区位置点,"ZDBZD-JS-2025-002255	","JFZDPT-JS-20250603-04570	",2025-04-01,2025-04-30,"1534365028	","3205104476757	",1.000000,100,100.000000,4195.910000,4253.740000,57.83,57.83,0.7169,57.83,-,-,-,-,-,-,-,-,-,-,-,-,-,-,-,-,-,-,-,-,-,-,36.688785,4.769542,-,-
鑫龙家园莲花六号小区位置点,"ZDBZD-JS-2025-002255	","JFZDPT-JS-20250603-04570	",2025-04-01,2025-04-30,"1535669055	","3205104476759	",1.000000,100,100.000000,4859.950000,4862.670000,2.72,2.72,0.713,2.72,-,-,-,-,-,-,-,-,-,-,-,-,-,-,-,-,-,-,-,-,-,-,1.716248,0.223112,-,-
鑫龙家园莲花六号小区位置点,"ZDBZD-JS-2025-002255	","JFZDPT-JS-20250603-04570	",2025-04-01,2025-04-30,"1535960714	","3205104476763	",1.000000,100,100.000000,9179.840000,9309.540000,129.7,129.7,0.7164,129.7,-,-,-,-,-,-,-,-,-,-,-,-,-,-,-,-,-,-,-,-,-,-,82.227504,10.689576,-,-
鑫龙家园莲花六号小区位置点,"ZDBZD-JS-2025-002255	","JFZDPT-JS-20250603-04570	",2025-04-01,2025-04-30,"1543218796	","3205104476766	",1.000000,100,100.000000,4579.190000,4648.910000,69.72,69.72,0.7177,69.72,-,-,-,-,-,-,-,-,-,-,-,-,-,-,-,-,-,-,-,-,-,-,44.281455,5.756589,-,-
鑫龙家园莲花六号小区位置点,"ZDBZD-JS-2025-002255	","JFZDPT-JS-20250603-04570	",2025-04-01,2025-04-30,"1539721710	","3205104476768	",1.000000,100,100.000000,4429.350000,4496.680000,67.33,67.33,0.7113,67.33,-,-,-,-,-,-,-,-,-,-,-,-,-,-,-,-,-,-,-,-,-,-,42.38215,5.509679,-,-
鑫龙家园莲花六号小区位置点,"ZDBZD-JS-2025-002255	","JFZDPT-JS-20250603-04570	",2025-04-01,2025-04-30,"1534340339	","3205104476772	",1.000000,100,100.000000,3617.920000,3687.090000,69.17,69.17,0.713,69.17,-,-,-,-,-,-,-,-,-,-,-,-,-,-,-,-,-,-,-,-,-,-,43.644434,5.673776,-,-
鑫龙家园莲花六号小区位置点,"ZDBZD-JS-2025-002255	","JFZDPT-JS-20250603-04570	",2025-04-01,2025-04-30,"1542222948	","3205104476774	",1.000000,100,100.000000,4060.220000,4113.230000,53.01,53.01,0.7146,53.01,-,-,-,-,-,-,-,-,-,-,-,-,-,-,-,-,-,-,-,-,-,-,33.522961,4.357985,-,-
鑫龙家园莲花六号小区位置点,"ZDBZD-JS-2025-002255	","JFZDPT-JS-20250603-04570	",2025-04-01,2025-04-30,"1536674431	","3205104477226	",1.000000,100,100.000000,5249.470000,5299.920000,50.45,50.45,0.7084,50.45,-,-,-,-,-,-,-,-,-,-,-,-,-,-,-,-,-,-,-,-,-,-,31.627239,4.111541,-,-
鑫龙家园莲花六号小区位置点,"ZDBZD-JS-2025-002255	","JFZDPT-JS-20250603-04570	",2025-04-01,2025-04-30,"1536129515	","3205104477228	",1.000000,100,100.000000,4484.520000,4548.750000,64.23,64.23,0.7123,64.23,-,-,-,-,-,-,-,-,-,-,-,-,-,-,-,-,-,-,-,-,-,-,40.487636,5.263393,-,-
鑫龙家园莲花六号小区位置点,"ZDBZD-JS-2025-002255	","JFZDPT-JS-20250603-04570	",2025-04-01,2025-04-30,"1539373623	","3205104477230	",1.000000,100,100.000000,4198.060000,4254.910000,56.85,56.85,0.7166,56.85,-,-,-,-,-,-,-,-,-,-,-,-,-,-,-,-,-,-,-,-,-,-,36.051956,4.686754,-,-
鑫龙家园莲花六号小区位置点,"ZDBZD-JS-2025-002255	","JFZDPT-JS-20250603-04570	",2025-04-01,2025-04-30,"1543105444	","3205104477232	",1.000000,100,100.000000,3406.530000,3447.700000,41.17,41.17,0.7119,41.17,-,-,-,-,-,-,-,-,-,-,-,-,-,-,-,-,-,-,-,-,-,-,25.9371,3.371823,-,-
鑫龙家园莲花六号小区位置点,"ZDBZD-JS-2025-002255	","JFZDPT-JS-20250603-04570	",2025-04-01,2025-04-30,"1544951755	","3205104477235	",1.000000,100,100.000000,4507.620000,4572.140000,64.52,64.52,0.7201,64.52,-,-,-,-,-,-,-,-,-,-,-,-,-,-,-,-,-,-,-,-,-,-,41.115798,5.345054,-,-
鑫龙家园莲花六号小区位置点,"ZDBZD-JS-2025-002255	","JFZDPT-JS-20250603-04570	",2025-04-01,2025-04-30,"1544684094	","3205104477238	",1.000000,100,100.000000,3093.340000,3093.340000,0,0,0.72,0,-,-,-,-,-,-,-,-,-,-,-,-,-,-,-,-,-,-,-,-,-,-,0,0,-,-
鑫龙家园莲花六号小区位置点,"ZDBZD-JS-2025-002255	","JFZDPT-JS-20250603-04570	",2025-04-01,2025-04-30,"1539602549	","3205104477339	",1.000000,100,100.000000,3749.190000,3817.640000,68.45,68.45,0.7102,68.45,-,-,-,-,-,-,-,-,-,-,-,-,-,-,-,-,-,-,-,-,-,-,43.020522,5.592668,-,-
鑫龙家园莲花六号小区位置点,"ZDBZD-JS-2025-002255	","JFZDPT-JS-20250603-04570	",2025-04-01,2025-04-30,"1546160843	","3205104477340	",1.000000,100,100.000000,4522.940000,4592.390000,69.45,69.45,0.7102,69.45,-,-,-,-,-,-,-,-,-,-,-,-,-,-,-,-,-,-,-,-,-,-,43.649018,5.674372,-,-
鑫龙家园莲花六号小区位置点,"ZDBZD-JS-2025-002255	","JFZDPT-JS-20250603-04570	",2025-04-01,2025-04-30,"1546168926	","3205104477341	",1.000000,100,100.000000,5087.670000,5159.110000,71.44,71.44,0.7104,71.44,-,-,-,-,-,-,-,-,-,-,-,-,-,-,-,-,-,-,-,-,-,-,44.912368,5.838608,-,-
鑫龙家园莲花六号小区位置点,"ZDBZD-JS-2025-002255	","JFZDPT-JS-20250603-04570	",2025-04-01,2025-04-30,"1542466276	","3205104477344	",1.000000,100,100.000000,4032.260000,4098.560000,66.3,66.3,0.7116,66.3,-,-,-,-,-,-,-,-,-,-,-,-,-,-,-,-,-,-,-,-,-,-,41.751398,5.427682,-,-
鑫龙家园莲花六号小区位置点,"ZDBZD-JS-2025-002255	","JFZDPT-JS-20250603-04570	",2025-04-01,2025-04-30,"1536129516	","3205104477350	",1.000000,100,100.000000,5653.280000,5725.860000,72.58,72.58,0.7189,72.58,-,-,-,-,-,-,-,-,-,-,-,-,-,-,-,-,-,-,-,-,-,-,46.175011,6.002751,-,-
鑫龙家园莲花六号小区位置点,"ZDBZD-JS-2025-002255	","JFZDPT-JS-20250618-06096	",2025-05-01,2025-05-31,"1534337708	","3205104313087	",1.000000,100,100.000000,3760.240000,3794.650000,34.41,34.41,0.7111,34.41,-,-,-,-,-,-,-,-,-,-,-,-,-,-,-,-,-,-,-,-,-,-,21.653939,2.815012,-,-
鑫龙家园莲花六号小区位置点,"ZDBZD-JS-2025-002255	","JFZDPT-JS-20250618-06096	",2025-05-01,2025-05-31,"1534339435	","3205104313426	",1.000000,100,100.000000,2747.100000,2775.210000,28.11,28.11,0.7172,28.11,-,-,-,-,-,-,-,-,-,-,-,-,-,-,-,-,-,-,-,-,-,-,17.841143,2.319349,-,-
鑫龙家园莲花六号小区位置点,"ZDBZD-JS-2025-002255	","JFZDPT-JS-20250618-06096	",2025-05-01,2025-05-31,"1534349171	","3205104313433	",1.000000,100,100.000000,2602.640000,2623.410000,20.77,20.77,0.728,20.77,-,-,-,-,-,-,-,-,-,-,-,-,-,-,-,-,-,-,-,-,-,-,13.381027,1.739533,-,-
鑫龙家园莲花六号小区位置点,"ZDBZD-JS-2025-002255	","JFZDPT-JS-20250618-06096	",2025-05-01,2025-05-31,"1554157659	","3205104313437	",1.000000,100,100.000000,181.340000,204.170000,22.83,22.83,0.7254,22.83,-,-,-,-,-,-,-,-,-,-,-,-,-,-,-,-,-,-,-,-,-,-,14.655648,1.905234,-,-
鑫龙家园莲花六号小区位置点,"ZDBZD-JS-2025-002255	","JFZDPT-JS-20250618-06096	",2025-05-01,2025-05-31,"1534339430	","3205104313446	",1.000000,100,100.000000,2539.040000,2559.430000,20.39,20.39,0.7062,20.39,-,-,-,-,-,-,-,-,-,-,-,-,-,-,-,-,-,-,-,-,-,-,12.742848,1.65657,-,-
鑫龙家园莲花六号小区位置点,"ZDBZD-JS-2025-002255	","JFZDPT-JS-20250618-06096	",2025-05-01,2025-05-31,"1534337522	","3205104313451	",1.000000,100,100.000000,2753.420000,2776.340000,22.92,22.92,0.7225,22.92,-,-,-,-,-,-,-,-,-,-,-,-,-,-,-,-,-,-,-,-,-,-,14.654602,1.905098,-,-
鑫龙家园莲花六号小区位置点,"ZDBZD-JS-2025-002255	","JFZDPT-JS-20250618-06096	",2025-05-01,2025-05-31,"1528107567	","3205104315707	",1.000000,100,100.000000,3672.710000,3706.770000,34.06,34.06,0.7184,34.06,-,-,-,-,-,-,-,-,-,-,-,-,-,-,-,-,-,-,-,-,-,-,21.65372,2.814984,-,-
鑫龙家园莲花六号小区位置点,"ZDBZD-JS-2025-002255	","JFZDPT-JS-20250618-06096	",2025-05-01,2025-05-31,"1556867474	","3205104315719	",1.000000,100,100.000000,1069.590000,1092.740000,23.15,23.15,0.7153,23.15,-,-,-,-,-,-,-,-,-,-,-,-,-,-,-,-,-,-,-,-,-,-,14.654155,1.90504,-,-
鑫龙家园莲花六号小区位置点,"ZDBZD-JS-2025-002255	","JFZDPT-JS-20250618-06096	",2025-05-01,2025-05-31,"1528102930	","3205104315726	",1.000000,100,100.000000,2654.220000,2682.470000,28.25,28.25,0.7136,28.25,-,-,-,-,-,-,-,-,-,-,-,-,-,-,-,-,-,-,-,-,-,-,17.84,2.3192,-,-
鑫龙家园莲花六号小区位置点,"ZDBZD-JS-2025-002255	","JFZDPT-JS-20250618-06096	",2025-05-01,2025-05-31,"1559570474	","3205104353226	",1.000000,100,100.000000,4389.500000,4530.570000,141.07,141.07,0.7195,141.07,-,-,-,-,-,-,-,-,-,-,-,-,-,-,-,-,-,-,-,-,-,-,89.822889,11.676976,-,-
鑫龙家园莲花六号小区位置点,"ZDBZD-JS-2025-002255	","JFZDPT-JS-20250618-06096	",2025-05-01,2025-05-31,"1547726877	","3205104472953	",1.000000,100,100.000000,4530.830000,4603.630000,72.8,72.8,0.7218,72.8,-,-,-,-,-,-,-,-,-,-,-,-,-,-,-,-,-,-,-,-,-,-,46.501805,6.045235,-,-
鑫龙家园莲花六号小区位置点,"ZDBZD-JS-2025-002255	","JFZDPT-JS-20250618-06096	",2025-05-01,2025-05-31,"1547633945	","3205104472957	",1.000000,100,100.000000,5656.370000,5755.670000,99.3,99.3,0.7176,99.3,-,-,-,-,-,-,-,-,-,-,-,-,-,-,-,-,-,-,-,-,-,-,63.059894,8.197786,-,-
鑫龙家园莲花六号小区位置点,"ZDBZD-JS-2025-002255	","JFZDPT-JS-20250618-06096	",2025-05-01,2025-05-31,"1547633944	","3205104472959	",1.000000,100,100.000000,4433.690000,4504.450000,70.76,70.76,0.7223,70.76,-,-,-,-,-,-,-,-,-,-,-,-,-,-,-,-,-,-,-,-,-,-,45.230042,5.879906,-,-
鑫龙家园莲花六号小区位置点,"ZDBZD-JS-2025-002255	","JFZDPT-JS-20250618-06096	",2025-05-01,2025-05-31,"1547633946	","3205104472963	",1.000000,100,100.000000,4319.400000,4382.070000,62.67,62.67,0.7236,62.67,-,-,-,-,-,-,-,-,-,-,-,-,-,-,-,-,-,-,-,-,-,-,40.130984,5.217028,-,-
鑫龙家园莲花六号小区位置点,"ZDBZD-JS-2025-002255	","JFZDPT-JS-20250618-06096	",2025-05-01,2025-05-31,"1547634578	","3205104472970	",1.000000,100,100.000000,3442.600000,3487.200000,44.6,44.6,0.7262,44.6,-,-,-,-,-,-,-,-,-,-,-,-,-,-,-,-,-,-,-,-,-,-,28.662407,3.726113,-,-
鑫龙家园莲花六号小区位置点,"ZDBZD-JS-2025-002255	","JFZDPT-JS-20250618-06096	",2025-05-01,2025-05-31,"1547728488	","3205104474427	",1.000000,100,100.000000,4482.190000,4553.890000,71.7,71.7,0.7229,71.7,-,-,-,-,-,-,-,-,-,-,-,-,-,-,-,-,-,-,-,-,-,-,45.868965,5.962965,-,-
鑫龙家园莲花六号小区位置点,"ZDBZD-JS-2025-002255	","JFZDPT-JS-20250618-06096	",2025-05-01,2025-05-31,"1547719754	","3205104474457	",1.000000,100,100.000000,10873.950000,11031.680000,157.73,157.73,0.7211,157.73,-,-,-,-,-,-,-,-,-,-,-,-,-,-,-,-,-,-,-,-,-,-,100.654073,13.08503,-,-
鑫龙家园莲花六号小区位置点,"ZDBZD-JS-2025-002255	","JFZDPT-JS-20250618-06096	",2025-05-01,2025-05-31,"1547728484	","3205104474463	",1.000000,100,100.000000,3795.180000,3855.500000,60.32,60.32,0.716,60.32,-,-,-,-,-,-,-,-,-,-,-,-,-,-,-,-,-,-,-,-,-,-,38.22046,4.96866,-,-
鑫龙家园莲花六号小区位置点,"ZDBZD-JS-2025-002255	","JFZDPT-JS-20250618-06096	",2025-05-01,2025-05-31,"1547719759	","3205104474467	",1.000000,100,100.000000,4369.290000,4432.490000,63.2,63.2,0.7176,63.2,-,-,-,-,-,-,-,-,-,-,-,-,-,-,-,-,-,-,-,-,-,-,40.134796,5.217524,-,-
鑫龙家园莲花六号小区位置点,"ZDBZD-JS-2025-002255	","JFZDPT-JS-20250618-06096	",2025-05-01,2025-05-31,"1534271368	","3205104476753	",1.000000,100,100.000000,2890.970000,2890.970000,0,0,0.72,0,-,-,-,-,-,-,-,-,-,-,-,-,-,-,-,-,-,-,-,-,-,-,0,0,-,-
鑫龙家园莲花六号小区位置点,"ZDBZD-JS-2025-002255	","JFZDPT-JS-20250618-06096	",2025-05-01,2025-05-31,"1542462053	","3205104476756	",1.000000,100,100.000000,3725.340000,3780.910000,55.57,55.57,0.7254,55.57,-,-,-,-,-,-,-,-,-,-,-,-,-,-,-,-,-,-,-,-,-,-,35.672989,4.637489,-,-
鑫龙家园莲花六号小区位置点,"ZDBZD-JS-2025-002255	","JFZDPT-JS-20250618-06096	",2025-05-01,2025-05-31,"1534365028	","3205104476757	",1.000000,100,100.000000,4253.740000,4313.410000,59.67,59.67,0.7238,59.67,-,-,-,-,-,-,-,-,-,-,-,-,-,-,-,-,-,-,-,-,-,-,38.220483,4.968663,-,-
鑫龙家园莲花六号小区位置点,"ZDBZD-JS-2025-002255	","JFZDPT-JS-20250618-06096	",2025-05-01,2025-05-31,"1535669055	","3205104476759	",1.000000,100,100.000000,4862.670000,4865.500000,2.83,2.83,0.7633,2.83,-,-,-,-,-,-,-,-,-,-,-,-,-,-,-,-,-,-,-,-,-,-,1.911627,0.248512,-,-
鑫龙家园莲花六号小区位置点,"ZDBZD-JS-2025-002255	","JFZDPT-JS-20250618-06096	",2025-05-01,2025-05-31,"1535960714	","3205104476763	",1.000000,100,100.000000,9309.540000,9443.690000,134.15,134.15,0.719,134.15,-,-,-,-,-,-,-,-,-,-,-,-,-,-,-,-,-,-,-,-,-,-,85.357389,11.096461,-,-
鑫龙家园莲花六号小区位置点,"ZDBZD-JS-2025-002255	","JFZDPT-JS-20250618-06096	",2025-05-01,2025-05-31,"1543218796	","3205104476766	",1.000000,100,100.000000,4648.910000,4721.050000,72.14,72.14,0.7185,72.14,-,-,-,-,-,-,-,-,-,-,-,-,-,-,-,-,-,-,-,-,-,-,45.869549,5.963041,-,-
鑫龙家园莲花六号小区位置点,"ZDBZD-JS-2025-002255	","JFZDPT-JS-20250618-06096	",2025-05-01,2025-05-31,"1539721710	","3205104476768	",1.000000,100,100.000000,4496.680000,4566.410000,69.73,69.73,0.7226,69.73,-,-,-,-,-,-,-,-,-,-,-,-,-,-,-,-,-,-,-,-,-,-,44.590175,5.796723,-,-
鑫龙家园莲花六号小区位置点,"ZDBZD-JS-2025-002255	","JFZDPT-JS-20250618-06096	",2025-05-01,2025-05-31,"1534340339	","3205104476772	",1.000000,100,100.000000,3687.090000,3758.700000,71.61,71.61,0.7238,71.61,-,-,-,-,-,-,-,-,-,-,-,-,-,-,-,-,-,-,-,-,-,-,45.868423,5.962895,-,-
鑫龙家园莲花六号小区位置点,"ZDBZD-JS-2025-002255	","JFZDPT-JS-20250618-06096	",2025-05-01,2025-05-31,"1542222948	","3205104476774	",1.000000,100,100.000000,4113.230000,4168.070000,54.84,54.84,0.7219,54.84,-,-,-,-,-,-,-,-,-,-,-,-,-,-,-,-,-,-,-,-,-,-,35.03451,4.554486,-,-
鑫龙家园莲花六号小区位置点,"ZDBZD-JS-2025-002255	","JFZDPT-JS-20250618-06096	",2025-05-01,2025-05-31,"1536674431	","3205104477226	",1.000000,100,100.000000,5299.920000,5352.110000,52.19,52.19,0.7172,52.19,-,-,-,-,-,-,-,-,-,-,-,-,-,-,-,-,-,-,-,-,-,-,33.124485,4.306183,-,-
鑫龙家园莲花六号小区位置点,"ZDBZD-JS-2025-002255	","JFZDPT-JS-20250618-06096	",2025-05-01,2025-05-31,"1536129515	","3205104477228	",1.000000,100,100.000000,4548.750000,4609.810000,61.06,61.06,0.7191,61.06,-,-,-,-,-,-,-,-,-,-,-,-,-,-,-,-,-,-,-,-,-,-,38.856855,5.051391,-,-
鑫龙家园莲花六号小区位置点,"ZDBZD-JS-2025-002255	","JFZDPT-JS-20250618-06096	",2025-05-01,2025-05-31,"1539373623	","3205104477230	",1.000000,100,100.000000,4254.910000,4313.630000,58.72,58.72,0.7233,58.72,-,-,-,-,-,-,-,-,-,-,-,-,-,-,-,-,-,-,-,-,-,-,37.585996,4.88618,-,-
鑫龙家园莲花六号小区位置点,"ZDBZD-JS-2025-002255	","JFZDPT-JS-20250618-06096	",2025-05-01,2025-05-31,"1543105444	","3205104477232	",1.000000,100,100.000000,3447.700000,3487.750000,40.05,40.05,0.7189,40.05,-,-,-,-,-,-,-,-,-,-,-,-,-,-,-,-,-,-,-,-,-,-,25.479597,3.312348,-,-
鑫龙家园莲花六号小区位置点,"ZDBZD-JS-2025-002255	","JFZDPT-JS-20250618-06096	",2025-05-01,2025-05-31,"1544951755	","3205104477235	",1.000000,100,100.000000,4572.140000,4633.380000,61.24,61.24,0.717,61.24,-,-,-,-,-,-,-,-,-,-,-,-,-,-,-,-,-,-,-,-,-,-,38.857593,5.051487,-,-
鑫龙家园莲花六号小区位置点,"ZDBZD-JS-2025-002255	","JFZDPT-JS-20250618-06096	",2025-05-01,2025-05-31,"1544684094	","3205104477238	",1.000000,100,100.000000,3093.340000,3093.340000,0,0,0.72,0,-,-,-,-,-,-,-,-,-,-,-,-,-,-,-,-,-,-,-,-,-,-,0,0,-,-
鑫龙家园莲花六号小区位置点,"ZDBZD-JS-2025-002255	","JFZDPT-JS-20250618-06096	",2025-05-01,2025-05-31,"1539602549	","3205104477339	",1.000000,100,100.000000,3817.640000,3888.500000,70.86,70.86,0.7213,70.86,-,-,-,-,-,-,-,-,-,-,-,-,-,-,-,-,-,-,-,-,-,-,45.231255,5.880063,-,-
鑫龙家园莲花六号小区位置点,"ZDBZD-JS-2025-002255	","JFZDPT-JS-20250618-06096	",2025-05-01,2025-05-31,"1546160843	","3205104477340	",1.000000,100,100.000000,4592.390000,4664.290000,71.9,71.9,0.7209,71.9,-,-,-,-,-,-,-,-,-,-,-,-,-,-,-,-,-,-,-,-,-,-,45.869655,5.963055,-,-
鑫龙家园莲花六号小区位置点,"ZDBZD-JS-2025-002255	","JFZDPT-JS-20250618-06096	",2025-05-01,2025-05-31,"1546168926	","3205104477341	",1.000000,100,100.000000,5159.110000,5233.150000,74.04,74.04,0.7195,74.04,-,-,-,-,-,-,-,-,-,-,-,-,-,-,-,-,-,-,-,-,-,-,47.143168,6.128612,-,-
鑫龙家园莲花六号小区位置点,"ZDBZD-JS-2025-002255	","JFZDPT-JS-20250618-06096	",2025-05-01,2025-05-31,"1542466276	","3205104477344	",1.000000,100,100.000000,4098.560000,4167.100000,68.54,68.54,0.7247,68.54,-,-,-,-,-,-,-,-,-,-,-,-,-,-,-,-,-,-,-,-,-,-,43.956582,5.714356,-,-
鑫龙家园莲花六号小区位置点,"ZDBZD-JS-2025-002255	","JFZDPT-JS-20250618-06096	",2025-05-01,2025-05-31,"1536129516	","3205104477350	",1.000000,100,100.000000,5725.860000,5800.950000,75.09,75.09,0.719,75.09,-,-,-,-,-,-,-,-,-,-,-,-,-,-,-,-,-,-,-,-,-,-,47.778504,6.211206,-,-
鑫龙家园莲花六号小区位置点,"ZDBZD-JS-2025-002255	","JFZDPT-JS-20250213-12632	",2024-04-01,2024-04-30,"1534337708	","3205104313087	",1.000000,100,100.000000,3185.570000,3230.810000,45.24,45.24,0.7732,45.24,-,-,-,-,-,-,-,-,-,-,-,-,-,-,-,-,-,-,-,-,-,-,30.96,4.02,-,-
鑫龙家园莲花六号小区位置点,"ZDBZD-JS-2025-002255	","JFZDPT-JS-20250213-12632	",2024-04-01,2024-04-30,"1534339435	","3205104313426	",1.000000,100,100.000000,2263.390000,2348.340000,84.95,84.95,0.7778,84.95,-,-,-,-,-,-,-,-,-,-,-,-,-,-,-,-,-,-,-,-,-,-,58.47,7.6,-,-
鑫龙家园莲花六号小区位置点,"ZDBZD-JS-2025-002255	","JFZDPT-JS-20250213-12632	",2024-04-01,2024-04-30,"1534349171	","3205104313433	",1.000000,100,100.000000,2203.260000,2235.200000,31.94,31.94,0.7786,31.94,-,-,-,-,-,-,-,-,-,-,-,-,-,-,-,-,-,-,-,-,-,-,22.01,2.86,-,-
鑫龙家园莲花六号小区位置点,"ZDBZD-JS-2025-002255	","JFZDPT-JS-20250213-12632	",2024-04-01,2024-04-30,"1554157659	","3205104313437	",1.000000,100,100.000000,2215.270000,2247.310000,32.04,32.04,0.7762,32.04,-,-,-,-,-,-,-,-,-,-,-,-,-,-,-,-,-,-,-,-,-,-,22.01,2.86,-,-
鑫龙家园莲花六号小区位置点,"ZDBZD-JS-2025-002255	","JFZDPT-JS-20250213-12632	",2024-04-01,2024-04-30,"1534339430	","3205104313446	",1.000000,100,100.000000,2139.880000,2171.990000,32.11,32.11,0.7745,32.11,-,-,-,-,-,-,-,-,-,-,-,-,-,-,-,-,-,-,-,-,-,-,22.01,2.86,-,-
鑫龙家园莲花六号小区位置点,"ZDBZD-JS-2025-002255	","JFZDPT-JS-20250213-12632	",2024-04-01,2024-04-30,"1534337522	","3205104313451	",1.000000,100,100.000000,2339.960000,2372.860000,32.9,32.9,0.7796,32.9,-,-,-,-,-,-,-,-,-,-,-,-,-,-,-,-,-,-,-,-,-,-,22.7,2.95,-,-
鑫龙家园莲花六号小区位置点,"ZDBZD-JS-2025-002255	","JFZDPT-JS-20250213-12632	",2024-04-01,2024-04-30,"1528107567	","3205104315707	",1.000000,100,100.000000,3102.260000,3147.180000,44.92,44.92,0.7787,44.92,-,-,-,-,-,-,-,-,-,-,-,-,-,-,-,-,-,-,-,-,-,-,30.96,4.02,-,-
鑫龙家园莲花六号小区位置点,"ZDBZD-JS-2025-002255	","JFZDPT-JS-20250213-12632	",2024-04-01,2024-04-30,"1556867474	","3205104315719	",1.000000,100,100.000000,658.970000,691.190000,32.22,32.22,0.7719,32.22,-,-,-,-,-,-,-,-,-,-,-,-,-,-,-,-,-,-,-,-,-,-,22.01,2.86,-,-
鑫龙家园莲花六号小区位置点,"ZDBZD-JS-2025-002255	","JFZDPT-JS-20250213-12632	",2024-04-01,2024-04-30,"1528102930	","3205104315726	",1.000000,100,100.000000,2247.980000,2279.910000,31.93,31.93,0.7789,31.93,-,-,-,-,-,-,-,-,-,-,-,-,-,-,-,-,-,-,-,-,-,-,22.01,2.86,-,-
鑫龙家园莲花六号小区位置点,"ZDBZD-JS-2025-002255	","JFZDPT-JS-20250213-12632	",2024-04-01,2024-04-30,"1559570474	","3205104353226	",1.000000,100,100.000000,2587.280000,2725.240000,137.96,137.96,0.7775,137.96,-,-,-,-,-,-,-,-,-,-,-,-,-,-,-,-,-,-,-,-,-,-,94.92,12.34,-,-
鑫龙家园莲花六号小区位置点,"ZDBZD-JS-2025-002255	","JFZDPT-JS-20250213-12632	",2024-04-01,2024-04-30,"1547726877	","3205104472953	",1.000000,100,100.000000,3602.630000,3673.130000,70.5,70.5,0.7828,70.5,-,-,-,-,-,-,-,-,-,-,-,-,-,-,-,-,-,-,-,-,-,-,48.84,6.35,-,-
鑫龙家园莲花六号小区位置点,"ZDBZD-JS-2025-002255	","JFZDPT-JS-20250213-12632	",2024-04-01,2024-04-30,"1547633945	","3205104472957	",1.000000,100,100.000000,4391.830000,4487.850000,96.02,96.02,0.7771,96.02,-,-,-,-,-,-,-,-,-,-,-,-,-,-,-,-,-,-,-,-,-,-,66.04,8.58,-,-
鑫龙家园莲花六号小区位置点,"ZDBZD-JS-2025-002255	","JFZDPT-JS-20250213-12632	",2024-04-01,2024-04-30,"1547633944	","3205104472959	",1.000000,100,100.000000,3531.230000,3599.730000,68.5,68.5,0.7829,68.5,-,-,-,-,-,-,-,-,-,-,-,-,-,-,-,-,-,-,-,-,-,-,47.46,6.17,-,-
鑫龙家园莲花六号小区位置点,"ZDBZD-JS-2025-002255	","JFZDPT-JS-20250213-12632	",2024-04-01,2024-04-30,"1547633946	","3205104472963	",1.000000,100,100.000000,3417.200000,3488.480000,71.28,71.28,0.7743,71.28,-,-,-,-,-,-,-,-,-,-,-,-,-,-,-,-,-,-,-,-,-,-,48.84,6.35,-,-
鑫龙家园莲花六号小区位置点,"ZDBZD-JS-2025-002255	","JFZDPT-JS-20250213-12632	",2024-04-01,2024-04-30,"1547634578	","3205104472970	",1.000000,100,100.000000,2848.170000,2899.690000,51.52,51.52,0.7845,51.52,-,-,-,-,-,-,-,-,-,-,-,-,-,-,-,-,-,-,-,-,-,-,35.77,4.65,-,-
鑫龙家园莲花六号小区位置点,"ZDBZD-JS-2025-002255	","JFZDPT-JS-20250213-12632	",2024-04-01,2024-04-30,"1547728488	","3205104474427	",1.000000,100,100.000000,3567.390000,3636.880000,69.49,69.49,0.7718,69.49,-,-,-,-,-,-,-,-,-,-,-,-,-,-,-,-,-,-,-,-,-,-,47.46,6.17,-,-
鑫龙家园莲花六号小区位置点,"ZDBZD-JS-2025-002255	","JFZDPT-JS-20250213-12632	",2024-04-01,2024-04-30,"1547719754	","3205104474457	",1.000000,100,100.000000,8785.530000,8941.800000,156.27,156.27,0.7759,156.27,-,-,-,-,-,-,-,-,-,-,-,-,-,-,-,-,-,-,-,-,-,-,107.3,13.95,-,-
鑫龙家园莲花六号小区位置点,"ZDBZD-JS-2025-002255	","JFZDPT-JS-20250213-12632	",2024-04-01,2024-04-30,"1547728484	","3205104474463	",1.000000,100,100.000000,2926.930000,2995.590000,68.66,68.66,0.7811,68.66,-,-,-,-,-,-,-,-,-,-,-,-,-,-,-,-,-,-,-,-,-,-,47.46,6.17,-,-
鑫龙家园莲花六号小区位置点,"ZDBZD-JS-2025-002255	","JFZDPT-JS-20250213-12632	",2024-04-01,2024-04-30,"1547719759	","3205104474467	",1.000000,100,100.000000,3458.880000,3530.780000,71.9,71.9,0.7783,71.9,-,-,-,-,-,-,-,-,-,-,-,-,-,-,-,-,-,-,-,-,-,-,49.52,6.44,-,-
鑫龙家园莲花六号小区位置点,"ZDBZD-JS-2025-002255	","JFZDPT-JS-20250213-12632	",2024-04-01,2024-04-30,"1534271368	","3205104476753	",1.000000,100,100.000000,2890.970000,2890.970000,0,0,0.7961,0,-,-,-,-,-,-,-,-,-,-,-,-,-,-,-,-,-,-,-,-,-,-,0,0,-,-
鑫龙家园莲花六号小区位置点,"ZDBZD-JS-2025-002255	","JFZDPT-JS-20250213-12632	",2024-04-01,2024-04-30,"1542462053	","3205104476756	",1.000000,100,100.000000,3016.600000,3070.380000,53.78,53.78,0.7804,53.78,-,-,-,-,-,-,-,-,-,-,-,-,-,-,-,-,-,-,-,-,-,-,37.14,4.83,-,-
鑫龙家园莲花六号小区位置点,"ZDBZD-JS-2025-002255	","JFZDPT-JS-20250213-12632	",2024-04-01,2024-04-30,"1534365028	","3205104476757	",1.000000,100,100.000000,3463.360000,3521.650000,58.29,58.29,0.7734,58.29,-,-,-,-,-,-,-,-,-,-,-,-,-,-,-,-,-,-,-,-,-,-,39.89,5.19,-,-
鑫龙家园莲花六号小区位置点,"ZDBZD-JS-2025-002255	","JFZDPT-JS-20250213-12632	",2024-04-01,2024-04-30,"1535669055	","3205104476759	",1.000000,100,100.000000,4826.390000,4829.180000,2.79,2.79,0.777,2.79,-,-,-,-,-,-,-,-,-,-,-,-,-,-,-,-,-,-,-,-,-,-,1.92,0.25,-,-
鑫龙家园莲花六号小区位置点,"ZDBZD-JS-2025-002255	","JFZDPT-JS-20250213-12632	",2024-04-01,2024-04-30,"1535960714	","3205104476763	",1.000000,100,100.000000,7521.020000,7705.270000,184.25,184.25,0.7762,184.25,-,-,-,-,-,-,-,-,-,-,-,-,-,-,-,-,-,-,-,-,-,-,126.56,16.45,-,-
鑫龙家园莲花六号小区位置点,"ZDBZD-JS-2025-002255	","JFZDPT-JS-20250213-12632	",2024-04-01,2024-04-30,"1543218796	","3205104476766	",1.000000,100,100.000000,3728.430000,3798.260000,69.83,69.83,0.7792,69.83,-,-,-,-,-,-,-,-,-,-,-,-,-,-,-,-,-,-,-,-,-,-,48.15,6.26,-,-
鑫龙家园莲花六号小区位置点,"ZDBZD-JS-2025-002255	","JFZDPT-JS-20250213-12632	",2024-04-01,2024-04-30,"1539721710	","3205104476768	",1.000000,100,100.000000,3607.900000,3675.320000,67.42,67.42,0.7725,67.42,-,-,-,-,-,-,-,-,-,-,-,-,-,-,-,-,-,-,-,-,-,-,46.09,5.99,-,-
鑫龙家园莲花六号小区位置点,"ZDBZD-JS-2025-002255	","JFZDPT-JS-20250213-12632	",2024-04-01,2024-04-30,"1534340339	","3205104476772	",1.000000,100,100.000000,2775.090000,2844.260000,69.17,69.17,0.7753,69.17,-,-,-,-,-,-,-,-,-,-,-,-,-,-,-,-,-,-,-,-,-,-,47.46,6.17,-,-
鑫龙家园莲花六号小区位置点,"ZDBZD-JS-2025-002255	","JFZDPT-JS-20250213-12632	",2024-04-01,2024-04-30,"1542222948	","3205104476774	",1.000000,100,100.000000,3379.470000,3435.870000,56.4,56.4,0.7718,56.4,-,-,-,-,-,-,-,-,-,-,-,-,-,-,-,-,-,-,-,-,-,-,38.52,5.01,-,-
鑫龙家园莲花六号小区位置点,"ZDBZD-JS-2025-002255	","JFZDPT-JS-20250213-12632	",2024-04-01,2024-04-30,"1536674431	","3205104477226	",1.000000,100,100.000000,4146.560000,4244.830000,98.27,98.27,0.7751,98.27,-,-,-,-,-,-,-,-,-,-,-,-,-,-,-,-,-,-,-,-,-,-,67.41,8.76,-,-
鑫龙家园莲花六号小区位置点,"ZDBZD-JS-2025-002255	","JFZDPT-JS-20250213-12632	",2024-04-01,2024-04-30,"1536129515	","3205104477228	",1.000000,100,100.000000,3669.880000,3739.240000,69.36,69.36,0.7732,69.36,-,-,-,-,-,-,-,-,-,-,-,-,-,-,-,-,-,-,-,-,-,-,47.46,6.17,-,-
鑫龙家园莲花六号小区位置点,"ZDBZD-JS-2025-002255	","JFZDPT-JS-20250213-12632	",2024-04-01,2024-04-30,"1539373623	","3205104477230	",1.000000,100,100.000000,3451.170000,3507.890000,56.72,56.72,0.781,56.72,-,-,-,-,-,-,-,-,-,-,-,-,-,-,-,-,-,-,-,-,-,-,39.2,5.1,-,-
鑫龙家园莲花六号小区位置点,"ZDBZD-JS-2025-002255	","JFZDPT-JS-20250213-12632	",2024-04-01,2024-04-30,"1543105444	","3205104477232	",1.000000,100,100.000000,2889.880000,2933.410000,43.53,43.53,0.7857,43.53,-,-,-,-,-,-,-,-,-,-,-,-,-,-,-,-,-,-,-,-,-,-,30.27,3.93,-,-
鑫龙家园莲花六号小区位置点,"ZDBZD-JS-2025-002255	","JFZDPT-JS-20250213-12632	",2024-04-01,2024-04-30,"1544951755	","3205104477235	",1.000000,100,100.000000,3687.550000,3757.500000,69.95,69.95,0.7778,69.95,-,-,-,-,-,-,-,-,-,-,-,-,-,-,-,-,-,-,-,-,-,-,48.15,6.26,-,-
鑫龙家园莲花六号小区位置点,"ZDBZD-JS-2025-002255	","JFZDPT-JS-20250213-12632	",2024-04-01,2024-04-30,"1544684094	","3205104477238	",1.000000,100,100.000000,3093.340000,3093.340000,0,0,0.7961,0,-,-,-,-,-,-,-,-,-,-,-,-,-,-,-,-,-,-,-,-,-,-,0,0,-,-
鑫龙家园莲花六号小区位置点,"ZDBZD-JS-2025-002255	","JFZDPT-JS-20250213-12632	",2024-04-01,2024-04-30,"1539602549	","3205104477339	",1.000000,100,100.000000,3150.010000,3152.610000,2.6,2.6,0.777,2.6,-,-,-,-,-,-,-,-,-,-,-,-,-,-,-,-,-,-,-,-,-,-,1.79,0.23,-,-
鑫龙家园莲花六号小区位置点,"ZDBZD-JS-2025-002255	","JFZDPT-JS-20250213-12632	",2024-04-01,2024-04-30,"1546160843	","3205104477340	",1.000000,100,100.000000,3676.520000,3745.960000,69.44,69.44,0.7723,69.44,-,-,-,-,-,-,-,-,-,-,-,-,-,-,-,-,-,-,-,-,-,-,47.46,6.17,-,-
鑫龙家园莲花六号小区位置点,"ZDBZD-JS-2025-002255	","JFZDPT-JS-20250213-12632	",2024-04-01,2024-04-30,"1546168926	","3205104477341	",1.000000,100,100.000000,4226.870000,4298.230000,71.36,71.36,0.7734,71.36,-,-,-,-,-,-,-,-,-,-,-,-,-,-,-,-,-,-,-,-,-,-,48.84,6.35,-,-
鑫龙家园莲花六号小区位置点,"ZDBZD-JS-2025-002255	","JFZDPT-JS-20250213-12632	",2024-04-01,2024-04-30,"1542466276	","3205104477344	",1.000000,100,100.000000,3224.530000,3290.980000,66.45,66.45,0.772,66.45,-,-,-,-,-,-,-,-,-,-,-,-,-,-,-,-,-,-,-,-,-,-,45.4,5.9,-,-
鑫龙家园莲花六号小区位置点,"ZDBZD-JS-2025-002255	","JFZDPT-JS-20250213-12632	",2024-04-01,2024-04-30,"1536129516	","3205104477350	",1.000000,100,100.000000,4403.010000,4506.130000,103.12,103.12,0.7764,103.12,-,-,-,-,-,-,-,-,-,-,-,-,-,-,-,-,-,-,-,-,-,-,70.85,9.21,-,-
鑫龙家园莲花六号小区位置点,"ZDBZD-JS-2025-002255	","JFZDPT-JS-20250210-08216	",2021-06-01,2021-06-30,"1534337708	","3205104313087	",1.000000,100,100.000000,1604.950000,1650.940000,45.99,45.99,0.6336,45.99,-,-,-,-,-,-,-,-,-,-,-,-,-,-,-,-,-,-,-,-,-,-,25.79,3.35,-,-
鑫龙家园莲花六号小区位置点,"ZDBZD-JS-2025-002255	","JFZDPT-JS-20250210-08216	",2021-06-01,2021-06-30,"1534339435	","3205104313426	",1.000000,100,100.000000,1110.650000,1143.080000,32.43,32.43,0.625,32.43,-,-,-,-,-,-,-,-,-,-,-,-,-,-,-,-,-,-,-,-,-,-,17.94,2.33,-,-
鑫龙家园莲花六号小区位置点,"ZDBZD-JS-2025-002255	","JFZDPT-JS-20250210-08216	",2021-06-01,2021-06-30,"1534349171	","3205104313433	",1.000000,100,100.000000,1101.840000,1134.000000,32.16,32.16,0.6303,32.16,-,-,-,-,-,-,-,-,-,-,-,-,-,-,-,-,-,-,-,-,-,-,17.94,2.33,-,-
鑫龙家园莲花六号小区位置点,"ZDBZD-JS-2025-002255	","JFZDPT-JS-20250210-08216	",2021-06-01,2021-06-30,"1554157659	","3205104313437	",1.000000,100,100.000000,1114.830000,1147.110000,32.28,32.28,0.6279,32.28,-,-,-,-,-,-,-,-,-,-,-,-,-,-,-,-,-,-,-,-,-,-,17.94,2.33,-,-
鑫龙家园莲花六号小区位置点,"ZDBZD-JS-2025-002255	","JFZDPT-JS-20250210-08216	",2021-06-01,2021-06-30,"1534339430	","3205104313446	",1.000000,100,100.000000,1028.400000,1060.850000,32.45,32.45,0.6247,32.45,-,-,-,-,-,-,-,-,-,-,-,-,-,-,-,-,-,-,-,-,-,-,17.94,2.33,-,-
鑫龙家园莲花六号小区位置点,"ZDBZD-JS-2025-002255	","JFZDPT-JS-20250210-08216	",2021-06-01,2021-06-30,"1534337522	","3205104313451	",1.000000,100,100.000000,1183.630000,1216.940000,33.31,33.31,0.6277,33.31,-,-,-,-,-,-,-,-,-,-,-,-,-,-,-,-,-,-,-,-,-,-,18.5,2.41,-,-
鑫龙家园莲花六号小区位置点,"ZDBZD-JS-2025-002255	","JFZDPT-JS-20250210-08216	",2021-06-01,2021-06-30,"1528107567	","3205104315707	",1.000000,100,100.000000,1579.720000,1625.050000,45.33,45.33,0.6292,45.33,-,-,-,-,-,-,-,-,-,-,-,-,-,-,-,-,-,-,-,-,-,-,25.24,3.28,-,-
鑫龙家园莲花六号小区位置点,"ZDBZD-JS-2025-002255	","JFZDPT-JS-20250210-08216	",2021-06-01,2021-06-30,"1556867474	","3205104315719	",1.000000,100,100.000000,1166.620000,1199.040000,32.42,32.42,0.6252,32.42,-,-,-,-,-,-,-,-,-,-,-,-,-,-,-,-,-,-,-,-,-,-,17.94,2.33,-,-
鑫龙家园莲花六号小区位置点,"ZDBZD-JS-2025-002255	","JFZDPT-JS-20250210-08216	",2021-06-01,2021-06-30,"1528102930	","3205104315726	",1.000000,100,100.000000,1131.850000,1165.060000,33.21,33.21,0.6296,33.21,-,-,-,-,-,-,-,-,-,-,-,-,-,-,-,-,-,-,-,-,-,-,18.5,2.41,-,-
鑫龙家园莲花六号小区位置点,"ZDBZD-JS-2025-002255	","JFZDPT-JS-20250210-08216	",2021-06-01,2021-06-30,"1559570474	","3205104353226	",1.000000,100,100.000000,3714.380000,3873.800000,159.42,159.42,0.632,159.42,-,-,-,-,-,-,-,-,-,-,-,-,-,-,-,-,-,-,-,-,-,-,89.16,11.59,-,-
鑫龙家园莲花六号小区位置点,"ZDBZD-JS-2025-002255	","JFZDPT-JS-20250210-08216	",2021-06-01,2021-06-30,"1547726877	","3205104472953	",1.000000,100,100.000000,1173.400000,1240.410000,67.01,67.01,0.6336,67.01,-,-,-,-,-,-,-,-,-,-,-,-,-,-,-,-,-,-,-,-,-,-,37.58,4.88,-,-
鑫龙家园莲花六号小区位置点,"ZDBZD-JS-2025-002255	","JFZDPT-JS-20250210-08216	",2021-06-01,2021-06-30,"1547633945	","3205104472957	",1.000000,100,100.000000,1590.320000,1659.600000,69.28,69.28,0.6311,69.28,-,-,-,-,-,-,-,-,-,-,-,-,-,-,-,-,-,-,-,-,-,-,38.69,5.03,-,-
鑫龙家园莲花六号小区位置点,"ZDBZD-JS-2025-002255	","JFZDPT-JS-20250210-08216	",2021-06-01,2021-06-30,"1547633944	","3205104472959	",1.000000,100,100.000000,1163.320000,1229.130000,65.81,65.81,0.6355,65.81,-,-,-,-,-,-,-,-,-,-,-,-,-,-,-,-,-,-,-,-,-,-,37.01,4.81,-,-
鑫龙家园莲花六号小区位置点,"ZDBZD-JS-2025-002255	","JFZDPT-JS-20250210-08216	",2021-06-01,2021-06-30,"1547633946	","3205104472963	",1.000000,100,100.000000,1021.420000,1074.630000,53.21,53.21,0.6313,53.21,-,-,-,-,-,-,-,-,-,-,-,-,-,-,-,-,-,-,-,-,-,-,29.73,3.86,-,-
鑫龙家园莲花六号小区位置点,"ZDBZD-JS-2025-002255	","JFZDPT-JS-20250210-08216	",2021-06-01,2021-06-30,"1547634578	","3205104472970	",1.000000,100,100.000000,1071.220000,1122.880000,51.66,51.66,0.6378,51.66,-,-,-,-,-,-,-,-,-,-,-,-,-,-,-,-,-,-,-,-,-,-,29.16,3.79,-,-
鑫龙家园莲花六号小区位置点,"ZDBZD-JS-2025-002255	","JFZDPT-JS-20250210-08216	",2021-06-01,2021-06-30,"1547728488	","3205104474427	",1.000000,100,100.000000,1164.970000,1231.260000,66.29,66.29,0.6309,66.29,-,-,-,-,-,-,-,-,-,-,-,-,-,-,-,-,-,-,-,-,-,-,37.01,4.81,-,-
鑫龙家园莲花六号小区位置点,"ZDBZD-JS-2025-002255	","JFZDPT-JS-20250210-08216	",2021-06-01,2021-06-30,"1547719754	","3205104474457	",1.000000,100,100.000000,3088.570000,3258.850000,170.28,170.28,0.6327,170.28,-,-,-,-,-,-,-,-,-,-,-,-,-,-,-,-,-,-,-,-,-,-,95.35,12.39,-,-
鑫龙家园莲花六号小区位置点,"ZDBZD-JS-2025-002255	","JFZDPT-JS-20250210-08216	",2021-06-01,2021-06-30,"1547728484	","3205104474463	",1.000000,100,100.000000,1168.980000,1235.260000,66.28,66.28,0.631,66.28,-,-,-,-,-,-,-,-,-,-,-,-,-,-,-,-,-,-,-,-,-,-,37.01,4.81,-,-
鑫龙家园莲花六号小区位置点,"ZDBZD-JS-2025-002255	","JFZDPT-JS-20250210-08216	",2021-06-01,2021-06-30,"1547719759	","3205104474467	",1.000000,100,100.000000,1282.010000,1351.780000,69.77,69.77,0.6358,69.77,-,-,-,-,-,-,-,-,-,-,-,-,-,-,-,-,-,-,-,-,-,-,39.26,5.1,-,-
鑫龙家园莲花六号小区位置点,"ZDBZD-JS-2025-002255	","JFZDPT-JS-20250210-08216	",2021-06-01,2021-06-30,"1534271368	","3205104476753	",1.000000,100,100.000000,1120.350000,1185.330000,64.98,64.98,0.6339,64.98,-,-,-,-,-,-,-,-,-,-,-,-,-,-,-,-,-,-,-,-,-,-,36.45,4.74,-,-
鑫龙家园莲花六号小区位置点,"ZDBZD-JS-2025-002255	","JFZDPT-JS-20250210-08216	",2021-06-01,2021-06-30,"1542462053	","3205104476756	",1.000000,100,100.000000,1154.700000,1208.580000,53.88,53.88,0.6351,53.88,-,-,-,-,-,-,-,-,-,-,-,-,-,-,-,-,-,-,-,-,-,-,30.28,3.94,-,-
鑫龙家园莲花六号小区位置点,"ZDBZD-JS-2025-002255	","JFZDPT-JS-20250210-08216	",2021-06-01,2021-06-30,"1534365028	","3205104476757	",1.000000,100,100.000000,1146.470000,1214.950000,68.48,68.48,0.6292,68.48,-,-,-,-,-,-,-,-,-,-,-,-,-,-,-,-,-,-,-,-,-,-,38.13,4.96,-,-
鑫龙家园莲花六号小区位置点,"ZDBZD-JS-2025-002255	","JFZDPT-JS-20250210-08216	",2021-06-01,2021-06-30,"1535669055	","3205104476759	",1.000000,100,100.000000,1649.560000,1742.770000,93.21,93.21,0.6323,93.21,-,-,-,-,-,-,-,-,-,-,-,-,-,-,-,-,-,-,-,-,-,-,52.16,6.78,-,-
鑫龙家园莲花六号小区位置点,"ZDBZD-JS-2025-002255	","JFZDPT-JS-20250210-08216	",2021-06-01,2021-06-30,"1535960714	","3205104476763	",1.000000,100,100.000000,2695.220000,2837.340000,142.12,142.12,0.6331,142.12,-,-,-,-,-,-,-,-,-,-,-,-,-,-,-,-,-,-,-,-,-,-,79.63,10.35,-,-
鑫龙家园莲花六号小区位置点,"ZDBZD-JS-2025-002255	","JFZDPT-JS-20250210-08216	",2021-06-01,2021-06-30,"1543218796	","3205104476766	",1.000000,100,100.000000,1306.340000,1376.590000,70.25,70.25,0.6315,70.25,-,-,-,-,-,-,-,-,-,-,-,-,-,-,-,-,-,-,-,-,-,-,39.26,5.1,-,-
鑫龙家园莲花六号小区位置点,"ZDBZD-JS-2025-002255	","JFZDPT-JS-20250210-08216	",2021-06-01,2021-06-30,"1539721710	","3205104476768	",1.000000,100,100.000000,1274.260000,1342.100000,67.84,67.84,0.6352,67.84,-,-,-,-,-,-,-,-,-,-,-,-,-,-,-,-,-,-,-,-,-,-,38.13,4.96,-,-
鑫龙家园莲花六号小区位置点,"ZDBZD-JS-2025-002255	","JFZDPT-JS-20250210-08216	",2021-06-01,2021-06-30,"1534340339	","3205104476772	",1.000000,100,100.000000,893.470000,939.430000,45.96,45.96,0.634,45.96,-,-,-,-,-,-,-,-,-,-,-,-,-,-,-,-,-,-,-,-,-,-,25.79,3.35,-,-
鑫龙家园莲花六号小区位置点,"ZDBZD-JS-2025-002255	","JFZDPT-JS-20250210-08216	",2021-06-01,2021-06-30,"1542222948	","3205104476774	",1.000000,100,100.000000,1170.280000,1237.210000,66.93,66.93,0.6344,66.93,-,-,-,-,-,-,-,-,-,-,-,-,-,-,-,-,-,-,-,-,-,-,37.58,4.88,-,-
鑫龙家园莲花六号小区位置点,"ZDBZD-JS-2025-002255	","JFZDPT-JS-20250210-08216	",2021-06-01,2021-06-30,"1536674431	","3205104477226	",1.000000,100,100.000000,1446.630000,1521.700000,75.07,75.07,0.6331,75.07,-,-,-,-,-,-,-,-,-,-,-,-,-,-,-,-,-,-,-,-,-,-,42.06,5.47,-,-
鑫龙家园莲花六号小区位置点,"ZDBZD-JS-2025-002255	","JFZDPT-JS-20250210-08216	",2021-06-01,2021-06-30,"1536129515	","3205104477228	",1.000000,100,100.000000,1266.080000,1335.740000,69.66,69.66,0.6368,69.66,-,-,-,-,-,-,-,-,-,-,-,-,-,-,-,-,-,-,-,-,-,-,39.26,5.1,-,-
鑫龙家园莲花六号小区位置点,"ZDBZD-JS-2025-002255	","JFZDPT-JS-20250210-08216	",2021-06-01,2021-06-30,"1539373623	","3205104477230	",1.000000,100,100.000000,1192.110000,1259.340000,67.23,67.23,0.6316,67.23,-,-,-,-,-,-,-,-,-,-,-,-,-,-,-,-,-,-,-,-,-,-,37.58,4.88,-,-
鑫龙家园莲花六号小区位置点,"ZDBZD-JS-2025-002255	","JFZDPT-JS-20250210-08216	",2021-06-01,2021-06-30,"1543105444	","3205104477232	",1.000000,100,100.000000,1282.310000,1352.140000,69.83,69.83,0.6353,69.83,-,-,-,-,-,-,-,-,-,-,-,-,-,-,-,-,-,-,-,-,-,-,39.26,5.1,-,-
鑫龙家园莲花六号小区位置点,"ZDBZD-JS-2025-002255	","JFZDPT-JS-20250210-08216	",2021-06-01,2021-06-30,"1544951755	","3205104477235	",1.000000,100,100.000000,1267.150000,1336.990000,69.84,69.84,0.6352,69.84,-,-,-,-,-,-,-,-,-,-,-,-,-,-,-,-,-,-,-,-,-,-,39.26,5.1,-,-
鑫龙家园莲花六号小区位置点,"ZDBZD-JS-2025-002255	","JFZDPT-JS-20250210-08216	",2021-06-01,2021-06-30,"1544684094	","3205104477238	",1.000000,100,100.000000,1257.320000,1325.710000,68.39,68.39,0.6301,68.39,-,-,-,-,-,-,-,-,-,-,-,-,-,-,-,-,-,-,-,-,-,-,38.13,4.96,-,-
鑫龙家园莲花六号小区位置点,"ZDBZD-JS-2025-002255	","JFZDPT-JS-20250210-08216	",2021-06-01,2021-06-30,"1539602549	","3205104477339	",1.000000,100,100.000000,1318.140000,1389.570000,71.43,71.43,0.6298,71.43,-,-,-,-,-,-,-,-,-,-,-,-,-,-,-,-,-,-,-,-,-,-,39.81,5.18,-,-
鑫龙家园莲花六号小区位置点,"ZDBZD-JS-2025-002255	","JFZDPT-JS-20250210-08216	",2021-06-01,2021-06-30,"1546160843	","3205104477340	",1.000000,100,100.000000,1301.600000,1371.530000,69.93,69.93,0.6343,69.93,-,-,-,-,-,-,-,-,-,-,-,-,-,-,-,-,-,-,-,-,-,-,39.26,5.1,-,-
鑫龙家园莲花六号小区位置点,"ZDBZD-JS-2025-002255	","JFZDPT-JS-20250210-08216	",2021-06-01,2021-06-30,"1546168926	","3205104477341	",1.000000,100,100.000000,1494.270000,1575.790000,81.52,81.52,0.6374,81.52,-,-,-,-,-,-,-,-,-,-,-,-,-,-,-,-,-,-,-,-,-,-,45.98,5.98,-,-
鑫龙家园莲花六号小区位置点,"ZDBZD-JS-2025-002255	","JFZDPT-JS-20250210-08216	",2021-06-01,2021-06-30,"1542466276	","3205104477344	",1.000000,100,100.000000,918.160000,985.190000,67.03,67.03,0.6334,67.03,-,-,-,-,-,-,-,-,-,-,-,-,-,-,-,-,-,-,-,-,-,-,37.58,4.88,-,-
鑫龙家园莲花六号小区位置点,"ZDBZD-JS-2025-002255	","JFZDPT-JS-20250210-08216	",2021-06-01,2021-06-30,"1536129516	","3205104477350	",1.000000,100,100.000000,1528.230000,1632.400000,104.17,104.17,0.6327,104.17,-,-,-,-,-,-,-,-,-,-,-,-,-,-,-,-,-,-,-,-,-,-,58.33,7.58,-,-
鑫龙家园莲花六号小区位置点,"ZDBZD-JS-2025-002255	","JFZDPT-JS-20250210-07843	",2021-05-01,2021-05-31,"1534337708	","3205104313087	",1.000000,100,100.000000,1557.100000,1604.950000,47.85,47.85,0.6357,47.85,-,-,-,-,-,-,-,-,-,-,-,-,-,-,-,-,-,-,-,-,-,-,26.92,3.5,-,-
鑫龙家园莲花六号小区位置点,"ZDBZD-JS-2025-002255	","JFZDPT-JS-20250210-07843	",2021-05-01,2021-05-31,"1534339435	","3205104313426	",1.000000,100,100.000000,1077.300000,1110.650000,33.35,33.35,0.627,33.35,-,-,-,-,-,-,-,-,-,-,-,-,-,-,-,-,-,-,-,-,-,-,18.5,2.41,-,-
鑫龙家园莲花六号小区位置点,"ZDBZD-JS-2025-002255	","JFZDPT-JS-20250210-07843	",2021-05-01,2021-05-31,"1534349171	","3205104313433	",1.000000,100,100.000000,1068.860000,1101.840000,32.98,32.98,0.634,32.98,-,-,-,-,-,-,-,-,-,-,-,-,-,-,-,-,-,-,-,-,-,-,18.5,2.41,-,-
鑫龙家园莲花六号小区位置点,"ZDBZD-JS-2025-002255	","JFZDPT-JS-20250210-07843	",2021-05-01,2021-05-31,"1554157659	","3205104313437	",1.000000,100,100.000000,1081.630000,1114.830000,33.2,33.2,0.6298,33.2,-,-,-,-,-,-,-,-,-,-,-,-,-,-,-,-,-,-,-,-,-,-,18.5,2.41,-,-
鑫龙家园莲花六号小区位置点,"ZDBZD-JS-2025-002255	","JFZDPT-JS-20250210-07843	",2021-05-01,2021-05-31,"1534339430	","3205104313446	",1.000000,100,100.000000,995.140000,1028.400000,33.26,33.26,0.6287,33.26,-,-,-,-,-,-,-,-,-,-,-,-,-,-,-,-,-,-,-,-,-,-,18.5,2.41,-,-
鑫龙家园莲花六号小区位置点,"ZDBZD-JS-2025-002255	","JFZDPT-JS-20250210-07843	",2021-05-01,2021-05-31,"1534337522	","3205104313451	",1.000000,100,100.000000,1149.350000,1183.630000,34.28,34.28,0.6286,34.28,-,-,-,-,-,-,-,-,-,-,-,-,-,-,-,-,-,-,-,-,-,-,19.07,2.48,-,-
鑫龙家园莲花六号小区位置点,"ZDBZD-JS-2025-002255	","JFZDPT-JS-20250210-07843	",2021-05-01,2021-05-31,"1528107567	","3205104315707	",1.000000,100,100.000000,1532.960000,1579.720000,46.76,46.76,0.6369,46.76,-,-,-,-,-,-,-,-,-,-,-,-,-,-,-,-,-,-,-,-,-,-,26.35,3.43,-,-
鑫龙家园莲花六号小区位置点,"ZDBZD-JS-2025-002255	","JFZDPT-JS-20250210-07843	",2021-05-01,2021-05-31,"1556867474	","3205104315719	",1.000000,100,100.000000,1133.240000,1166.620000,33.38,33.38,0.6264,33.38,-,-,-,-,-,-,-,-,-,-,-,-,-,-,-,-,-,-,-,-,-,-,18.5,2.41,-,-
鑫龙家园莲花六号小区位置点,"ZDBZD-JS-2025-002255	","JFZDPT-JS-20250210-07843	",2021-05-01,2021-05-31,"1528102930	","3205104315726	",1.000000,100,100.000000,1097.420000,1131.850000,34.43,34.43,0.6259,34.43,-,-,-,-,-,-,-,-,-,-,-,-,-,-,-,-,-,-,-,-,-,-,19.07,2.48,-,-
鑫龙家园莲花六号小区位置点,"ZDBZD-JS-2025-002255	","JFZDPT-JS-20250210-07843	",2021-05-01,2021-05-31,"1559570474	","3205104353226	",1.000000,100,100.000000,3550.730000,3714.380000,163.65,163.65,0.635,163.65,-,-,-,-,-,-,-,-,-,-,-,-,-,-,-,-,-,-,-,-,-,-,91.96,11.96,-,-
鑫龙家园莲花六号小区位置点,"ZDBZD-JS-2025-002255	","JFZDPT-JS-20250210-07843	",2021-05-01,2021-05-31,"1547726877	","3205104472953	",1.000000,100,100.000000,1114.900000,1173.400000,58.5,58.5,0.6391,58.5,-,-,-,-,-,-,-,-,-,-,-,-,-,-,-,-,-,-,-,-,-,-,33.09,4.3,-,-
鑫龙家园莲花六号小区位置点,"ZDBZD-JS-2025-002255	","JFZDPT-JS-20250210-07843	",2021-05-01,2021-05-31,"1547633945	","3205104472957	",1.000000,100,100.000000,1529.150000,1590.320000,61.17,61.17,0.6318,61.17,-,-,-,-,-,-,-,-,-,-,-,-,-,-,-,-,-,-,-,-,-,-,34.2,4.45,-,-
鑫龙家园莲花六号小区位置点,"ZDBZD-JS-2025-002255	","JFZDPT-JS-20250210-07843	",2021-05-01,2021-05-31,"1547633944	","3205104472959	",1.000000,100,100.000000,1105.440000,1163.320000,57.88,57.88,0.6349,57.88,-,-,-,-,-,-,-,-,-,-,-,-,-,-,-,-,-,-,-,-,-,-,32.52,4.23,-,-
鑫龙家园莲花六号小区位置点,"ZDBZD-JS-2025-002255	","JFZDPT-JS-20250210-07843	",2021-05-01,2021-05-31,"1547633946	","3205104472963	",1.000000,100,100.000000,966.560000,1021.420000,54.86,54.86,0.6353,54.86,-,-,-,-,-,-,-,-,-,-,-,-,-,-,-,-,-,-,-,-,-,-,30.84,4.01,-,-
鑫龙家园莲花六号小区位置点,"ZDBZD-JS-2025-002255	","JFZDPT-JS-20250210-07843	",2021-05-01,2021-05-31,"1547634578	","3205104472970	",1.000000,100,100.000000,1017.990000,1071.220000,53.23,53.23,0.631,53.23,-,-,-,-,-,-,-,-,-,-,-,-,-,-,-,-,-,-,-,-,-,-,29.73,3.86,-,-
鑫龙家园莲花六号小区位置点,"ZDBZD-JS-2025-002255	","JFZDPT-JS-20250210-07843	",2021-05-01,2021-05-31,"1547728488	","3205104474427	",1.000000,100,100.000000,1106.770000,1164.970000,58.2,58.2,0.6314,58.2,-,-,-,-,-,-,-,-,-,-,-,-,-,-,-,-,-,-,-,-,-,-,32.52,4.23,-,-
鑫龙家园莲花六号小区位置点,"ZDBZD-JS-2025-002255	","JFZDPT-JS-20250210-07843	",2021-05-01,2021-05-31,"1547719754	","3205104474457	",1.000000,100,100.000000,2927.560000,3088.570000,161.01,161.01,0.6336,161.01,-,-,-,-,-,-,-,-,-,-,-,-,-,-,-,-,-,-,-,-,-,-,90.28,11.74,-,-
鑫龙家园莲花六号小区位置点,"ZDBZD-JS-2025-002255	","JFZDPT-JS-20250210-07843	",2021-05-01,2021-05-31,"1547728484	","3205104474463	",1.000000,100,100.000000,1114.660000,1168.980000,54.32,54.32,0.63,54.32,-,-,-,-,-,-,-,-,-,-,-,-,-,-,-,-,-,-,-,-,-,-,30.28,3.94,-,-
鑫龙家园莲花六号小区位置点,"ZDBZD-JS-2025-002255	","JFZDPT-JS-20250210-07843	",2021-05-01,2021-05-31,"1547719759	","3205104474467	",1.000000,100,100.000000,1211.070000,1282.010000,70.94,70.94,0.6342,70.94,-,-,-,-,-,-,-,-,-,-,-,-,-,-,-,-,-,-,-,-,-,-,39.81,5.18,-,-
鑫龙家园莲花六号小区位置点,"ZDBZD-JS-2025-002255	","JFZDPT-JS-20250210-07843	",2021-05-01,2021-05-31,"1534271368	","3205104476753	",1.000000,100,100.000000,1063.340000,1120.350000,57.01,57.01,0.6334,57.01,-,-,-,-,-,-,-,-,-,-,-,-,-,-,-,-,-,-,-,-,-,-,31.96,4.15,-,-
鑫龙家园莲花六号小区位置点,"ZDBZD-JS-2025-002255	","JFZDPT-JS-20250210-07843	",2021-05-01,2021-05-31,"1542462053	","3205104476756	",1.000000,100,100.000000,1098.980000,1154.700000,55.72,55.72,0.6369,55.72,-,-,-,-,-,-,-,-,-,-,-,-,-,-,-,-,-,-,-,-,-,-,31.41,4.08,-,-
鑫龙家园莲花六号小区位置点,"ZDBZD-JS-2025-002255	","JFZDPT-JS-20250210-07843	",2021-05-01,2021-05-31,"1534365028	","3205104476757	",1.000000,100,100.000000,1085.830000,1146.470000,60.64,60.64,0.6374,60.64,-,-,-,-,-,-,-,-,-,-,-,-,-,-,-,-,-,-,-,-,-,-,34.2,4.45,-,-
鑫龙家园莲花六号小区位置点,"ZDBZD-JS-2025-002255	","JFZDPT-JS-20250210-07843	",2021-05-01,2021-05-31,"1535669055	","3205104476759	",1.000000,100,100.000000,1568.830000,1649.560000,80.73,80.73,0.6358,80.73,-,-,-,-,-,-,-,-,-,-,-,-,-,-,-,-,-,-,-,-,-,-,45.42,5.91,-,-
鑫龙家园莲花六号小区位置点,"ZDBZD-JS-2025-002255	","JFZDPT-JS-20250210-07843	",2021-05-01,2021-05-31,"1535960714	","3205104476763	",1.000000,100,100.000000,2548.410000,2695.220000,146.81,146.81,0.6345,146.81,-,-,-,-,-,-,-,-,-,-,-,-,-,-,-,-,-,-,-,-,-,-,82.43,10.72,-,-
鑫龙家园莲花六号小区位置点,"ZDBZD-JS-2025-002255	","JFZDPT-JS-20250210-07843	",2021-05-01,2021-05-31,"1543218796	","3205104476766	",1.000000,100,100.000000,1233.870000,1306.340000,72.47,72.47,0.6295,72.47,-,-,-,-,-,-,-,-,-,-,-,-,-,-,-,-,-,-,-,-,-,-,40.37,5.25,-,-
鑫龙家园莲花六号小区位置点,"ZDBZD-JS-2025-002255	","JFZDPT-JS-20250210-07843	",2021-05-01,2021-05-31,"1539721710	","3205104476768	",1.000000,100,100.000000,1204.380000,1274.260000,69.88,69.88,0.6348,69.88,-,-,-,-,-,-,-,-,-,-,-,-,-,-,-,-,-,-,-,-,-,-,39.26,5.1,-,-
鑫龙家园莲花六号小区位置点,"ZDBZD-JS-2025-002255	","JFZDPT-JS-20250210-07843	",2021-05-01,2021-05-31,"1534340339	","3205104476772	",1.000000,100,100.000000,846.080000,893.470000,47.39,47.39,0.6284,47.39,-,-,-,-,-,-,-,-,-,-,-,-,-,-,-,-,-,-,-,-,-,-,26.35,3.43,-,-
鑫龙家园莲花六号小区位置点,"ZDBZD-JS-2025-002255	","JFZDPT-JS-20250210-07843	",2021-05-01,2021-05-31,"1542222948	","3205104476774	",1.000000,100,100.000000,1110.850000,1170.280000,59.43,59.43,0.6291,59.43,-,-,-,-,-,-,-,-,-,-,-,-,-,-,-,-,-,-,-,-,-,-,33.09,4.3,-,-
鑫龙家园莲花六号小区位置点,"ZDBZD-JS-2025-002255	","JFZDPT-JS-20250210-07843	",2021-05-01,2021-05-31,"1536674431	","3205104477226	",1.000000,100,100.000000,1369.360000,1446.630000,77.27,77.27,0.6314,77.27,-,-,-,-,-,-,-,-,-,-,-,-,-,-,-,-,-,-,-,-,-,-,43.18,5.61,-,-
鑫龙家园莲花六号小区位置点,"ZDBZD-JS-2025-002255	","JFZDPT-JS-20250210-07843	",2021-05-01,2021-05-31,"1536129515	","3205104477228	",1.000000,100,100.000000,1195.170000,1266.080000,70.91,70.91,0.6345,70.91,-,-,-,-,-,-,-,-,-,-,-,-,-,-,-,-,-,-,-,-,-,-,39.81,5.18,-,-
鑫龙家园莲花六号小区位置点,"ZDBZD-JS-2025-002255	","JFZDPT-JS-20250210-07843	",2021-05-01,2021-05-31,"1539373623	","3205104477230	",1.000000,100,100.000000,1133.450000,1192.110000,58.66,58.66,0.6374,58.66,-,-,-,-,-,-,-,-,-,-,-,-,-,-,-,-,-,-,-,-,-,-,33.09,4.3,-,-
鑫龙家园莲花六号小区位置点,"ZDBZD-JS-2025-002255	","JFZDPT-JS-20250210-07843	",2021-05-01,2021-05-31,"1543105444	","3205104477232	",1.000000,100,100.000000,1210.600000,1282.310000,71.71,71.71,0.6362,71.71,-,-,-,-,-,-,-,-,-,-,-,-,-,-,-,-,-,-,-,-,-,-,40.37,5.25,-,-
鑫龙家园莲花六号小区位置点,"ZDBZD-JS-2025-002255	","JFZDPT-JS-20250210-07843	",2021-05-01,2021-05-31,"1544951755	","3205104477235	",1.000000,100,100.000000,1196.030000,1267.150000,71.12,71.12,0.6326,71.12,-,-,-,-,-,-,-,-,-,-,-,-,-,-,-,-,-,-,-,-,-,-,39.81,5.18,-,-
鑫龙家园莲花六号小区位置点,"ZDBZD-JS-2025-002255	","JFZDPT-JS-20250210-07843	",2021-05-01,2021-05-31,"1544684094	","3205104477238	",1.000000,100,100.000000,1186.880000,1257.320000,70.44,70.44,0.6298,70.44,-,-,-,-,-,-,-,-,-,-,-,-,-,-,-,-,-,-,-,-,-,-,39.26,5.1,-,-
鑫龙家园莲花六号小区位置点,"ZDBZD-JS-2025-002255	","JFZDPT-JS-20250210-07843	",2021-05-01,2021-05-31,"1539602549	","3205104477339	",1.000000,100,100.000000,1244.600000,1318.140000,73.54,73.54,0.6376,73.54,-,-,-,-,-,-,-,-,-,-,-,-,-,-,-,-,-,-,-,-,-,-,41.5,5.39,-,-
鑫龙家园莲花六号小区位置点,"ZDBZD-JS-2025-002255	","JFZDPT-JS-20250210-07843	",2021-05-01,2021-05-31,"1546160843	","3205104477340	",1.000000,100,100.000000,1229.680000,1301.600000,71.92,71.92,0.6343,71.92,-,-,-,-,-,-,-,-,-,-,-,-,-,-,-,-,-,-,-,-,-,-,40.37,5.25,-,-
鑫龙家园莲花六号小区位置点,"ZDBZD-JS-2025-002255	","JFZDPT-JS-20250210-07843	",2021-05-01,2021-05-31,"1546168926	","3205104477341	",1.000000,100,100.000000,1410.330000,1494.270000,83.94,83.94,0.6341,83.94,-,-,-,-,-,-,-,-,-,-,-,-,-,-,-,-,-,-,-,-,-,-,47.11,6.12,-,-
鑫龙家园莲花六号小区位置点,"ZDBZD-JS-2025-002255	","JFZDPT-JS-20250210-07843	",2021-05-01,2021-05-31,"1542466276	","3205104477344	",1.000000,100,100.000000,849.030000,918.160000,69.13,69.13,0.6324,69.13,-,-,-,-,-,-,-,-,-,-,-,-,-,-,-,-,-,-,-,-,-,-,38.69,5.03,-,-
鑫龙家园莲花六号小区位置点,"ZDBZD-JS-2025-002255	","JFZDPT-JS-20250210-07843	",2021-05-01,2021-05-31,"1536129516	","3205104477350	",1.000000,100,100.000000,1420.940000,1528.230000,107.29,107.29,0.6319,107.29,-,-,-,-,-,-,-,-,-,-,-,-,-,-,-,-,-,-,-,-,-,-,60,7.8,-,-
鑫龙家园莲花六号小区位置点,"ZDBZD-JS-2025-002255	","JFZDPT-JS-20251212-08537	",2025-11-01,2025-11-30,"1534337708	","3205104313087	",1.000000,100,100.000000,3963.780000,3997.240000,33.46,33.46,0.7089,33.46,-,-,-,-,-,-,-,-,-,-,-,-,-,-,-,-,-,-,-,-,-,-,20.990968,2.728826,-,-
鑫龙家园莲花六号小区位置点,"ZDBZD-JS-2025-002255	","JFZDPT-JS-20251212-08537	",2025-11-01,2025-11-30,"1534339435	","3205104313426	",1.000000,100,100.000000,2914.890000,2942.050000,27.16,27.16,0.7147,27.16,-,-,-,-,-,-,-,-,-,-,-,-,-,-,-,-,-,-,-,-,-,-,17.178099,2.233153,-,-
鑫龙家园莲花六号小区位置点,"ZDBZD-JS-2025-002255	","JFZDPT-JS-20251212-08537	",2025-11-01,2025-11-30,"1534349171	","3205104313433	",1.000000,100,100.000000,2728.360000,2750.000000,21.64,21.64,0.6978,21.64,-,-,-,-,-,-,-,-,-,-,-,-,-,-,-,-,-,-,-,-,-,-,13.363179,1.737213,-,-
鑫龙家园莲花六号小区位置点,"ZDBZD-JS-2025-002255	","JFZDPT-JS-20251212-08537	",2025-11-01,2025-11-30,"1554157659	","3205104313437	",1.000000,100,100.000000,315.410000,337.420000,22.01,22.01,0.7188,22.01,-,-,-,-,-,-,-,-,-,-,-,-,-,-,-,-,-,-,-,-,-,-,14.000697,1.820091,-,-
鑫龙家园莲花六号小区位置点,"ZDBZD-JS-2025-002255	","JFZDPT-JS-20251212-08537	",2025-11-01,2025-11-30,"1534339430	","3205104313446	",1.000000,100,100.000000,2660.910000,2680.790000,19.88,19.88,0.7233,19.88,-,-,-,-,-,-,-,-,-,-,-,-,-,-,-,-,-,-,-,-,-,-,12.724959,1.654245,-,-
鑫龙家园莲花六号小区位置点,"ZDBZD-JS-2025-002255	","JFZDPT-JS-20251212-08537	",2025-11-01,2025-11-30,"1534337522	","3205104313451	",1.000000,100,100.000000,2889.530000,2911.600000,22.07,22.07,0.7168,22.07,-,-,-,-,-,-,-,-,-,-,-,-,-,-,-,-,-,-,-,-,-,-,13.999802,1.819974,-,-
鑫龙家园莲花六号小区位置点,"ZDBZD-JS-2025-002255	","JFZDPT-JS-20251212-08537	",2025-11-01,2025-11-30,"1528107567	","3205104315707	",1.000000,100,100.000000,3874.220000,3907.390000,33.17,33.17,0.7151,33.17,-,-,-,-,-,-,-,-,-,-,-,-,-,-,-,-,-,-,-,-,-,-,20.991033,2.728834,-,-
鑫龙家园莲花六号小区位置点,"ZDBZD-JS-2025-002255	","JFZDPT-JS-20251212-08537	",2025-11-01,2025-11-30,"1556867474	","3205104315719	",1.000000,100,100.000000,1212.100000,1235.550000,23.45,23.45,0.7053,23.45,-,-,-,-,-,-,-,-,-,-,-,-,-,-,-,-,-,-,-,-,-,-,14.636535,1.90275,-,-
鑫龙家园莲花六号小区位置点,"ZDBZD-JS-2025-002255	","JFZDPT-JS-20251212-08537	",2025-11-01,2025-11-30,"1528102930	","3205104315726	",1.000000,100,100.000000,2822.320000,2849.620000,27.3,27.3,0.711,27.3,-,-,-,-,-,-,-,-,-,-,-,-,-,-,-,-,-,-,-,-,-,-,17.177257,2.233043,-,-
鑫龙家园莲花六号小区位置点,"ZDBZD-JS-2025-002255	","JFZDPT-JS-20251212-08537	",2025-11-01,2025-11-30,"1559570474	","3205104353226	",1.000000,100,100.000000,5208.850000,5344.350000,135.5,135.5,0.7216,135.5,-,-,-,-,-,-,-,-,-,-,-,-,-,-,-,-,-,-,-,-,-,-,86.528142,11.248658,-,-
鑫龙家园莲花六号小区位置点,"ZDBZD-JS-2025-002255	","JFZDPT-JS-20251212-08537	",2025-11-01,2025-11-30,"1547726877	","3205104472953	",1.000000,100,100.000000,4965.010000,5035.420000,70.41,70.41,0.7148,70.41,-,-,-,-,-,-,-,-,-,-,-,-,-,-,-,-,-,-,-,-,-,-,44.538998,5.79007,-,-
鑫龙家园莲花六号小区位置点,"ZDBZD-JS-2025-002255	","JFZDPT-JS-20251212-08537	",2025-11-01,2025-11-30,"1547633945	","3205104472957	",1.000000,100,100.000000,6248.870000,6344.890000,96.02,96.02,0.7188,96.02,-,-,-,-,-,-,-,-,-,-,-,-,-,-,-,-,-,-,-,-,-,-,61.078917,7.940259,-,-
鑫龙家园莲花六号小区位置点,"ZDBZD-JS-2025-002255	","JFZDPT-JS-20251212-08537	",2025-11-01,2025-11-30,"1547633944	","3205104472959	",1.000000,100,100.000000,4855.920000,4924.330000,68.41,68.41,0.7147,68.41,-,-,-,-,-,-,-,-,-,-,-,-,-,-,-,-,-,-,-,-,-,-,43.267812,5.624815,-,-
鑫龙家园莲花六号小区位置点,"ZDBZD-JS-2025-002255	","JFZDPT-JS-20251212-08537	",2025-11-01,2025-11-30,"1547633946	","3205104472963	",1.000000,100,100.000000,4702.670000,4774.090000,71.42,71.42,0.7146,71.42,-,-,-,-,-,-,-,-,-,-,-,-,-,-,-,-,-,-,-,-,-,-,45.16525,5.871482,-,-
鑫龙家园莲花六号小区位置点,"ZDBZD-JS-2025-002255	","JFZDPT-JS-20251212-08537	",2025-11-01,2025-11-30,"1547634578	","3205104472970	",1.000000,100,100.000000,3709.160000,3752.580000,43.42,43.42,0.7119,43.42,-,-,-,-,-,-,-,-,-,-,-,-,-,-,-,-,-,-,-,-,-,-,27.3546,3.556098,-,-
鑫龙家园莲花六号小区位置点,"ZDBZD-JS-2025-002255	","JFZDPT-JS-20251212-08537	",2025-11-01,2025-11-30,"1547728488	","3205104474427	",1.000000,100,100.000000,4874.210000,4940.910000,66.7,66.7,0.7222,66.7,-,-,-,-,-,-,-,-,-,-,-,-,-,-,-,-,-,-,-,-,-,-,42.628973,5.541767,-,-
鑫龙家园莲花六号小区位置点,"ZDBZD-JS-2025-002255	","JFZDPT-JS-20251212-08537	",2025-11-01,2025-11-30,"1547719754	","3205104474457	",1.000000,100,100.000000,11811.090000,11964.550000,153.46,153.46,0.7168,153.46,-,-,-,-,-,-,-,-,-,-,-,-,-,-,-,-,-,-,-,-,-,-,97.345246,12.654882,-,-
鑫龙家园莲花六号小区位置点,"ZDBZD-JS-2025-002255	","JFZDPT-JS-20251212-08537	",2025-11-01,2025-11-30,"1547728484	","3205104474463	",1.000000,100,100.000000,4138.010000,4192.750000,54.74,54.74,0.7223,54.74,-,-,-,-,-,-,-,-,-,-,-,-,-,-,-,-,-,-,-,-,-,-,34.990002,4.5487,-,-
鑫龙家园莲花六号小区位置点,"ZDBZD-JS-2025-002255	","JFZDPT-JS-20251212-08537	",2025-11-01,2025-11-30,"1547719759	","3205104474467	",1.000000,100,100.000000,4755.810000,4827.940000,72.13,72.13,0.7176,72.13,-,-,-,-,-,-,-,-,-,-,-,-,-,-,-,-,-,-,-,-,-,-,45.805742,5.954746,-,-
鑫龙家园莲花六号小区位置点,"ZDBZD-JS-2025-002255	","JFZDPT-JS-20251212-08537	",2025-11-01,2025-11-30,"1542462053	","3205104476756	",1.000000,100,100.000000,4056.080000,4110.100000,54.02,54.02,0.7186,54.02,-,-,-,-,-,-,-,-,-,-,-,-,-,-,-,-,-,-,-,-,-,-,34.352896,4.465876,-,-
鑫龙家园莲花六号小区位置点,"ZDBZD-JS-2025-002255	","JFZDPT-JS-20251212-08537	",2025-11-01,2025-11-30,"1534365028	","3205104476757	",1.000000,100,100.000000,4608.980000,4666.650000,57.67,57.67,0.7231,57.67,-,-,-,-,-,-,-,-,-,-,-,-,-,-,-,-,-,-,-,-,-,-,36.903696,4.797481,-,-
鑫龙家园莲花六号小区位置点,"ZDBZD-JS-2025-002255	","JFZDPT-JS-20251212-08537	",2025-11-01,2025-11-30,"1535960714	","3205104476763	",1.000000,100,100.000000,10110.530000,10241.600000,131.07,131.07,0.7185,131.07,-,-,-,-,-,-,-,-,-,-,-,-,-,-,-,-,-,-,-,-,-,-,83.339642,10.834153,-,-
鑫龙家园莲花六号小区位置点,"ZDBZD-JS-2025-002255	","JFZDPT-JS-20251212-08537	",2025-11-01,2025-11-30,"1543218796	","3205104476766	",1.000000,100,100.000000,5078.660000,5148.480000,69.82,69.82,0.7209,69.82,-,-,-,-,-,-,-,-,-,-,-,-,-,-,-,-,-,-,-,-,-,-,44.542688,5.79055,-,-
鑫龙家园莲花六号小区位置点,"ZDBZD-JS-2025-002255	","JFZDPT-JS-20251212-08537	",2025-11-01,2025-11-30,"1539721710	","3205104476768	",1.000000,100,100.000000,4912.360000,4979.670000,67.31,67.31,0.7156,67.31,-,-,-,-,-,-,-,-,-,-,-,-,-,-,-,-,-,-,-,-,-,-,42.625696,5.54134,-,-
鑫龙家园莲花六号小区位置点,"ZDBZD-JS-2025-002255	","JFZDPT-JS-20251212-08537	",2025-11-01,2025-11-30,"1534340339	","3205104476772	",1.000000,100,100.000000,4113.640000,4182.810000,69.17,69.17,0.7172,69.17,-,-,-,-,-,-,-,-,-,-,-,-,-,-,-,-,-,-,-,-,-,-,43.901526,5.707198,-,-
鑫龙家园莲花六号小区位置点,"ZDBZD-JS-2025-002255	","JFZDPT-JS-20251212-08537	",2025-11-01,2025-11-30,"1542222948	","3205104476774	",1.000000,100,100.000000,4439.280000,4492.280000,53,53,0.7189,53,-,-,-,-,-,-,-,-,-,-,-,-,-,-,-,-,-,-,-,-,-,-,33.718319,4.383381,-,-
鑫龙家园莲花六号小区位置点,"ZDBZD-JS-2025-002255	","JFZDPT-JS-20251212-08537	",2025-11-01,2025-11-30,"1536674431	","3205104477226	",1.000000,100,100.000000,5610.290000,5660.660000,50.37,50.37,0.7137,50.37,-,-,-,-,-,-,-,-,-,-,-,-,-,-,-,-,-,-,-,-,-,-,31.813335,4.135734,-,-
鑫龙家园莲花六号小区位置点,"ZDBZD-JS-2025-002255	","JFZDPT-JS-20251212-08537	",2025-11-01,2025-11-30,"1536129515	","3205104477228	",1.000000,100,100.000000,4922.240000,4992.040000,69.8,69.8,0.7211,69.8,-,-,-,-,-,-,-,-,-,-,-,-,-,-,-,-,-,-,-,-,-,-,44.542283,5.790497,-,-
鑫龙家园莲花六号小区位置点,"ZDBZD-JS-2025-002255	","JFZDPT-JS-20251212-08537	",2025-11-01,2025-11-30,"1539373623	","3205104477230	",1.000000,100,100.000000,4583.480000,4635.890000,52.41,52.41,0.7132,52.41,-,-,-,-,-,-,-,-,-,-,-,-,-,-,-,-,-,-,-,-,-,-,33.078595,4.300217,-,-
鑫龙家园莲花六号小区位置点,"ZDBZD-JS-2025-002255	","JFZDPT-JS-20251212-08537	",2025-11-01,2025-11-30,"1543105444	","3205104477232	",1.000000,100,100.000000,3690.070000,3733.890000,43.82,43.82,0.7218,43.82,-,-,-,-,-,-,-,-,-,-,-,-,-,-,-,-,-,-,-,-,-,-,27.99051,3.638766,-,-
鑫龙家园莲花六号小区位置点,"ZDBZD-JS-2025-002255	","JFZDPT-JS-20251212-08537	",2025-11-01,2025-11-30,"1544951755	","3205104477235	",1.000000,100,100.000000,4946.480000,5016.750000,70.27,70.27,0.7162,70.27,-,-,-,-,-,-,-,-,-,-,-,-,-,-,-,-,-,-,-,-,-,-,44.537499,5.789875,-,-
鑫龙家园莲花六号小区位置点,"ZDBZD-JS-2025-002255	","JFZDPT-JS-20251212-08537	",2025-11-01,2025-11-30,"1539602549	","3205104477339	",1.000000,100,100.000000,4240.300000,4308.820000,68.52,68.52,0.724,68.52,-,-,-,-,-,-,-,-,-,-,-,-,-,-,-,-,-,-,-,-,-,-,43.90131,5.70717,-,-
鑫龙家园莲花六号小区位置点,"ZDBZD-JS-2025-002255	","JFZDPT-JS-20251212-08537	",2025-11-01,2025-11-30,"1546160843	","3205104477340	",1.000000,100,100.000000,5020.970000,5090.540000,69.57,69.57,0.7234,69.57,-,-,-,-,-,-,-,-,-,-,-,-,-,-,-,-,-,-,-,-,-,-,44.537113,5.789825,-,-
鑫龙家园莲花六号小区位置点,"ZDBZD-JS-2025-002255	","JFZDPT-JS-20251212-08537	",2025-11-01,2025-11-30,"1546168926	","3205104477341	",1.000000,100,100.000000,5600.240000,5671.080000,70.84,70.84,0.7205,70.84,-,-,-,-,-,-,-,-,-,-,-,-,-,-,-,-,-,-,-,-,-,-,45.168336,5.871884,-,-
鑫龙家园莲花六号小区位置点,"ZDBZD-JS-2025-002255	","JFZDPT-JS-20251212-08537	",2025-11-01,2025-11-30,"1542466276	","3205104477344	",1.000000,100,100.000000,4506.840000,4573.230000,66.39,66.39,0.7147,66.39,-,-,-,-,-,-,-,-,-,-,-,-,-,-,-,-,-,-,-,-,-,-,41.990206,5.458727,-,-
鑫龙家园莲花六号小区位置点,"ZDBZD-JS-2025-002255	","JFZDPT-JS-20251212-08537	",2025-11-01,2025-11-30,"1536129516	","3205104477350	",1.000000,100,100.000000,6173.610000,6245.980000,72.37,72.37,0.7152,72.37,-,-,-,-,-,-,-,-,-,-,-,-,-,-,-,-,-,-,-,-,-,-,45.804446,5.954578,-,-
鑫龙家园莲花六号小区位置点,"ZDBZD-JS-2025-002255	","JFZDPT-JS-20250210-08696	",2021-09-01,2021-09-30,"1534337708	","3205104313087	",1.000000,100,100.000000,1746.660000,1792.680000,46.02,46.02,0.6558,46.02,-,-,-,-,-,-,-,-,-,-,-,-,-,-,-,-,-,-,-,-,-,-,26.71,3.47,-,-
鑫龙家园莲花六号小区位置点,"ZDBZD-JS-2025-002255	","JFZDPT-JS-20250210-08696	",2021-09-01,2021-09-30,"1534339435	","3205104313426	",1.000000,100,100.000000,1210.460000,1242.900000,32.44,32.44,0.647,32.44,-,-,-,-,-,-,-,-,-,-,-,-,-,-,-,-,-,-,-,-,-,-,18.58,2.41,-,-
鑫龙家园莲花六号小区位置点,"ZDBZD-JS-2025-002255	","JFZDPT-JS-20250210-08696	",2021-09-01,2021-09-30,"1534349171	","3205104313433	",1.000000,100,100.000000,1200.190000,1232.170000,31.98,31.98,0.6563,31.98,-,-,-,-,-,-,-,-,-,-,-,-,-,-,-,-,-,-,-,-,-,-,18.58,2.41,-,-
鑫龙家园莲花六号小区位置点,"ZDBZD-JS-2025-002255	","JFZDPT-JS-20250210-08696	",2021-09-01,2021-09-30,"1554157659	","3205104313437	",1.000000,100,100.000000,1213.940000,1246.270000,32.33,32.33,0.6492,32.33,-,-,-,-,-,-,-,-,-,-,-,-,-,-,-,-,-,-,-,-,-,-,18.58,2.41,-,-
鑫龙家园莲花六号小区位置点,"ZDBZD-JS-2025-002255	","JFZDPT-JS-20250210-08696	",2021-09-01,2021-09-30,"1534339430	","3205104313446	",1.000000,100,100.000000,1128.690000,1161.220000,32.53,32.53,0.6655,32.53,-,-,-,-,-,-,-,-,-,-,-,-,-,-,-,-,-,-,-,-,-,-,19.16,2.49,-,-
鑫龙家园莲花六号小区位置点,"ZDBZD-JS-2025-002255	","JFZDPT-JS-20250210-08696	",2021-09-01,2021-09-30,"1534337522	","3205104313451	",1.000000,100,100.000000,1285.690000,1318.880000,33.19,33.19,0.6523,33.19,-,-,-,-,-,-,-,-,-,-,-,-,-,-,-,-,-,-,-,-,-,-,19.16,2.49,-,-
鑫龙家园莲花六号小区位置点,"ZDBZD-JS-2025-002255	","JFZDPT-JS-20250210-08696	",2021-09-01,2021-09-30,"1528107567	","3205104315707	",1.000000,100,100.000000,1718.820000,1763.990000,45.17,45.17,0.6538,45.17,-,-,-,-,-,-,-,-,-,-,-,-,-,-,-,-,-,-,-,-,-,-,26.13,3.4,-,-
鑫龙家园莲花六号小区位置点,"ZDBZD-JS-2025-002255	","JFZDPT-JS-20250210-08696	",2021-09-01,2021-09-30,"1556867474	","3205104315719	",1.000000,100,100.000000,1266.050000,1298.330000,32.28,32.28,0.6502,32.28,-,-,-,-,-,-,-,-,-,-,-,-,-,-,-,-,-,-,-,-,-,-,18.58,2.41,-,-
鑫龙家园莲花六号小区位置点,"ZDBZD-JS-2025-002255	","JFZDPT-JS-20250210-08696	",2021-09-01,2021-09-30,"1528102930	","3205104315726	",1.000000,100,100.000000,1235.930000,1270.130000,34.2,34.2,0.6523,34.2,-,-,-,-,-,-,-,-,-,-,-,-,-,-,-,-,-,-,-,-,-,-,19.74,2.57,-,-
鑫龙家园莲花六号小区位置点,"ZDBZD-JS-2025-002255	","JFZDPT-JS-20250210-08696	",2021-09-01,2021-09-30,"1559570474	","3205104353226	",1.000000,100,100.000000,4204.580000,4364.480000,159.9,159.9,0.6566,159.9,-,-,-,-,-,-,-,-,-,-,-,-,-,-,-,-,-,-,-,-,-,-,92.91,12.08,-,-
鑫龙家园莲花六号小区位置点,"ZDBZD-JS-2025-002255	","JFZDPT-JS-20250210-08696	",2021-09-01,2021-09-30,"1547726877	","3205104472953	",1.000000,100,100.000000,1386.570000,1457.200000,70.63,70.63,0.6596,70.63,-,-,-,-,-,-,-,-,-,-,-,-,-,-,-,-,-,-,-,-,-,-,41.23,5.36,-,-
鑫龙家园莲花六号小区位置点,"ZDBZD-JS-2025-002255	","JFZDPT-JS-20250210-08696	",2021-09-01,2021-09-30,"1547633945	","3205104472957	",1.000000,100,100.000000,1810.200000,1882.920000,72.72,72.72,0.6588,72.72,-,-,-,-,-,-,-,-,-,-,-,-,-,-,-,-,-,-,-,-,-,-,42.4,5.51,-,-
鑫龙家园莲花六号小区位置点,"ZDBZD-JS-2025-002255	","JFZDPT-JS-20250210-08696	",2021-09-01,2021-09-30,"1547633944	","3205104472959	",1.000000,100,100.000000,1372.280000,1441.350000,69.07,69.07,0.6556,69.07,-,-,-,-,-,-,-,-,-,-,-,-,-,-,-,-,-,-,-,-,-,-,40.07,5.21,-,-
鑫龙家园莲花六号小区位置点,"ZDBZD-JS-2025-002255	","JFZDPT-JS-20250210-08696	",2021-09-01,2021-09-30,"1547633946	","3205104472963	",1.000000,100,100.000000,1184.860000,1240.950000,56.09,56.09,0.6552,56.09,-,-,-,-,-,-,-,-,-,-,-,-,-,-,-,-,-,-,-,-,-,-,32.52,4.23,-,-
鑫龙家园莲花六号小区位置点,"ZDBZD-JS-2025-002255	","JFZDPT-JS-20250210-08696	",2021-09-01,2021-09-30,"1547634578	","3205104472970	",1.000000,100,100.000000,1229.900000,1281.660000,51.76,51.76,0.6592,51.76,-,-,-,-,-,-,-,-,-,-,-,-,-,-,-,-,-,-,-,-,-,-,30.19,3.93,-,-
鑫龙家园莲花六号小区位置点,"ZDBZD-JS-2025-002255	","JFZDPT-JS-20250210-08696	",2021-09-01,2021-09-30,"1547728488	","3205104474427	",1.000000,100,100.000000,1375.590000,1445.290000,69.7,69.7,0.6591,69.7,-,-,-,-,-,-,-,-,-,-,-,-,-,-,-,-,-,-,-,-,-,-,40.65,5.29,-,-
鑫龙家园莲花六号小区位置点,"ZDBZD-JS-2025-002255	","JFZDPT-JS-20250210-08696	",2021-09-01,2021-09-30,"1547719754	","3205104474457	",1.000000,100,100.000000,3621.830000,3796.070000,174.24,174.24,0.6553,174.24,-,-,-,-,-,-,-,-,-,-,-,-,-,-,-,-,-,-,-,-,-,-,101.04,13.14,-,-
鑫龙家园莲花六号小区位置点,"ZDBZD-JS-2025-002255	","JFZDPT-JS-20250210-08696	",2021-09-01,2021-09-30,"1547728484	","3205104474463	",1.000000,100,100.000000,1382.060000,1452.920000,70.86,70.86,0.6575,70.86,-,-,-,-,-,-,-,-,-,-,-,-,-,-,-,-,-,-,-,-,-,-,41.23,5.36,-,-
鑫龙家园莲花六号小区位置点,"ZDBZD-JS-2025-002255	","JFZDPT-JS-20250210-08696	",2021-09-01,2021-09-30,"1547719759	","3205104474467	",1.000000,100,100.000000,1496.950000,1567.050000,70.1,70.1,0.6553,70.1,-,-,-,-,-,-,-,-,-,-,-,-,-,-,-,-,-,-,-,-,-,-,40.65,5.29,-,-
鑫龙家园莲花六号小区位置点,"ZDBZD-JS-2025-002255	","JFZDPT-JS-20250210-08696	",2021-09-01,2021-09-30,"1534271368	","3205104476753	",1.000000,100,100.000000,1326.610000,1394.850000,68.24,68.24,0.654,68.24,-,-,-,-,-,-,-,-,-,-,-,-,-,-,-,-,-,-,-,-,-,-,39.5,5.13,-,-
鑫龙家园莲花六号小区位置点,"ZDBZD-JS-2025-002255	","JFZDPT-JS-20250210-08696	",2021-09-01,2021-09-30,"1542462053	","3205104476756	",1.000000,100,100.000000,1320.140000,1374.240000,54.1,54.1,0.6551,54.1,-,-,-,-,-,-,-,-,-,-,-,-,-,-,-,-,-,-,-,-,-,-,31.36,4.08,-,-
鑫龙家园莲花六号小区位置点,"ZDBZD-JS-2025-002255	","JFZDPT-JS-20250210-08696	",2021-09-01,2021-09-30,"1534365028	","3205104476757	",1.000000,100,100.000000,1363.480000,1435.180000,71.7,71.7,0.659,71.7,-,-,-,-,-,-,-,-,-,-,-,-,-,-,-,-,-,-,-,-,-,-,41.81,5.44,-,-
鑫龙家园莲花六号小区位置点,"ZDBZD-JS-2025-002255	","JFZDPT-JS-20250210-08696	",2021-09-01,2021-09-30,"1535669055	","3205104476759	",1.000000,100,100.000000,1946.090000,2044.280000,98.19,98.19,0.655,98.19,-,-,-,-,-,-,-,-,-,-,-,-,-,-,-,-,-,-,-,-,-,-,56.91,7.4,-,-
鑫龙家园莲花六号小区位置点,"ZDBZD-JS-2025-002255	","JFZDPT-JS-20250210-08696	",2021-09-01,2021-09-30,"1535960714	","3205104476763	",1.000000,100,100.000000,3134.500000,3281.670000,147.17,147.17,0.6554,147.17,-,-,-,-,-,-,-,-,-,-,-,-,-,-,-,-,-,-,-,-,-,-,85.36,11.1,-,-
鑫龙家园莲花六号小区位置点,"ZDBZD-JS-2025-002255	","JFZDPT-JS-20250210-08696	",2021-09-01,2021-09-30,"1543218796	","3205104476766	",1.000000,100,100.000000,1522.090000,1592.640000,70.55,70.55,0.6604,70.55,-,-,-,-,-,-,-,-,-,-,-,-,-,-,-,-,-,-,-,-,-,-,41.23,5.36,-,-
鑫龙家园莲花六号小区位置点,"ZDBZD-JS-2025-002255	","JFZDPT-JS-20250210-08696	",2021-09-01,2021-09-30,"1539721710	","3205104476768	",1.000000,100,100.000000,1482.640000,1550.690000,68.05,68.05,0.6558,68.05,-,-,-,-,-,-,-,-,-,-,-,-,-,-,-,-,-,-,-,-,-,-,39.5,5.13,-,-
鑫龙家园莲花六号小区位置点,"ZDBZD-JS-2025-002255	","JFZDPT-JS-20250210-08696	",2021-09-01,2021-09-30,"1534340339	","3205104476772	",1.000000,100,100.000000,1034.640000,1080.780000,46.14,46.14,0.6541,46.14,-,-,-,-,-,-,-,-,-,-,-,-,-,-,-,-,-,-,-,-,-,-,26.71,3.47,-,-
鑫龙家园莲花六号小区位置点,"ZDBZD-JS-2025-002255	","JFZDPT-JS-20250210-08696	",2021-09-01,2021-09-30,"1542222948	","3205104476774	",1.000000,100,100.000000,1382.220000,1452.310000,70.09,70.09,0.6554,70.09,-,-,-,-,-,-,-,-,-,-,-,-,-,-,-,-,-,-,-,-,-,-,40.65,5.29,-,-
鑫龙家园莲花六号小区位置点,"ZDBZD-JS-2025-002255	","JFZDPT-JS-20250210-08696	",2021-09-01,2021-09-30,"1536674431	","3205104477226	",1.000000,100,100.000000,1677.210000,1752.560000,75.35,75.35,0.6531,75.35,-,-,-,-,-,-,-,-,-,-,-,-,-,-,-,-,-,-,-,-,-,-,43.55,5.66,-,-
鑫龙家园莲花六号小区位置点,"ZDBZD-JS-2025-002255	","JFZDPT-JS-20250210-08696	",2021-09-01,2021-09-30,"1536129515	","3205104477228	",1.000000,100,100.000000,1480.620000,1550.560000,69.94,69.94,0.6568,69.94,-,-,-,-,-,-,-,-,-,-,-,-,-,-,-,-,-,-,-,-,-,-,40.65,5.29,-,-
鑫龙家园莲花六号小区位置点,"ZDBZD-JS-2025-002255	","JFZDPT-JS-20250210-08696	",2021-09-01,2021-09-30,"1539373623	","3205104477230	",1.000000,100,100.000000,1405.880000,1476.700000,70.82,70.82,0.6579,70.82,-,-,-,-,-,-,-,-,-,-,-,-,-,-,-,-,-,-,-,-,-,-,41.23,5.36,-,-
鑫龙家园莲花六号小区位置点,"ZDBZD-JS-2025-002255	","JFZDPT-JS-20250210-08696	",2021-09-01,2021-09-30,"1543105444	","3205104477232	",1.000000,100,100.000000,1497.150000,1563.610000,66.46,66.46,0.6517,66.46,-,-,-,-,-,-,-,-,-,-,-,-,-,-,-,-,-,-,-,-,-,-,38.33,4.98,-,-
鑫龙家园莲花六号小区位置点,"ZDBZD-JS-2025-002255	","JFZDPT-JS-20250210-08696	",2021-09-01,2021-09-30,"1544951755	","3205104477235	",1.000000,100,100.000000,1482.200000,1552.360000,70.16,70.16,0.6548,70.16,-,-,-,-,-,-,-,-,-,-,-,-,-,-,-,-,-,-,-,-,-,-,40.65,5.29,-,-
鑫龙家园莲花六号小区位置点,"ZDBZD-JS-2025-002255	","JFZDPT-JS-20250210-08696	",2021-09-01,2021-09-30,"1544684094	","3205104477238	",1.000000,100,100.000000,1467.580000,1536.360000,68.78,68.78,0.6583,68.78,-,-,-,-,-,-,-,-,-,-,-,-,-,-,-,-,-,-,-,-,-,-,40.07,5.21,-,-
鑫龙家园莲花六号小区位置点,"ZDBZD-JS-2025-002255	","JFZDPT-JS-20250210-08696	",2021-09-01,2021-09-30,"1539602549	","3205104477339	",1.000000,100,100.000000,1537.680000,1609.480000,71.8,71.8,0.6581,71.8,-,-,-,-,-,-,-,-,-,-,-,-,-,-,-,-,-,-,-,-,-,-,41.81,5.44,-,-
鑫龙家园莲花六号小区位置点,"ZDBZD-JS-2025-002255	","JFZDPT-JS-20250210-08696	",2021-09-01,2021-09-30,"1546160843	","3205104477340	",1.000000,100,100.000000,1516.720000,1587.160000,70.44,70.44,0.6522,70.44,-,-,-,-,-,-,-,-,-,-,-,-,-,-,-,-,-,-,-,-,-,-,40.65,5.29,-,-
鑫龙家园莲花六号小区位置点,"ZDBZD-JS-2025-002255	","JFZDPT-JS-20250210-08696	",2021-09-01,2021-09-30,"1546168926	","3205104477341	",1.000000,100,100.000000,1744.720000,1826.560000,81.84,81.84,0.6574,81.84,-,-,-,-,-,-,-,-,-,-,-,-,-,-,-,-,-,-,-,-,-,-,47.61,6.19,-,-
鑫龙家园莲花六号小区位置点,"ZDBZD-JS-2025-002255	","JFZDPT-JS-20250210-08696	",2021-09-01,2021-09-30,"1542466276	","3205104477344	",1.000000,100,100.000000,1124.070000,1191.450000,67.38,67.38,0.6526,67.38,-,-,-,-,-,-,-,-,-,-,-,-,-,-,-,-,-,-,-,-,-,-,38.91,5.06,-,-
鑫龙家园莲花六号小区位置点,"ZDBZD-JS-2025-002255	","JFZDPT-JS-20250210-08696	",2021-09-01,2021-09-30,"1536129516	","3205104477350	",1.000000,100,100.000000,1848.440000,1953.180000,104.74,104.74,0.6578,104.74,-,-,-,-,-,-,-,-,-,-,-,-,-,-,-,-,-,-,-,-,-,-,60.97,7.93,-,-
鑫龙家园莲花六号小区位置点,"ZDBZD-JS-2025-002255	","JFZDPT-JS-20250211-05010	",2022-01-01,2022-01-31,"1534337708	","3205104313087	",1.000000,100,100.000000,1933.620000,1981.480000,47.86,47.86,0.7336,47.86,-,-,-,-,-,-,-,-,-,-,-,-,-,-,-,-,-,-,-,-,-,-,31.07,4.04,-,-
鑫龙家园莲花六号小区位置点,"ZDBZD-JS-2025-002255	","JFZDPT-JS-20250211-05010	",2022-01-01,2022-01-31,"1534339435	","3205104313426	",1.000000,100,100.000000,1341.220000,1374.380000,33.16,33.16,0.728,33.16,-,-,-,-,-,-,-,-,-,-,-,-,-,-,-,-,-,-,-,-,-,-,21.36,2.78,-,-
鑫龙家园莲花六号小区位置点,"ZDBZD-JS-2025-002255	","JFZDPT-JS-20250211-05010	",2022-01-01,2022-01-31,"1534349171	","3205104313433	",1.000000,100,100.000000,1329.670000,1362.460000,32.79,32.79,0.7362,32.79,-,-,-,-,-,-,-,-,-,-,-,-,-,-,-,-,-,-,-,-,-,-,21.36,2.78,-,-
鑫龙家园莲花六号小区位置点,"ZDBZD-JS-2025-002255	","JFZDPT-JS-20250211-05010	",2022-01-01,2022-01-31,"1554157659	","3205104313437	",1.000000,100,100.000000,1344.070000,1377.130000,33.06,33.06,0.7302,33.06,-,-,-,-,-,-,-,-,-,-,-,-,-,-,-,-,-,-,-,-,-,-,21.36,2.78,-,-
鑫龙家园莲花六号小区位置点,"ZDBZD-JS-2025-002255	","JFZDPT-JS-20250211-05010	",2022-01-01,2022-01-31,"1534339430	","3205104313446	",1.000000,100,100.000000,1259.390000,1292.530000,33.14,33.14,0.7284,33.14,-,-,-,-,-,-,-,-,-,-,-,-,-,-,-,-,-,-,-,-,-,-,21.36,2.78,-,-
鑫龙家园莲花六号小区位置点,"ZDBZD-JS-2025-002255	","JFZDPT-JS-20250211-05010	",2022-01-01,2022-01-31,"1534337522	","3205104313451	",1.000000,100,100.000000,1419.980000,1454.030000,34.05,34.05,0.7304,34.05,-,-,-,-,-,-,-,-,-,-,-,-,-,-,-,-,-,-,-,-,-,-,22.01,2.86,-,-
鑫龙家园莲花六号小区位置点,"ZDBZD-JS-2025-002255	","JFZDPT-JS-20250211-05010	",2022-01-01,2022-01-31,"1528107567	","3205104315707	",1.000000,100,100.000000,1903.010000,1950.040000,47.03,47.03,0.731,47.03,-,-,-,-,-,-,-,-,-,-,-,-,-,-,-,-,-,-,-,-,-,-,30.42,3.96,-,-
鑫龙家园莲花六号小区位置点,"ZDBZD-JS-2025-002255	","JFZDPT-JS-20250211-05010	",2022-01-01,2022-01-31,"1556867474	","3205104315719	",1.000000,100,100.000000,1394.180000,1427.160000,32.98,32.98,0.732,32.98,-,-,-,-,-,-,-,-,-,-,-,-,-,-,-,-,-,-,-,-,-,-,21.36,2.78,-,-
鑫龙家园莲花六号小区位置点,"ZDBZD-JS-2025-002255	","JFZDPT-JS-20250211-05010	",2022-01-01,2022-01-31,"1528102930	","3205104315726	",1.000000,100,100.000000,1370.610000,1404.520000,33.91,33.91,0.7334,33.91,-,-,-,-,-,-,-,-,-,-,-,-,-,-,-,-,-,-,-,-,-,-,22.01,2.86,-,-
鑫龙家园莲花六号小区位置点,"ZDBZD-JS-2025-002255	","JFZDPT-JS-20250211-05010	",2022-01-01,2022-01-31,"1559570474	","3205104353226	",1.000000,100,100.000000,472.710000,641.280000,168.57,168.57,0.7333,168.57,-,-,-,-,-,-,-,-,-,-,-,-,-,-,-,-,-,-,-,-,-,-,109.39,14.22,-,-
鑫龙家园莲花六号小区位置点,"ZDBZD-JS-2025-002255	","JFZDPT-JS-20250211-05010	",2022-01-01,2022-01-31,"1547726877	","3205104472953	",1.000000,100,100.000000,1672.680000,1745.180000,72.5,72.5,0.7364,72.5,-,-,-,-,-,-,-,-,-,-,-,-,-,-,-,-,-,-,-,-,-,-,47.25,6.14,-,-
鑫龙家园莲花六号小区位置点,"ZDBZD-JS-2025-002255	","JFZDPT-JS-20250211-05010	",2022-01-01,2022-01-31,"1547633945	","3205104472957	",1.000000,100,100.000000,2104.540000,2178.980000,74.44,74.44,0.7272,74.44,-,-,-,-,-,-,-,-,-,-,-,-,-,-,-,-,-,-,-,-,-,-,47.9,6.23,-,-
鑫龙家园莲花六号小区位置点,"ZDBZD-JS-2025-002255	","JFZDPT-JS-20250211-05010	",2022-01-01,2022-01-31,"1547633944	","3205104472959	",1.000000,100,100.000000,1651.540000,1722.180000,70.64,70.64,0.7351,70.64,-,-,-,-,-,-,-,-,-,-,-,-,-,-,-,-,-,-,-,-,-,-,45.96,5.97,-,-
鑫龙家园莲花六号小区位置点,"ZDBZD-JS-2025-002255	","JFZDPT-JS-20250211-05010	",2022-01-01,2022-01-31,"1547633946	","3205104472963	",1.000000,100,100.000000,1460.210000,1533.970000,73.76,73.76,0.7339,73.76,-,-,-,-,-,-,-,-,-,-,-,-,-,-,-,-,-,-,-,-,-,-,47.9,6.23,-,-
鑫龙家园莲花六号小区位置点,"ZDBZD-JS-2025-002255	","JFZDPT-JS-20250211-05010	",2022-01-01,2022-01-31,"1547634578	","3205104472970	",1.000000,100,100.000000,1439.280000,1492.110000,52.83,52.83,0.7339,52.83,-,-,-,-,-,-,-,-,-,-,-,-,-,-,-,-,-,-,-,-,-,-,34.31,4.46,-,-
鑫龙家园莲花六号小区位置点,"ZDBZD-JS-2025-002255	","JFZDPT-JS-20250211-05010	",2022-01-01,2022-01-31,"1547728488	","3205104474427	",1.000000,100,100.000000,1658.830000,1730.900000,72.07,72.07,0.7307,72.07,-,-,-,-,-,-,-,-,-,-,-,-,-,-,-,-,-,-,-,-,-,-,46.6,6.06,-,-
鑫龙家园莲花六号小区位置点,"ZDBZD-JS-2025-002255	","JFZDPT-JS-20250211-05010	",2022-01-01,2022-01-31,"1547719754	","3205104474457	",1.000000,100,100.000000,4331.470000,4512.920000,181.45,181.45,0.7296,181.45,-,-,-,-,-,-,-,-,-,-,-,-,-,-,-,-,-,-,-,-,-,-,117.16,15.23,-,-
鑫龙家园莲花六号小区位置点,"ZDBZD-JS-2025-002255	","JFZDPT-JS-20250211-05010	",2022-01-01,2022-01-31,"1547728484	","3205104474463	",1.000000,100,100.000000,1668.980000,1741.670000,72.69,72.69,0.7345,72.69,-,-,-,-,-,-,-,-,-,-,-,-,-,-,-,-,-,-,-,-,-,-,47.25,6.14,-,-
鑫龙家园莲花六号小区位置点,"ZDBZD-JS-2025-002255	","JFZDPT-JS-20250211-05010	",2022-01-01,2022-01-31,"1547719759	","3205104474467	",1.000000,100,100.000000,1781.220000,1853.350000,72.13,72.13,0.7301,72.13,-,-,-,-,-,-,-,-,-,-,-,-,-,-,-,-,-,-,-,-,-,-,46.6,6.06,-,-
鑫龙家园莲花六号小区位置点,"ZDBZD-JS-2025-002255	","JFZDPT-JS-20250211-05010	",2022-01-01,2022-01-31,"1534271368	","3205104476753	",1.000000,100,100.000000,1602.360000,1671.980000,69.62,69.62,0.7354,69.62,-,-,-,-,-,-,-,-,-,-,-,-,-,-,-,-,-,-,-,-,-,-,45.31,5.89,-,-
鑫龙家园莲花六号小区位置点,"ZDBZD-JS-2025-002255	","JFZDPT-JS-20250211-05010	",2022-01-01,2022-01-31,"1542462053	","3205104476756	",1.000000,100,100.000000,1539.930000,1596.190000,56.26,56.26,0.728,56.26,-,-,-,-,-,-,-,-,-,-,-,-,-,-,-,-,-,-,-,-,-,-,36.25,4.71,-,-
鑫龙家园莲花六号小区位置点,"ZDBZD-JS-2025-002255	","JFZDPT-JS-20250211-05010	",2022-01-01,2022-01-31,"1534365028	","3205104476757	",1.000000,100,100.000000,1653.690000,1727.160000,73.47,73.47,0.7267,73.47,-,-,-,-,-,-,-,-,-,-,-,-,-,-,-,-,-,-,-,-,-,-,47.25,6.14,-,-
鑫龙家园莲花六号小区位置点,"ZDBZD-JS-2025-002255	","JFZDPT-JS-20250211-05010	",2022-01-01,2022-01-31,"1535669055	","3205104476759	",1.000000,100,100.000000,2342.970000,2443.230000,100.26,100.26,0.7295,100.26,-,-,-,-,-,-,-,-,-,-,-,-,-,-,-,-,-,-,-,-,-,-,64.73,8.41,-,-
鑫龙家园莲花六号小区位置点,"ZDBZD-JS-2025-002255	","JFZDPT-JS-20250211-05010	",2022-01-01,2022-01-31,"1535960714	","3205104476763	",1.000000,100,100.000000,3728.810000,3880.020000,151.21,151.21,0.7304,151.21,-,-,-,-,-,-,-,-,-,-,-,-,-,-,-,-,-,-,-,-,-,-,97.73,12.71,-,-
鑫龙家园莲花六号小区位置点,"ZDBZD-JS-2025-002255	","JFZDPT-JS-20250211-05010	",2022-01-01,2022-01-31,"1543218796	","3205104476766	",1.000000,100,100.000000,1807.850000,1880.710000,72.86,72.86,0.7328,72.86,-,-,-,-,-,-,-,-,-,-,-,-,-,-,-,-,-,-,-,-,-,-,47.25,6.14,-,-
鑫龙家园莲花六号小区位置点,"ZDBZD-JS-2025-002255	","JFZDPT-JS-20250211-05010	",2022-01-01,2022-01-31,"1539721710	","3205104476768	",1.000000,100,100.000000,1757.470000,1827.290000,69.82,69.82,0.7333,69.82,-,-,-,-,-,-,-,-,-,-,-,-,-,-,-,-,-,-,-,-,-,-,45.31,5.89,-,-
鑫龙家园莲花六号小区位置点,"ZDBZD-JS-2025-002255	","JFZDPT-JS-20250211-05010	",2022-01-01,2022-01-31,"1534340339	","3205104476772	",1.000000,100,100.000000,1221.450000,1268.910000,47.46,47.46,0.7244,47.46,-,-,-,-,-,-,-,-,-,-,-,-,-,-,-,-,-,-,-,-,-,-,30.42,3.96,-,-
鑫龙家园莲花六号小区位置点,"ZDBZD-JS-2025-002255	","JFZDPT-JS-20250211-05010	",2022-01-01,2022-01-31,"1542222948	","3205104476774	",1.000000,100,100.000000,1666.610000,1738.920000,72.31,72.31,0.7283,72.31,-,-,-,-,-,-,-,-,-,-,-,-,-,-,-,-,-,-,-,-,-,-,46.6,6.06,-,-
鑫龙家园莲花六号小区位置点,"ZDBZD-JS-2025-002255	","JFZDPT-JS-20250211-05010	",2022-01-01,2022-01-31,"1536674431	","3205104477226	",1.000000,100,100.000000,1981.130000,2058.050000,76.92,76.92,0.7322,76.92,-,-,-,-,-,-,-,-,-,-,-,-,-,-,-,-,-,-,-,-,-,-,49.84,6.48,-,-
鑫龙家园莲花六号小区位置点,"ZDBZD-JS-2025-002255	","JFZDPT-JS-20250211-05010	",2022-01-01,2022-01-31,"1536129515	","3205104477228	",1.000000,100,100.000000,1764.010000,1835.840000,71.83,71.83,0.7331,71.83,-,-,-,-,-,-,-,-,-,-,-,-,-,-,-,-,-,-,-,-,-,-,46.6,6.06,-,-
鑫龙家园莲花六号小区位置点,"ZDBZD-JS-2025-002255	","JFZDPT-JS-20250211-05010	",2022-01-01,2022-01-31,"1539373623	","3205104477230	",1.000000,100,100.000000,1692.930000,1765.680000,72.75,72.75,0.7339,72.75,-,-,-,-,-,-,-,-,-,-,-,-,-,-,-,-,-,-,-,-,-,-,47.25,6.14,-,-
鑫龙家园莲花六号小区位置点,"ZDBZD-JS-2025-002255	","JFZDPT-JS-20250211-05010	",2022-01-01,2022-01-31,"1543105444	","3205104477232	",1.000000,100,100.000000,1697.330000,1742.580000,45.25,45.25,0.7273,45.25,-,-,-,-,-,-,-,-,-,-,-,-,-,-,-,-,-,-,-,-,-,-,29.12,3.79,-,-
鑫龙家园莲花六号小区位置点,"ZDBZD-JS-2025-002255	","JFZDPT-JS-20250211-05010	",2022-01-01,2022-01-31,"1544951755	","3205104477235	",1.000000,100,100.000000,1767.550000,1840.230000,72.68,72.68,0.7346,72.68,-,-,-,-,-,-,-,-,-,-,-,-,-,-,-,-,-,-,-,-,-,-,47.25,6.14,-,-
鑫龙家园莲花六号小区位置点,"ZDBZD-JS-2025-002255	","JFZDPT-JS-20250211-05010	",2022-01-01,2022-01-31,"1544684094	","3205104477238	",1.000000,100,100.000000,1744.700000,1814.800000,70.1,70.1,0.7304,70.1,-,-,-,-,-,-,-,-,-,-,-,-,-,-,-,-,-,-,-,-,-,-,45.31,5.89,-,-
鑫龙家园莲花六号小区位置点,"ZDBZD-JS-2025-002255	","JFZDPT-JS-20250211-05010	",2022-01-01,2022-01-31,"1539602549	","3205104477339	",1.000000,100,100.000000,1826.840000,1900.060000,73.22,73.22,0.7292,73.22,-,-,-,-,-,-,-,-,-,-,-,-,-,-,-,-,-,-,-,-,-,-,47.25,6.14,-,-
鑫龙家园莲花六号小区位置点,"ZDBZD-JS-2025-002255	","JFZDPT-JS-20250211-05010	",2022-01-01,2022-01-31,"1546160843	","3205104477340	",1.000000,100,100.000000,1801.480000,1874.020000,72.54,72.54,0.736,72.54,-,-,-,-,-,-,-,-,-,-,-,-,-,-,-,-,-,-,-,-,-,-,47.25,6.14,-,-
鑫龙家园莲花六号小区位置点,"ZDBZD-JS-2025-002255	","JFZDPT-JS-20250211-05010	",2022-01-01,2022-01-31,"1546168926	","3205104477341	",1.000000,100,100.000000,2073.280000,2154.930000,81.65,81.65,0.7346,81.65,-,-,-,-,-,-,-,-,-,-,-,-,-,-,-,-,-,-,-,-,-,-,53.08,6.9,-,-
鑫龙家园莲花六号小区位置点,"ZDBZD-JS-2025-002255	","JFZDPT-JS-20250211-05010	",2022-01-01,2022-01-31,"1542466276	","3205104477344	",1.000000,100,100.000000,1396.580000,1465.880000,69.3,69.3,0.7283,69.3,-,-,-,-,-,-,-,-,-,-,-,-,-,-,-,-,-,-,-,-,-,-,44.66,5.81,-,-
鑫龙家园莲花六号小区位置点,"ZDBZD-JS-2025-002255	","JFZDPT-JS-20250211-05010	",2022-01-01,2022-01-31,"1536129516	","3205104477350	",1.000000,100,100.000000,2270.780000,2377.880000,107.1,107.1,0.7307,107.1,-,-,-,-,-,-,-,-,-,-,-,-,-,-,-,-,-,-,-,-,-,-,69.26,9,-,-
鑫龙家园莲花六号小区位置点,"ZDBZD-JS-2025-002255	","JFZDPT-JS-20250213-10908	",2024-01-01,2024-01-31,"1534337708	","3205104313087	",1.000000,100,100.000000,3051.070000,3097.570000,46.5,46.5,0.7482,46.5,-,-,-,-,-,-,-,-,-,-,-,-,-,-,-,-,-,-,-,-,-,-,30.79,4,-,-
鑫龙家园莲花六号小区位置点,"ZDBZD-JS-2025-002255	","JFZDPT-JS-20250213-10908	",2024-01-01,2024-01-31,"1534339435	","3205104313426	",1.000000,100,100.000000,2132.570000,2164.430000,31.86,31.86,0.7436,31.86,-,-,-,-,-,-,-,-,-,-,-,-,-,-,-,-,-,-,-,-,-,-,20.96,2.73,-,-
鑫龙家园莲花六号小区位置点,"ZDBZD-JS-2025-002255	","JFZDPT-JS-20250213-10908	",2024-01-01,2024-01-31,"1534349171	","3205104313433	",1.000000,100,100.000000,2110.090000,2142.160000,32.07,32.07,0.7387,32.07,-,-,-,-,-,-,-,-,-,-,-,-,-,-,-,-,-,-,-,-,-,-,20.96,2.73,-,-
鑫龙家园莲花六号小区位置点,"ZDBZD-JS-2025-002255	","JFZDPT-JS-20250213-10908	",2024-01-01,2024-01-31,"1554157659	","3205104313437	",1.000000,100,100.000000,2124.460000,2154.710000,30.25,30.25,0.7342,30.25,-,-,-,-,-,-,-,-,-,-,-,-,-,-,-,-,-,-,-,-,-,-,19.65,2.56,-,-
鑫龙家园莲花六号小区位置点,"ZDBZD-JS-2025-002255	","JFZDPT-JS-20250213-10908	",2024-01-01,2024-01-31,"1534339430	","3205104313446	",1.000000,100,100.000000,2043.690000,2076.410000,32.72,32.72,0.7466,32.72,-,-,-,-,-,-,-,-,-,-,-,-,-,-,-,-,-,-,-,-,-,-,21.62,2.81,-,-
鑫龙家园莲花六号小区位置点,"ZDBZD-JS-2025-002255	","JFZDPT-JS-20250213-10908	",2024-01-01,2024-01-31,"1534337522	","3205104313451	",1.000000,100,100.000000,2246.280000,2277.470000,31.19,31.19,0.7358,31.19,-,-,-,-,-,-,-,-,-,-,-,-,-,-,-,-,-,-,-,-,-,-,20.31,2.64,-,-
鑫龙家园莲花六号小区位置点,"ZDBZD-JS-2025-002255	","JFZDPT-JS-20250213-10908	",2024-01-01,2024-01-31,"1528107567	","3205104315707	",1.000000,100,100.000000,2969.040000,3015.060000,46.02,46.02,0.7399,46.02,-,-,-,-,-,-,-,-,-,-,-,-,-,-,-,-,-,-,-,-,-,-,30.13,3.92,-,-
鑫龙家园莲花六号小区位置点,"ZDBZD-JS-2025-002255	","JFZDPT-JS-20250213-10908	",2024-01-01,2024-01-31,"1556867474	","3205104315719	",1.000000,100,100.000000,561.920000,594.780000,32.86,32.86,0.7435,32.86,-,-,-,-,-,-,-,-,-,-,-,-,-,-,-,-,-,-,-,-,-,-,21.62,2.81,-,-
鑫龙家园莲花六号小区位置点,"ZDBZD-JS-2025-002255	","JFZDPT-JS-20250213-10908	",2024-01-01,2024-01-31,"1528102930	","3205104315726	",1.000000,100,100.000000,2157.950000,2187.820000,29.87,29.87,0.7436,29.87,-,-,-,-,-,-,-,-,-,-,-,-,-,-,-,-,-,-,-,-,-,-,19.65,2.56,-,-
鑫龙家园莲花六号小区位置点,"ZDBZD-JS-2025-002255	","JFZDPT-JS-20250213-10908	",2024-01-01,2024-01-31,"1559570474	","3205104353226	",1.000000,100,100.000000,2168.810000,2310.190000,141.38,141.38,0.7382,141.38,-,-,-,-,-,-,-,-,-,-,-,-,-,-,-,-,-,-,-,-,-,-,92.36,12.01,-,-
鑫龙家园莲花六号小区位置点,"ZDBZD-JS-2025-002255	","JFZDPT-JS-20250213-10908	",2024-01-01,2024-01-31,"1547726877	","3205104472953	",1.000000,100,100.000000,3389.170000,3461.860000,72.69,72.69,0.7434,72.69,-,-,-,-,-,-,-,-,-,-,-,-,-,-,-,-,-,-,-,-,-,-,47.82,6.22,-,-
鑫龙家园莲花六号小区位置点,"ZDBZD-JS-2025-002255	","JFZDPT-JS-20250213-10908	",2024-01-01,2024-01-31,"1547633945	","3205104472957	",1.000000,100,100.000000,4101.420000,4200.260000,98.84,98.84,0.7414,98.84,-,-,-,-,-,-,-,-,-,-,-,-,-,-,-,-,-,-,-,-,-,-,64.85,8.43,-,-
鑫龙家园莲花六号小区位置点,"ZDBZD-JS-2025-002255	","JFZDPT-JS-20250213-10908	",2024-01-01,2024-01-31,"1547633944	","3205104472959	",1.000000,100,100.000000,3324.040000,3394.600000,70.56,70.56,0.7449,70.56,-,-,-,-,-,-,-,-,-,-,-,-,-,-,-,-,-,-,-,-,-,-,46.51,6.05,-,-
鑫龙家园莲花六号小区位置点,"ZDBZD-JS-2025-002255	","JFZDPT-JS-20250213-10908	",2024-01-01,2024-01-31,"1547633946	","3205104472963	",1.000000,100,100.000000,3201.170000,3274.740000,73.57,73.57,0.7446,73.57,-,-,-,-,-,-,-,-,-,-,-,-,-,-,-,-,-,-,-,-,-,-,48.48,6.3,-,-
鑫龙家园莲花六号小区位置点,"ZDBZD-JS-2025-002255	","JFZDPT-JS-20250213-10908	",2024-01-01,2024-01-31,"1547634578	","3205104472970	",1.000000,100,100.000000,2692.800000,2745.660000,52.86,52.86,0.7421,52.86,-,-,-,-,-,-,-,-,-,-,-,-,-,-,-,-,-,-,-,-,-,-,34.72,4.51,-,-
鑫龙家园莲花六号小区位置点,"ZDBZD-JS-2025-002255	","JFZDPT-JS-20250213-10908	",2024-01-01,2024-01-31,"1547728488	","3205104474427	",1.000000,100,100.000000,3356.050000,3428.120000,72.07,72.07,0.7396,72.07,-,-,-,-,-,-,-,-,-,-,-,-,-,-,-,-,-,-,-,-,-,-,47.17,6.13,-,-
鑫龙家园莲花六号小区位置点,"ZDBZD-JS-2025-002255	","JFZDPT-JS-20250213-10908	",2024-01-01,2024-01-31,"1547719754	","3205104474457	",1.000000,100,100.000000,8285.060000,8463.080000,178.02,178.02,0.7401,178.02,-,-,-,-,-,-,-,-,-,-,-,-,-,-,-,-,-,-,-,-,-,-,116.59,15.16,-,-
鑫龙家园莲花六号小区位置点,"ZDBZD-JS-2025-002255	","JFZDPT-JS-20250213-10908	",2024-01-01,2024-01-31,"1547728484	","3205104474463	",1.000000,100,100.000000,2718.750000,2789.690000,70.94,70.94,0.7409,70.94,-,-,-,-,-,-,-,-,-,-,-,-,-,-,-,-,-,-,-,-,-,-,46.51,6.05,-,-
鑫龙家园莲花六号小区位置点,"ZDBZD-JS-2025-002255	","JFZDPT-JS-20250213-10908	",2024-01-01,2024-01-31,"1547719759	","3205104474467	",1.000000,100,100.000000,3240.850000,3315.140000,74.29,74.29,0.7374,74.29,-,-,-,-,-,-,-,-,-,-,-,-,-,-,-,-,-,-,-,-,-,-,48.48,6.3,-,-
鑫龙家园莲花六号小区位置点,"ZDBZD-JS-2025-002255	","JFZDPT-JS-20250213-10908	",2024-01-01,2024-01-31,"1534271368	","3205104476753	",1.000000,100,100.000000,2890.970000,2890.970000,0,0,0.7961,0,-,-,-,-,-,-,-,-,-,-,-,-,-,-,-,-,-,-,-,-,-,-,0,0,-,-
鑫龙家园莲花六号小区位置点,"ZDBZD-JS-2025-002255	","JFZDPT-JS-20250213-10908	",2024-01-01,2024-01-31,"1542462053	","3205104476756	",1.000000,100,100.000000,2852.990000,2908.770000,55.78,55.78,0.7431,55.78,-,-,-,-,-,-,-,-,-,-,-,-,-,-,-,-,-,-,-,-,-,-,36.68,4.77,-,-
鑫龙家园莲花六号小区位置点,"ZDBZD-JS-2025-002255	","JFZDPT-JS-20250213-10908	",2024-01-01,2024-01-31,"1534365028	","3205104476757	",1.000000,100,100.000000,3255.370000,3329.380000,74.01,74.01,0.7402,74.01,-,-,-,-,-,-,-,-,-,-,-,-,-,-,-,-,-,-,-,-,-,-,48.48,6.3,-,-
鑫龙家园莲花六号小区位置点,"ZDBZD-JS-2025-002255	","JFZDPT-JS-20250213-10908	",2024-01-01,2024-01-31,"1535669055	","3205104476759	",1.000000,100,100.000000,4547.030000,4648.230000,101.2,101.2,0.7387,101.2,-,-,-,-,-,-,-,-,-,-,-,-,-,-,-,-,-,-,-,-,-,-,66.16,8.6,-,-
鑫龙家园莲花六号小区位置点,"ZDBZD-JS-2025-002255	","JFZDPT-JS-20250213-10908	",2024-01-01,2024-01-31,"1535960714	","3205104476763	",1.000000,100,100.000000,7086.330000,7222.060000,135.73,135.73,0.7417,135.73,-,-,-,-,-,-,-,-,-,-,-,-,-,-,-,-,-,-,-,-,-,-,89.09,11.58,-,-
鑫龙家园莲花六号小区位置点,"ZDBZD-JS-2025-002255	","JFZDPT-JS-20250213-10908	",2024-01-01,2024-01-31,"1543218796	","3205104476766	",1.000000,100,100.000000,3516.280000,3588.600000,72.32,72.32,0.737,72.32,-,-,-,-,-,-,-,-,-,-,-,-,-,-,-,-,-,-,-,-,-,-,47.17,6.13,-,-
鑫龙家园莲花六号小区位置点,"ZDBZD-JS-2025-002255	","JFZDPT-JS-20250213-10908	",2024-01-01,2024-01-31,"1539721710	","3205104476768	",1.000000,100,100.000000,3403.510000,3473.130000,69.62,69.62,0.7443,69.62,-,-,-,-,-,-,-,-,-,-,-,-,-,-,-,-,-,-,-,-,-,-,45.86,5.96,-,-
鑫龙家园莲花六号小区位置点,"ZDBZD-JS-2025-002255	","JFZDPT-JS-20250213-10908	",2024-01-01,2024-01-31,"1534340339	","3205104476772	",1.000000,100,100.000000,2565.730000,2637.040000,71.31,71.31,0.7371,71.31,-,-,-,-,-,-,-,-,-,-,-,-,-,-,-,-,-,-,-,-,-,-,46.51,6.05,-,-
鑫龙家园莲花六号小区位置点,"ZDBZD-JS-2025-002255	","JFZDPT-JS-20250213-10908	",2024-01-01,2024-01-31,"1542222948	","3205104476774	",1.000000,100,100.000000,3176.220000,3248.520000,72.3,72.3,0.7372,72.3,-,-,-,-,-,-,-,-,-,-,-,-,-,-,-,-,-,-,-,-,-,-,47.17,6.13,-,-
鑫龙家园莲花六号小区位置点,"ZDBZD-JS-2025-002255	","JFZDPT-JS-20250213-10908	",2024-01-01,2024-01-31,"1536674431	","3205104477226	",1.000000,100,100.000000,3849.600000,3950.710000,101.11,101.11,0.7394,101.11,-,-,-,-,-,-,-,-,-,-,-,-,-,-,-,-,-,-,-,-,-,-,66.16,8.6,-,-
鑫龙家园莲花六号小区位置点,"ZDBZD-JS-2025-002255	","JFZDPT-JS-20250213-10908	",2024-01-01,2024-01-31,"1536129515	","3205104477228	",1.000000,100,100.000000,3459.310000,3531.060000,71.75,71.75,0.7429,71.75,-,-,-,-,-,-,-,-,-,-,-,-,-,-,-,-,-,-,-,-,-,-,47.17,6.13,-,-
鑫龙家园莲花六号小区位置点,"ZDBZD-JS-2025-002255	","JFZDPT-JS-20250213-10908	",2024-01-01,2024-01-31,"1539373623	","3205104477230	",1.000000,100,100.000000,3246.460000,3319.610000,73.15,73.15,0.7388,73.15,-,-,-,-,-,-,-,-,-,-,-,-,-,-,-,-,-,-,-,-,-,-,47.82,6.22,-,-
鑫龙家园莲花六号小区位置点,"ZDBZD-JS-2025-002255	","JFZDPT-JS-20250213-10908	",2024-01-01,2024-01-31,"1543105444	","3205104477232	",1.000000,100,100.000000,2757.240000,2802.470000,45.23,45.23,0.7365,45.23,-,-,-,-,-,-,-,-,-,-,-,-,-,-,-,-,-,-,-,-,-,-,29.48,3.83,-,-
鑫龙家园莲花六号小区位置点,"ZDBZD-JS-2025-002255	","JFZDPT-JS-20250213-10908	",2024-01-01,2024-01-31,"1544951755	","3205104477235	",1.000000,100,100.000000,3474.540000,3547.150000,72.61,72.61,0.7443,72.61,-,-,-,-,-,-,-,-,-,-,-,-,-,-,-,-,-,-,-,-,-,-,47.82,6.22,-,-
鑫龙家园莲花六号小区位置点,"ZDBZD-JS-2025-002255	","JFZDPT-JS-20250213-10908	",2024-01-01,2024-01-31,"1544684094	","3205104477238	",1.000000,100,100.000000,3093.340000,3093.340000,0,0,0.7961,0,-,-,-,-,-,-,-,-,-,-,-,-,-,-,-,-,-,-,-,-,-,-,0,0,-,-
鑫龙家园莲花六号小区位置点,"ZDBZD-JS-2025-002255	","JFZDPT-JS-20250213-10908	",2024-01-01,2024-01-31,"1539602549	","3205104477339	",1.000000,100,100.000000,3141.800000,3144.810000,3.01,3.01,0.7375,3.01,-,-,-,-,-,-,-,-,-,-,-,-,-,-,-,-,-,-,-,-,-,-,1.96,0.26,-,-
鑫龙家园莲花六号小区位置点,"ZDBZD-JS-2025-002255	","JFZDPT-JS-20250213-10908	",2024-01-01,2024-01-31,"1546160843	","3205104477340	",1.000000,100,100.000000,3466.120000,3537.820000,71.7,71.7,0.7434,71.7,-,-,-,-,-,-,-,-,-,-,-,-,-,-,-,-,-,-,-,-,-,-,47.17,6.13,-,-
鑫龙家园莲花六号小区位置点,"ZDBZD-JS-2025-002255	","JFZDPT-JS-20250213-10908	",2024-01-01,2024-01-31,"1546168926	","3205104477341	",1.000000,100,100.000000,4016.100000,4087.480000,71.38,71.38,0.7363,71.38,-,-,-,-,-,-,-,-,-,-,-,-,-,-,-,-,-,-,-,-,-,-,46.51,6.05,-,-
鑫龙家园莲花六号小区位置点,"ZDBZD-JS-2025-002255	","JFZDPT-JS-20250213-10908	",2024-01-01,2024-01-31,"1542466276	","3205104477344	",1.000000,100,100.000000,3023.310000,3091.860000,68.55,68.55,0.7451,68.55,-,-,-,-,-,-,-,-,-,-,-,-,-,-,-,-,-,-,-,-,-,-,45.2,5.88,-,-
鑫龙家园莲花六号小区位置点,"ZDBZD-JS-2025-002255	","JFZDPT-JS-20250213-10908	",2024-01-01,2024-01-31,"1536129516	","3205104477350	",1.000000,100,100.000000,4091.100000,4197.310000,106.21,106.21,0.7387,106.21,-,-,-,-,-,-,-,-,-,-,-,-,-,-,-,-,-,-,-,-,-,-,69.43,9.03,-,-
鑫龙家园莲花六号小区位置点,"ZDBZD-JS-2025-002255	","JFZDPT-JS-20250213-08704	",2023-10-01,2023-10-31,"1534337708	","3205104313087	",1.000000,100,100.000000,2912.850000,2959.500000,46.65,46.65,0.7865,46.65,-,-,-,-,-,-,-,-,-,-,-,-,-,-,-,-,-,-,-,-,-,-,32.47,4.22,-,-
鑫龙家园莲花六号小区位置点,"ZDBZD-JS-2025-002255	","JFZDPT-JS-20250213-08704	",2023-10-01,2023-10-31,"1534339435	","3205104313426	",1.000000,100,100.000000,2033.940000,2067.610000,33.67,33.67,0.7882,33.67,-,-,-,-,-,-,-,-,-,-,-,-,-,-,-,-,-,-,-,-,-,-,23.49,3.05,-,-
鑫龙家园莲花六号小区位置点,"ZDBZD-JS-2025-002255	","JFZDPT-JS-20250213-08704	",2023-10-01,2023-10-31,"1534349171	","3205104313433	",1.000000,100,100.000000,2013.160000,2046.050000,32.89,32.89,0.7832,32.89,-,-,-,-,-,-,-,-,-,-,-,-,-,-,-,-,-,-,-,-,-,-,22.8,2.96,-,-
鑫龙家园莲花六号小区位置点,"ZDBZD-JS-2025-002255	","JFZDPT-JS-20250213-08704	",2023-10-01,2023-10-31,"1554157659	","3205104313437	",1.000000,100,100.000000,2028.370000,2061.420000,33.05,33.05,0.7794,33.05,-,-,-,-,-,-,-,-,-,-,-,-,-,-,-,-,-,-,-,-,-,-,22.8,2.96,-,-
鑫龙家园莲花六号小区位置点,"ZDBZD-JS-2025-002255	","JFZDPT-JS-20250213-08704	",2023-10-01,2023-10-31,"1534339430	","3205104313446	",1.000000,100,100.000000,1945.850000,1979.000000,33.15,33.15,0.7771,33.15,-,-,-,-,-,-,-,-,-,-,-,-,-,-,-,-,-,-,-,-,-,-,22.8,2.96,-,-
鑫龙家园莲花六号小区位置点,"ZDBZD-JS-2025-002255	","JFZDPT-JS-20250213-08704	",2023-10-01,2023-10-31,"1534337522	","3205104313451	",1.000000,100,100.000000,2147.070000,2181.210000,34.14,34.14,0.7774,34.14,-,-,-,-,-,-,-,-,-,-,-,-,-,-,-,-,-,-,-,-,-,-,23.49,3.05,-,-
鑫龙家园莲花六号小区位置点,"ZDBZD-JS-2025-002255	","JFZDPT-JS-20250213-08704	",2023-10-01,2023-10-31,"1528107567	","3205104315707	",1.000000,100,100.000000,2864.070000,2900.960000,36.89,36.89,0.7829,36.89,-,-,-,-,-,-,-,-,-,-,-,-,-,-,-,-,-,-,-,-,-,-,25.56,3.32,-,-
鑫龙家园莲花六号小区位置点,"ZDBZD-JS-2025-002255	","JFZDPT-JS-20250213-08704	",2023-10-01,2023-10-31,"1556867474	","3205104315719	",1.000000,100,100.000000,467.720000,501.160000,33.44,33.44,0.7703,33.44,-,-,-,-,-,-,-,-,-,-,-,-,-,-,-,-,-,-,-,-,-,-,22.8,2.96,-,-
鑫龙家园莲花六号小区位置点,"ZDBZD-JS-2025-002255	","JFZDPT-JS-20250213-08704	",2023-10-01,2023-10-31,"1528102930	","3205104315726	",1.000000,100,100.000000,2064.070000,2097.250000,33.18,33.18,0.7764,33.18,-,-,-,-,-,-,-,-,-,-,-,-,-,-,-,-,-,-,-,-,-,-,22.8,2.96,-,-
鑫龙家园莲花六号小区位置点,"ZDBZD-JS-2025-002255	","JFZDPT-JS-20250213-08704	",2023-10-01,2023-10-31,"1559570474	","3205104353226	",1.000000,100,100.000000,1743.420000,1885.660000,142.24,142.24,0.7793,142.24,-,-,-,-,-,-,-,-,-,-,-,-,-,-,-,-,-,-,-,-,-,-,98.1,12.75,-,-
鑫龙家园莲花六号小区位置点,"ZDBZD-JS-2025-002255	","JFZDPT-JS-20250213-08704	",2023-10-01,2023-10-31,"1547726877	","3205104472953	",1.000000,100,100.000000,3173.310000,3246.210000,72.9,72.9,0.7816,72.9,-,-,-,-,-,-,-,-,-,-,-,-,-,-,-,-,-,-,-,-,-,-,50.42,6.56,-,-
鑫龙家园莲花六号小区位置点,"ZDBZD-JS-2025-002255	","JFZDPT-JS-20250213-08704	",2023-10-01,2023-10-31,"1547633945	","3205104472957	",1.000000,100,100.000000,3807.530000,3906.830000,99.3,99.3,0.7782,99.3,-,-,-,-,-,-,-,-,-,-,-,-,-,-,-,-,-,-,-,-,-,-,68.39,8.89,-,-
鑫龙家园莲花六号小区位置点,"ZDBZD-JS-2025-002255	","JFZDPT-JS-20250213-08704	",2023-10-01,2023-10-31,"1547633944	","3205104472959	",1.000000,100,100.000000,3114.230000,3185.160000,70.93,70.93,0.7813,70.93,-,-,-,-,-,-,-,-,-,-,-,-,-,-,-,-,-,-,-,-,-,-,49.04,6.38,-,-
鑫龙家园莲花六号小区位置点,"ZDBZD-JS-2025-002255	","JFZDPT-JS-20250213-08704	",2023-10-01,2023-10-31,"1547633946	","3205104472963	",1.000000,100,100.000000,2982.560000,3056.350000,73.79,73.79,0.7828,73.79,-,-,-,-,-,-,-,-,-,-,-,-,-,-,-,-,-,-,-,-,-,-,51.12,6.64,-,-
鑫龙家园莲花六号小区位置点,"ZDBZD-JS-2025-002255	","JFZDPT-JS-20250213-08704	",2023-10-01,2023-10-31,"1547634578	","3205104472970	",1.000000,100,100.000000,2535.100000,2588.510000,53.41,53.41,0.7746,53.41,-,-,-,-,-,-,-,-,-,-,-,-,-,-,-,-,-,-,-,-,-,-,36.61,4.76,-,-
鑫龙家园莲花六号小区位置点,"ZDBZD-JS-2025-002255	","JFZDPT-JS-20250213-08704	",2023-10-01,2023-10-31,"1547728488	","3205104474427	",1.000000,100,100.000000,3142.740000,3214.580000,71.84,71.84,0.7823,71.84,-,-,-,-,-,-,-,-,-,-,-,-,-,-,-,-,-,-,-,-,-,-,49.73,6.47,-,-
鑫龙家园莲花六号小区位置点,"ZDBZD-JS-2025-002255	","JFZDPT-JS-20250213-08704	",2023-10-01,2023-10-31,"1547719754	","3205104474457	",1.000000,100,100.000000,7791.090000,7948.510000,157.42,157.42,0.7785,157.42,-,-,-,-,-,-,-,-,-,-,-,-,-,-,-,-,-,-,-,-,-,-,108.45,14.1,-,-
鑫龙家园莲花六号小区位置点,"ZDBZD-JS-2025-002255	","JFZDPT-JS-20250213-08704	",2023-10-01,2023-10-31,"1547728484	","3205104474463	",1.000000,100,100.000000,2508.210000,2579.290000,71.08,71.08,0.7797,71.08,-,-,-,-,-,-,-,-,-,-,-,-,-,-,-,-,-,-,-,-,-,-,49.04,6.38,-,-
鑫龙家园莲花六号小区位置点,"ZDBZD-JS-2025-002255	","JFZDPT-JS-20250213-08704	",2023-10-01,2023-10-31,"1547719759	","3205104474467	",1.000000,100,100.000000,3127.030000,3136.000000,8.97,8.97,0.7837,8.97,-,-,-,-,-,-,-,-,-,-,-,-,-,-,-,-,-,-,-,-,-,-,6.22,0.81,-,-
鑫龙家园莲花六号小区位置点,"ZDBZD-JS-2025-002255	","JFZDPT-JS-20250213-08704	",2023-10-01,2023-10-31,"1534271368	","3205104476753	",1.000000,100,100.000000,2890.970000,2890.970000,0,0,0.7961,0,-,-,-,-,-,-,-,-,-,-,-,-,-,-,-,-,-,-,-,-,-,-,0,0,-,-
鑫龙家园莲花六号小区位置点,"ZDBZD-JS-2025-002255	","JFZDPT-JS-20250213-08704	",2023-10-01,2023-10-31,"1542462053	","3205104476756	",1.000000,100,100.000000,2687.900000,2743.410000,55.51,55.51,0.7874,55.51,-,-,-,-,-,-,-,-,-,-,-,-,-,-,-,-,-,-,-,-,-,-,38.68,5.03,-,-
鑫龙家园莲花六号小区位置点,"ZDBZD-JS-2025-002255	","JFZDPT-JS-20250213-08704	",2023-10-01,2023-10-31,"1534365028	","3205104476757	",1.000000,100,100.000000,3059.600000,3119.120000,59.52,59.52,0.787,59.52,-,-,-,-,-,-,-,-,-,-,-,-,-,-,-,-,-,-,-,-,-,-,41.45,5.39,-,-
鑫龙家园莲花六号小区位置点,"ZDBZD-JS-2025-002255	","JFZDPT-JS-20250213-08704	",2023-10-01,2023-10-31,"1535669055	","3205104476759	",1.000000,100,100.000000,4259.770000,4351.270000,91.5,91.5,0.7849,91.5,-,-,-,-,-,-,-,-,-,-,-,-,-,-,-,-,-,-,-,-,-,-,63.56,8.26,-,-
鑫龙家园莲花六号小区位置点,"ZDBZD-JS-2025-002255	","JFZDPT-JS-20250213-08704	",2023-10-01,2023-10-31,"1535960714	","3205104476763	",1.000000,100,100.000000,6682.080000,6817.630000,135.55,135.55,0.7832,135.55,-,-,-,-,-,-,-,-,-,-,-,-,-,-,-,-,-,-,-,-,-,-,93.95,12.21,-,-
鑫龙家园莲花六号小区位置点,"ZDBZD-JS-2025-002255	","JFZDPT-JS-20250213-08704	",2023-10-01,2023-10-31,"1543218796	","3205104476766	",1.000000,100,100.000000,3301.800000,3374.060000,72.26,72.26,0.7777,72.26,-,-,-,-,-,-,-,-,-,-,-,-,-,-,-,-,-,-,-,-,-,-,49.73,6.47,-,-
鑫龙家园莲花六号小区位置点,"ZDBZD-JS-2025-002255	","JFZDPT-JS-20250213-08704	",2023-10-01,2023-10-31,"1539721710	","3205104476768	",1.000000,100,100.000000,3196.980000,3266.790000,69.81,69.81,0.7827,69.81,-,-,-,-,-,-,-,-,-,-,-,-,-,-,-,-,-,-,-,-,-,-,48.35,6.29,-,-
鑫龙家园莲花六号小区位置点,"ZDBZD-JS-2025-002255	","JFZDPT-JS-20250213-08704	",2023-10-01,2023-10-31,"1534340339	","3205104476772	",1.000000,100,100.000000,2353.930000,2425.390000,71.46,71.46,0.7755,71.46,-,-,-,-,-,-,-,-,-,-,-,-,-,-,-,-,-,-,-,-,-,-,49.04,6.38,-,-
鑫龙家园莲花六号小区位置点,"ZDBZD-JS-2025-002255	","JFZDPT-JS-20250213-08704	",2023-10-01,2023-10-31,"1542222948	","3205104476774	",1.000000,100,100.000000,2970.470000,3036.350000,65.88,65.88,0.782,65.88,-,-,-,-,-,-,-,-,-,-,-,-,-,-,-,-,-,-,-,-,-,-,45.59,5.93,-,-
鑫龙家园莲花六号小区位置点,"ZDBZD-JS-2025-002255	","JFZDPT-JS-20250213-08704	",2023-10-01,2023-10-31,"1536674431	","3205104477226	",1.000000,100,100.000000,3571.650000,3650.490000,78.84,78.84,0.7822,78.84,-,-,-,-,-,-,-,-,-,-,-,-,-,-,-,-,-,-,-,-,-,-,54.58,7.09,-,-
鑫龙家园莲花六号小区位置点,"ZDBZD-JS-2025-002255	","JFZDPT-JS-20250213-08704	",2023-10-01,2023-10-31,"1536129515	","3205104477228	",1.000000,100,100.000000,3246.360000,3318.260000,71.9,71.9,0.7816,71.9,-,-,-,-,-,-,-,-,-,-,-,-,-,-,-,-,-,-,-,-,-,-,49.73,6.47,-,-
鑫龙家园莲花六号小区位置点,"ZDBZD-JS-2025-002255	","JFZDPT-JS-20250213-08704	",2023-10-01,2023-10-31,"1539373623	","3205104477230	",1.000000,100,100.000000,3060.500000,3114.650000,54.15,54.15,0.7784,54.15,-,-,-,-,-,-,-,-,-,-,-,-,-,-,-,-,-,-,-,-,-,-,37.3,4.85,-,-
鑫龙家园莲花六号小区位置点,"ZDBZD-JS-2025-002255	","JFZDPT-JS-20250213-08704	",2023-10-01,2023-10-31,"1543105444	","3205104477232	",1.000000,100,100.000000,2623.620000,2668.530000,44.91,44.91,0.7822,44.91,-,-,-,-,-,-,-,-,-,-,-,-,-,-,-,-,-,-,-,-,-,-,31.09,4.04,-,-
鑫龙家园莲花六号小区位置点,"ZDBZD-JS-2025-002255	","JFZDPT-JS-20250213-08704	",2023-10-01,2023-10-31,"1544951755	","3205104477235	",1.000000,100,100.000000,3259.780000,3332.020000,72.24,72.24,0.778,72.24,-,-,-,-,-,-,-,-,-,-,-,-,-,-,-,-,-,-,-,-,-,-,49.73,6.47,-,-
鑫龙家园莲花六号小区位置点,"ZDBZD-JS-2025-002255	","JFZDPT-JS-20250213-08704	",2023-10-01,2023-10-31,"1544684094	","3205104477238	",1.000000,100,100.000000,3093.340000,3093.340000,0,0,0.7961,0,-,-,-,-,-,-,-,-,-,-,-,-,-,-,-,-,-,-,-,-,-,-,0,0,-,-
鑫龙家园莲花六号小区位置点,"ZDBZD-JS-2025-002255	","JFZDPT-JS-20250213-08704	",2023-10-01,2023-10-31,"1539602549	","3205104477339	",1.000000,100,100.000000,3132.890000,3135.930000,3.04,3.04,0.7697,3.04,-,-,-,-,-,-,-,-,-,-,-,-,-,-,-,-,-,-,-,-,-,-,2.07,0.27,-,-
鑫龙家园莲花六号小区位置点,"ZDBZD-JS-2025-002255	","JFZDPT-JS-20250213-08704	",2023-10-01,2023-10-31,"1546160843	","3205104477340	",1.000000,100,100.000000,3292.370000,3349.330000,56.96,56.96,0.7811,56.96,-,-,-,-,-,-,-,-,-,-,-,-,-,-,-,-,-,-,-,-,-,-,39.37,5.12,-,-
鑫龙家园莲花六号小区位置点,"ZDBZD-JS-2025-002255	","JFZDPT-JS-20250213-08704	",2023-10-01,2023-10-31,"1546168926	","3205104477341	",1.000000,100,100.000000,3789.670000,3873.090000,83.42,83.42,0.7767,83.42,-,-,-,-,-,-,-,-,-,-,-,-,-,-,-,-,-,-,-,-,-,-,57.34,7.45,-,-
鑫龙家园莲花六号小区位置点,"ZDBZD-JS-2025-002255	","JFZDPT-JS-20250213-08704	",2023-10-01,2023-10-31,"1542466276	","3205104477344	",1.000000,100,100.000000,2819.740000,2888.400000,68.66,68.66,0.7844,68.66,-,-,-,-,-,-,-,-,-,-,-,-,-,-,-,-,-,-,-,-,-,-,47.66,6.2,-,-
鑫龙家园莲花六号小区位置点,"ZDBZD-JS-2025-002255	","JFZDPT-JS-20250213-08704	",2023-10-01,2023-10-31,"1536129516	","3205104477350	",1.000000,100,100.000000,3828.190000,3881.500000,53.31,53.31,0.776,53.31,-,-,-,-,-,-,-,-,-,-,-,-,-,-,-,-,-,-,-,-,-,-,36.61,4.76,-,-
鑫龙家园莲花六号小区位置点,"ZDBZD-JS-2025-002255	","JFZDPT-JS-20250213-07613	",2023-07-01,2023-07-31,"1534337708	","3205104313087	",1.000000,100,100.000000,2774.570000,2821.220000,46.65,46.65,0.7794,46.65,-,-,-,-,-,-,-,-,-,-,-,-,-,-,-,-,-,-,-,-,-,-,32.18,4.18,-,-
鑫龙家园莲花六号小区位置点,"ZDBZD-JS-2025-002255	","JFZDPT-JS-20250213-07613	",2023-07-01,2023-07-31,"1534339435	","3205104313426	",1.000000,100,100.000000,1933.520000,1967.400000,33.88,33.88,0.7766,33.88,-,-,-,-,-,-,-,-,-,-,-,-,-,-,-,-,-,-,-,-,-,-,23.28,3.03,-,-
鑫龙家园莲花六号小区位置点,"ZDBZD-JS-2025-002255	","JFZDPT-JS-20250213-07613	",2023-07-01,2023-07-31,"1534349171	","3205104313433	",1.000000,100,100.000000,1913.900000,1947.480000,33.58,33.58,0.7835,33.58,-,-,-,-,-,-,-,-,-,-,-,-,-,-,-,-,-,-,-,-,-,-,23.28,3.03,-,-
鑫龙家园莲花六号小区位置点,"ZDBZD-JS-2025-002255	","JFZDPT-JS-20250213-07613	",2023-07-01,2023-07-31,"1554157659	","3205104313437	",1.000000,100,100.000000,1929.220000,1962.680000,33.46,33.46,0.763,33.46,-,-,-,-,-,-,-,-,-,-,-,-,-,-,-,-,-,-,-,-,-,-,22.59,2.94,-,-
鑫龙家园莲花六号小区位置点,"ZDBZD-JS-2025-002255	","JFZDPT-JS-20250213-07613	",2023-07-01,2023-07-31,"1534339430	","3205104313446	",1.000000,100,100.000000,1846.880000,1880.350000,33.47,33.47,0.7628,33.47,-,-,-,-,-,-,-,-,-,-,-,-,-,-,-,-,-,-,-,-,-,-,22.59,2.94,-,-
鑫龙家园莲花六号小区位置点,"ZDBZD-JS-2025-002255	","JFZDPT-JS-20250213-07613	",2023-07-01,2023-07-31,"1534337522	","3205104313451	",1.000000,100,100.000000,2044.040000,2079.070000,35.03,35.03,0.7731,35.03,-,-,-,-,-,-,-,-,-,-,-,-,-,-,-,-,-,-,-,-,-,-,23.96,3.12,-,-
鑫龙家园莲花六号小区位置点,"ZDBZD-JS-2025-002255	","JFZDPT-JS-20250213-07613	",2023-07-01,2023-07-31,"1528107567	","3205104315707	",1.000000,100,100.000000,2725.800000,2772.410000,46.61,46.61,0.7801,46.61,-,-,-,-,-,-,-,-,-,-,-,-,-,-,-,-,-,-,-,-,-,-,32.18,4.18,-,-
鑫龙家园莲花六号小区位置点,"ZDBZD-JS-2025-002255	","JFZDPT-JS-20250213-07613	",2023-07-01,2023-07-31,"1556867474	","3205104315719	",1.000000,100,100.000000,367.480000,401.420000,33.94,33.94,0.7752,33.94,-,-,-,-,-,-,-,-,-,-,-,-,-,-,-,-,-,-,-,-,-,-,23.28,3.03,-,-
鑫龙家园莲花六号小区位置点,"ZDBZD-JS-2025-002255	","JFZDPT-JS-20250213-07613	",2023-07-01,2023-07-31,"1528102930	","3205104315726	",1.000000,100,100.000000,1964.800000,1998.300000,33.5,33.5,0.7854,33.5,-,-,-,-,-,-,-,-,-,-,-,-,-,-,-,-,-,-,-,-,-,-,23.28,3.03,-,-
鑫龙家园莲花六号小区位置点,"ZDBZD-JS-2025-002255	","JFZDPT-JS-20250213-07613	",2023-07-01,2023-07-31,"1559570474	","3205104353226	",1.000000,100,100.000000,1300.770000,1449.200000,148.43,148.43,0.7715,148.43,-,-,-,-,-,-,-,-,-,-,-,-,-,-,-,-,-,-,-,-,-,-,101.34,13.17,-,-
鑫龙家园莲花六号小区位置点,"ZDBZD-JS-2025-002255	","JFZDPT-JS-20250213-07613	",2023-07-01,2023-07-31,"1547726877	","3205104472953	",1.000000,100,100.000000,2955.650000,3029.090000,73.44,73.44,0.7691,73.44,-,-,-,-,-,-,-,-,-,-,-,-,-,-,-,-,-,-,-,-,-,-,49.98,6.5,-,-
鑫龙家园莲花六号小区位置点,"ZDBZD-JS-2025-002255	","JFZDPT-JS-20250213-07613	",2023-07-01,2023-07-31,"1547633945	","3205104472957	",1.000000,100,100.000000,3510.770000,3610.890000,100.12,100.12,0.7728,100.12,-,-,-,-,-,-,-,-,-,-,-,-,-,-,-,-,-,-,-,-,-,-,68.47,8.9,-,-
鑫龙家园莲花六号小区位置点,"ZDBZD-JS-2025-002255	","JFZDPT-JS-20250213-07613	",2023-07-01,2023-07-31,"1547633944	","3205104472959	",1.000000,100,100.000000,2902.250000,2973.770000,71.52,71.52,0.7789,71.52,-,-,-,-,-,-,-,-,-,-,-,-,-,-,-,-,-,-,-,-,-,-,49.3,6.41,-,-
鑫龙家园莲花六号小区位置点,"ZDBZD-JS-2025-002255	","JFZDPT-JS-20250213-07613	",2023-07-01,2023-07-31,"1547633946	","3205104472963	",1.000000,100,100.000000,2762.350000,2836.640000,74.29,74.29,0.7706,74.29,-,-,-,-,-,-,-,-,-,-,-,-,-,-,-,-,-,-,-,-,-,-,50.66,6.59,-,-
鑫龙家园莲花六号小区位置点,"ZDBZD-JS-2025-002255	","JFZDPT-JS-20250213-07613	",2023-07-01,2023-07-31,"1547634578	","3205104472970	",1.000000,100,100.000000,2375.980000,2429.600000,53.62,53.62,0.7792,53.62,-,-,-,-,-,-,-,-,-,-,-,-,-,-,-,-,-,-,-,-,-,-,36.97,4.81,-,-
鑫龙家园莲花六号小区位置点,"ZDBZD-JS-2025-002255	","JFZDPT-JS-20250213-07613	",2023-07-01,2023-07-31,"1547728488	","3205104474427	",1.000000,100,100.000000,2928.650000,3000.920000,72.27,72.27,0.7709,72.27,-,-,-,-,-,-,-,-,-,-,-,-,-,-,-,-,-,-,-,-,-,-,49.3,6.41,-,-
鑫龙家园莲花六号小区位置点,"ZDBZD-JS-2025-002255	","JFZDPT-JS-20250213-07613	",2023-07-01,2023-07-31,"1547719754	","3205104474457	",1.000000,100,100.000000,7320.120000,7479.640000,159.52,159.52,0.776,159.52,-,-,-,-,-,-,-,-,-,-,-,-,-,-,-,-,-,-,-,-,-,-,109.55,14.24,-,-
鑫龙家园莲花六号小区位置点,"ZDBZD-JS-2025-002255	","JFZDPT-JS-20250213-07613	",2023-07-01,2023-07-31,"1547728484	","3205104474463	",1.000000,100,100.000000,2295.800000,2367.510000,71.71,71.71,0.7769,71.71,-,-,-,-,-,-,-,-,-,-,-,-,-,-,-,-,-,-,-,-,-,-,49.3,6.41,-,-
鑫龙家园莲花六号小区位置点,"ZDBZD-JS-2025-002255	","JFZDPT-JS-20250213-07613	",2023-07-01,2023-07-31,"1547719759	","3205104474467	",1.000000,100,100.000000,3054.120000,3109.590000,55.47,55.47,0.7671,55.47,-,-,-,-,-,-,-,-,-,-,-,-,-,-,-,-,-,-,-,-,-,-,37.65,4.9,-,-
鑫龙家园莲花六号小区位置点,"ZDBZD-JS-2025-002255	","JFZDPT-JS-20250213-07613	",2023-07-01,2023-07-31,"1534271368	","3205104476753	",1.000000,100,100.000000,2769.280000,2826.650000,57.37,57.37,0.7687,57.37,-,-,-,-,-,-,-,-,-,-,-,-,-,-,-,-,-,-,-,-,-,-,39.03,5.07,-,-
鑫龙家园莲花六号小区位置点,"ZDBZD-JS-2025-002255	","JFZDPT-JS-20250213-07613	",2023-07-01,2023-07-31,"1542462053	","3205104476756	",1.000000,100,100.000000,2523.010000,2578.570000,55.56,55.56,0.7799,55.56,-,-,-,-,-,-,-,-,-,-,-,-,-,-,-,-,-,-,-,-,-,-,38.35,4.98,-,-
鑫龙家园莲花六号小区位置点,"ZDBZD-JS-2025-002255	","JFZDPT-JS-20250213-07613	",2023-07-01,2023-07-31,"1534365028	","3205104476757	",1.000000,100,100.000000,2882.370000,2942.110000,59.74,59.74,0.777,59.74,-,-,-,-,-,-,-,-,-,-,-,-,-,-,-,-,-,-,-,-,-,-,41.08,5.34,-,-
鑫龙家园莲花六号小区位置点,"ZDBZD-JS-2025-002255	","JFZDPT-JS-20250213-07613	",2023-07-01,2023-07-31,"1535669055	","3205104476759	",1.000000,100,100.000000,4015.630000,4096.790000,81.16,81.16,0.7722,81.16,-,-,-,-,-,-,-,-,-,-,-,-,-,-,-,-,-,-,-,-,-,-,55.46,7.21,-,-
鑫龙家园莲花六号小区位置点,"ZDBZD-JS-2025-002255	","JFZDPT-JS-20250213-07613	",2023-07-01,2023-07-31,"1535960714	","3205104476763	",1.000000,100,100.000000,6276.690000,6413.550000,136.86,136.86,0.7745,136.86,-,-,-,-,-,-,-,-,-,-,-,-,-,-,-,-,-,-,-,-,-,-,93.81,12.19,-,-
鑫龙家园莲花六号小区位置点,"ZDBZD-JS-2025-002255	","JFZDPT-JS-20250213-07613	",2023-07-01,2023-07-31,"1543218796	","3205104476766	",1.000000,100,100.000000,3086.410000,3159.050000,72.64,72.64,0.7775,72.64,-,-,-,-,-,-,-,-,-,-,-,-,-,-,-,-,-,-,-,-,-,-,49.98,6.5,-,-
鑫龙家园莲花六号小区位置点,"ZDBZD-JS-2025-002255	","JFZDPT-JS-20250213-07613	",2023-07-01,2023-07-31,"1539721710	","3205104476768	",1.000000,100,100.000000,2988.600000,3058.880000,70.28,70.28,0.7706,70.28,-,-,-,-,-,-,-,-,-,-,-,-,-,-,-,-,-,-,-,-,-,-,47.93,6.23,-,-
鑫龙家园莲花六号小区位置点,"ZDBZD-JS-2025-002255	","JFZDPT-JS-20250213-07613	",2023-07-01,2023-07-31,"1534340339	","3205104476772	",1.000000,100,100.000000,2140.790000,2212.640000,71.85,71.85,0.7754,71.85,-,-,-,-,-,-,-,-,-,-,-,-,-,-,-,-,-,-,-,-,-,-,49.3,6.41,-,-
鑫龙家园莲花六号小区位置点,"ZDBZD-JS-2025-002255	","JFZDPT-JS-20250213-07613	",2023-07-01,2023-07-31,"1542222948	","3205104476774	",1.000000,100,100.000000,2791.960000,2851.490000,59.53,59.53,0.7798,59.53,-,-,-,-,-,-,-,-,-,-,-,-,-,-,-,-,-,-,-,-,-,-,41.08,5.34,-,-
鑫龙家园莲花六号小区位置点,"ZDBZD-JS-2025-002255	","JFZDPT-JS-20250213-07613	",2023-07-01,2023-07-31,"1536674431	","3205104477226	",1.000000,100,100.000000,3341.130000,3418.890000,77.76,77.76,0.7761,77.76,-,-,-,-,-,-,-,-,-,-,-,-,-,-,-,-,-,-,-,-,-,-,53.41,6.94,-,-
鑫龙家园莲花六号小区位置点,"ZDBZD-JS-2025-002255	","JFZDPT-JS-20250213-07613	",2023-07-01,2023-07-31,"1536129515	","3205104477228	",1.000000,100,100.000000,3031.760000,3104.220000,72.46,72.46,0.7688,72.46,-,-,-,-,-,-,-,-,-,-,-,-,-,-,-,-,-,-,-,-,-,-,49.3,6.41,-,-
鑫龙家园莲花六号小区位置点,"ZDBZD-JS-2025-002255	","JFZDPT-JS-20250213-07613	",2023-07-01,2023-07-31,"1539373623	","3205104477230	",1.000000,100,100.000000,2899.370000,2953.670000,54.3,54.3,0.7694,54.3,-,-,-,-,-,-,-,-,-,-,-,-,-,-,-,-,-,-,-,-,-,-,36.97,4.81,-,-
鑫龙家园莲花六号小区位置点,"ZDBZD-JS-2025-002255	","JFZDPT-JS-20250213-07613	",2023-07-01,2023-07-31,"1543105444	","3205104477232	",1.000000,100,100.000000,2490.150000,2535.140000,44.99,44.99,0.7739,44.99,-,-,-,-,-,-,-,-,-,-,-,-,-,-,-,-,-,-,-,-,-,-,30.81,4.01,-,-
鑫龙家园莲花六号小区位置点,"ZDBZD-JS-2025-002255	","JFZDPT-JS-20250213-07613	",2023-07-01,2023-07-31,"1544951755	","3205104477235	",1.000000,100,100.000000,3044.870000,3117.330000,72.46,72.46,0.7688,72.46,-,-,-,-,-,-,-,-,-,-,-,-,-,-,-,-,-,-,-,-,-,-,49.3,6.41,-,-
鑫龙家园莲花六号小区位置点,"ZDBZD-JS-2025-002255	","JFZDPT-JS-20250213-07613	",2023-07-01,2023-07-31,"1544684094	","3205104477238	",1.000000,100,100.000000,2985.210000,3055.970000,70.76,70.76,0.7763,70.76,-,-,-,-,-,-,-,-,-,-,-,-,-,-,-,-,-,-,-,-,-,-,48.61,6.32,-,-
鑫龙家园莲花六号小区位置点,"ZDBZD-JS-2025-002255	","JFZDPT-JS-20250213-07613	",2023-07-01,2023-07-31,"1539602549	","3205104477339	",1.000000,100,100.000000,3118.480000,3127.030000,8.55,8.55,0.773,8.55,-,-,-,-,-,-,-,-,-,-,-,-,-,-,-,-,-,-,-,-,-,-,5.85,0.76,-,-
鑫龙家园莲花六号小区位置点,"ZDBZD-JS-2025-002255	","JFZDPT-JS-20250213-07613	",2023-07-01,2023-07-31,"1546160843	","3205104477340	",1.000000,100,100.000000,3078.050000,3150.330000,72.28,72.28,0.7708,72.28,-,-,-,-,-,-,-,-,-,-,-,-,-,-,-,-,-,-,-,-,-,-,49.3,6.41,-,-
鑫龙家园莲花六号小区位置点,"ZDBZD-JS-2025-002255	","JFZDPT-JS-20250213-07613	",2023-07-01,2023-07-31,"1546168926	","3205104477341	",1.000000,100,100.000000,3540.590000,3624.600000,84.01,84.01,0.7736,84.01,-,-,-,-,-,-,-,-,-,-,-,-,-,-,-,-,-,-,-,-,-,-,57.51,7.48,-,-
鑫龙家园莲花六号小区位置点,"ZDBZD-JS-2025-002255	","JFZDPT-JS-20250213-07613	",2023-07-01,2023-07-31,"1542466276	","3205104477344	",1.000000,100,100.000000,2614.950000,2684.090000,69.14,69.14,0.7722,69.14,-,-,-,-,-,-,-,-,-,-,-,-,-,-,-,-,-,-,-,-,-,-,47.25,6.14,-,-
鑫龙家园莲花六号小区位置点,"ZDBZD-JS-2025-002255	","JFZDPT-JS-20250213-07613	",2023-07-01,2023-07-31,"1536129516	","3205104477350	",1.000000,100,100.000000,3677.190000,3728.090000,50.9,50.9,0.7752,50.9,-,-,-,-,-,-,-,-,-,-,-,-,-,-,-,-,-,-,-,-,-,-,34.92,4.54,-,-
鑫龙家园莲花六号小区位置点,"ZDBZD-JS-2025-002255	","JFZDPT-JS-20250213-08107	",2023-08-01,2023-08-31,"1534337708	","3205104313087	",1.000000,100,100.000000,2821.220000,2867.770000,46.55,46.55,0.7725,46.55,-,-,-,-,-,-,-,-,-,-,-,-,-,-,-,-,-,-,-,-,-,-,31.82,4.14,-,-
鑫龙家园莲花六号小区位置点,"ZDBZD-JS-2025-002255	","JFZDPT-JS-20250213-08107	",2023-08-01,2023-08-31,"1534339435	","3205104313426	",1.000000,100,100.000000,1967.400000,2001.280000,33.88,33.88,0.768,33.88,-,-,-,-,-,-,-,-,-,-,-,-,-,-,-,-,-,-,-,-,-,-,23.03,2.99,-,-
鑫龙家园莲花六号小区位置点,"ZDBZD-JS-2025-002255	","JFZDPT-JS-20250213-08107	",2023-08-01,2023-08-31,"1534349171	","3205104313433	",1.000000,100,100.000000,1947.480000,1980.920000,33.44,33.44,0.7551,33.44,-,-,-,-,-,-,-,-,-,-,-,-,-,-,-,-,-,-,-,-,-,-,22.35,2.9,-,-
鑫龙家园莲花六号小区位置点,"ZDBZD-JS-2025-002255	","JFZDPT-JS-20250213-08107	",2023-08-01,2023-08-31,"1554157659	","3205104313437	",1.000000,100,100.000000,1962.680000,1996.130000,33.45,33.45,0.7549,33.45,-,-,-,-,-,-,-,-,-,-,-,-,-,-,-,-,-,-,-,-,-,-,22.35,2.9,-,-
鑫龙家园莲花六号小区位置点,"ZDBZD-JS-2025-002255	","JFZDPT-JS-20250213-08107	",2023-08-01,2023-08-31,"1534339430	","3205104313446	",1.000000,100,100.000000,1880.350000,1913.670000,33.32,33.32,0.7578,33.32,-,-,-,-,-,-,-,-,-,-,-,-,-,-,-,-,-,-,-,-,-,-,22.35,2.9,-,-
鑫龙家园莲花六号小区位置点,"ZDBZD-JS-2025-002255	","JFZDPT-JS-20250213-08107	",2023-08-01,2023-08-31,"1534337522	","3205104313451	",1.000000,100,100.000000,2079.070000,2113.790000,34.72,34.72,0.7713,34.72,-,-,-,-,-,-,-,-,-,-,-,-,-,-,-,-,-,-,-,-,-,-,23.7,3.08,-,-
鑫龙家园莲花六号小区位置点,"ZDBZD-JS-2025-002255	","JFZDPT-JS-20250213-08107	",2023-08-01,2023-08-31,"1528107567	","3205104315707	",1.000000,100,100.000000,2772.410000,2818.820000,46.41,46.41,0.7585,46.41,-,-,-,-,-,-,-,-,-,-,-,-,-,-,-,-,-,-,-,-,-,-,31.15,4.05,-,-
鑫龙家园莲花六号小区位置点,"ZDBZD-JS-2025-002255	","JFZDPT-JS-20250213-08107	",2023-08-01,2023-08-31,"1556867474	","3205104315719	",1.000000,100,100.000000,401.420000,435.240000,33.82,33.82,0.7694,33.82,-,-,-,-,-,-,-,-,-,-,-,-,-,-,-,-,-,-,-,-,-,-,23.03,2.99,-,-
鑫龙家园莲花六号小区位置点,"ZDBZD-JS-2025-002255	","JFZDPT-JS-20250213-08107	",2023-08-01,2023-08-31,"1528102930	","3205104315726	",1.000000,100,100.000000,1998.300000,2031.790000,33.49,33.49,0.754,33.49,-,-,-,-,-,-,-,-,-,-,-,-,-,-,-,-,-,-,-,-,-,-,22.35,2.9,-,-
鑫龙家园莲花六号小区位置点,"ZDBZD-JS-2025-002255	","JFZDPT-JS-20250213-08107	",2023-08-01,2023-08-31,"1559570474	","3205104353226	",1.000000,100,100.000000,1449.200000,1599.650000,150.45,150.45,0.7628,150.45,-,-,-,-,-,-,-,-,-,-,-,-,-,-,-,-,-,-,-,-,-,-,101.56,13.2,-,-
鑫龙家园莲花六号小区位置点,"ZDBZD-JS-2025-002255	","JFZDPT-JS-20250213-08107	",2023-08-01,2023-08-31,"1547726877	","3205104472953	",1.000000,100,100.000000,3029.090000,3102.470000,73.38,73.38,0.7612,73.38,-,-,-,-,-,-,-,-,-,-,-,-,-,-,-,-,-,-,-,-,-,-,49.43,6.43,-,-
鑫龙家园莲花六号小区位置点,"ZDBZD-JS-2025-002255	","JFZDPT-JS-20250213-08107	",2023-08-01,2023-08-31,"1547633945	","3205104472957	",1.000000,100,100.000000,3610.890000,3710.960000,100.07,100.07,0.7647,100.07,-,-,-,-,-,-,-,-,-,-,-,-,-,-,-,-,-,-,-,-,-,-,67.72,8.8,-,-
鑫龙家园莲花六号小区位置点,"ZDBZD-JS-2025-002255	","JFZDPT-JS-20250213-08107	",2023-08-01,2023-08-31,"1547633944	","3205104472959	",1.000000,100,100.000000,2973.770000,3045.260000,71.49,71.49,0.76,71.49,-,-,-,-,-,-,-,-,-,-,-,-,-,-,-,-,-,-,-,-,-,-,48.08,6.25,-,-
鑫龙家园莲花六号小区位置点,"ZDBZD-JS-2025-002255	","JFZDPT-JS-20250213-08107	",2023-08-01,2023-08-31,"1547633946	","3205104472963	",1.000000,100,100.000000,2836.640000,2910.910000,74.27,74.27,0.7624,74.27,-,-,-,-,-,-,-,-,-,-,-,-,-,-,-,-,-,-,-,-,-,-,50.11,6.51,-,-
鑫龙家园莲花六号小区位置点,"ZDBZD-JS-2025-002255	","JFZDPT-JS-20250213-08107	",2023-08-01,2023-08-31,"1547634578	","3205104472970	",1.000000,100,100.000000,2429.600000,2483.260000,53.66,53.66,0.77,53.66,-,-,-,-,-,-,-,-,-,-,-,-,-,-,-,-,-,-,-,-,-,-,36.57,4.75,-,-
鑫龙家园莲花六号小区位置点,"ZDBZD-JS-2025-002255	","JFZDPT-JS-20250213-08107	",2023-08-01,2023-08-31,"1547728488	","3205104474427	",1.000000,100,100.000000,3000.920000,3073.080000,72.16,72.16,0.7634,72.16,-,-,-,-,-,-,-,-,-,-,-,-,-,-,-,-,-,-,-,-,-,-,48.75,6.34,-,-
鑫龙家园莲花六号小区位置点,"ZDBZD-JS-2025-002255	","JFZDPT-JS-20250213-08107	",2023-08-01,2023-08-31,"1547719754	","3205104474457	",1.000000,100,100.000000,7479.640000,7638.240000,158.6,158.6,0.7671,158.6,-,-,-,-,-,-,-,-,-,-,-,-,-,-,-,-,-,-,-,-,-,-,107.66,14,-,-
鑫龙家园莲花六号小区位置点,"ZDBZD-JS-2025-002255	","JFZDPT-JS-20250213-08107	",2023-08-01,2023-08-31,"1547728484	","3205104474463	",1.000000,100,100.000000,2367.510000,2439.130000,71.62,71.62,0.7692,71.62,-,-,-,-,-,-,-,-,-,-,-,-,-,-,-,-,-,-,-,-,-,-,48.75,6.34,-,-
鑫龙家园莲花六号小区位置点,"ZDBZD-JS-2025-002255	","JFZDPT-JS-20250213-08107	",2023-08-01,2023-08-31,"1547719759	","3205104474467	",1.000000,100,100.000000,3109.590000,3118.440000,8.85,8.85,0.7785,8.85,-,-,-,-,-,-,-,-,-,-,-,-,-,-,-,-,-,-,-,-,-,-,6.1,0.79,-,-
鑫龙家园莲花六号小区位置点,"ZDBZD-JS-2025-002255	","JFZDPT-JS-20250213-08107	",2023-08-01,2023-08-31,"1534271368	","3205104476753	",1.000000,100,100.000000,2826.650000,2884.580000,57.93,57.93,0.7661,57.93,-,-,-,-,-,-,-,-,-,-,-,-,-,-,-,-,-,-,-,-,-,-,39.27,5.11,-,-
鑫龙家园莲花六号小区位置点,"ZDBZD-JS-2025-002255	","JFZDPT-JS-20250213-08107	",2023-08-01,2023-08-31,"1542462053	","3205104476756	",1.000000,100,100.000000,2578.570000,2634.180000,55.61,55.61,0.7705,55.61,-,-,-,-,-,-,-,-,-,-,-,-,-,-,-,-,-,-,-,-,-,-,37.92,4.93,-,-
鑫龙家园莲花六号小区位置点,"ZDBZD-JS-2025-002255	","JFZDPT-JS-20250213-08107	",2023-08-01,2023-08-31,"1534365028	","3205104476757	",1.000000,100,100.000000,2942.110000,3001.870000,59.76,59.76,0.7682,59.76,-,-,-,-,-,-,-,-,-,-,-,-,-,-,-,-,-,-,-,-,-,-,40.63,5.28,-,-
鑫龙家园莲花六号小区位置点,"ZDBZD-JS-2025-002255	","JFZDPT-JS-20250213-08107	",2023-08-01,2023-08-31,"1535669055	","3205104476759	",1.000000,100,100.000000,4096.790000,4178.820000,82.03,82.03,0.7648,82.03,-,-,-,-,-,-,-,-,-,-,-,-,-,-,-,-,-,-,-,-,-,-,55.52,7.22,-,-
鑫龙家园莲花六号小区位置点,"ZDBZD-JS-2025-002255	","JFZDPT-JS-20250213-08107	",2023-08-01,2023-08-31,"1535960714	","3205104476763	",1.000000,100,100.000000,6413.550000,6550.480000,136.93,136.93,0.7656,136.93,-,-,-,-,-,-,-,-,-,-,-,-,-,-,-,-,-,-,-,-,-,-,92.77,12.06,-,-
鑫龙家园莲花六号小区位置点,"ZDBZD-JS-2025-002255	","JFZDPT-JS-20250213-08107	",2023-08-01,2023-08-31,"1543218796	","3205104476766	",1.000000,100,100.000000,3159.050000,3231.710000,72.66,72.66,0.7688,72.66,-,-,-,-,-,-,-,-,-,-,-,-,-,-,-,-,-,-,-,-,-,-,49.43,6.43,-,-
鑫龙家园莲花六号小区位置点,"ZDBZD-JS-2025-002255	","JFZDPT-JS-20250213-08107	",2023-08-01,2023-08-31,"1539721710	","3205104476768	",1.000000,100,100.000000,3058.880000,3129.180000,70.3,70.3,0.7619,70.3,-,-,-,-,-,-,-,-,-,-,-,-,-,-,-,-,-,-,-,-,-,-,47.4,6.16,-,-
鑫龙家园莲花六号小区位置点,"ZDBZD-JS-2025-002255	","JFZDPT-JS-20250213-08107	",2023-08-01,2023-08-31,"1534340339	","3205104476772	",1.000000,100,100.000000,2212.640000,2284.550000,71.91,71.91,0.7661,71.91,-,-,-,-,-,-,-,-,-,-,-,-,-,-,-,-,-,-,-,-,-,-,48.75,6.34,-,-
鑫龙家园莲花六号小区位置点,"ZDBZD-JS-2025-002255	","JFZDPT-JS-20250213-08107	",2023-08-01,2023-08-31,"1542222948	","3205104476774	",1.000000,100,100.000000,2851.490000,2911.470000,59.98,59.98,0.7654,59.98,-,-,-,-,-,-,-,-,-,-,-,-,-,-,-,-,-,-,-,-,-,-,40.63,5.28,-,-
鑫龙家园莲花六号小区位置点,"ZDBZD-JS-2025-002255	","JFZDPT-JS-20250213-08107	",2023-08-01,2023-08-31,"1536674431	","3205104477226	",1.000000,100,100.000000,3418.890000,3496.620000,77.73,77.73,0.7678,77.73,-,-,-,-,-,-,-,-,-,-,-,-,-,-,-,-,-,-,-,-,-,-,52.81,6.87,-,-
鑫龙家园莲花六号小区位置点,"ZDBZD-JS-2025-002255	","JFZDPT-JS-20250213-08107	",2023-08-01,2023-08-31,"1536129515	","3205104477228	",1.000000,100,100.000000,3104.220000,3176.560000,72.34,72.34,0.7615,72.34,-,-,-,-,-,-,-,-,-,-,-,-,-,-,-,-,-,-,-,-,-,-,48.75,6.34,-,-
鑫龙家园莲花六号小区位置点,"ZDBZD-JS-2025-002255	","JFZDPT-JS-20250213-08107	",2023-08-01,2023-08-31,"1539373623	","3205104477230	",1.000000,100,100.000000,2953.670000,3008.000000,54.33,54.33,0.7605,54.33,-,-,-,-,-,-,-,-,-,-,-,-,-,-,-,-,-,-,-,-,-,-,36.57,4.75,-,-
鑫龙家园莲花六号小区位置点,"ZDBZD-JS-2025-002255	","JFZDPT-JS-20250213-08107	",2023-08-01,2023-08-31,"1543105444	","3205104477232	",1.000000,100,100.000000,2535.140000,2580.120000,44.98,44.98,0.7655,44.98,-,-,-,-,-,-,-,-,-,-,-,-,-,-,-,-,-,-,-,-,-,-,30.47,3.96,-,-
鑫龙家园莲花六号小区位置点,"ZDBZD-JS-2025-002255	","JFZDPT-JS-20250213-08107	",2023-08-01,2023-08-31,"1544951755	","3205104477235	",1.000000,100,100.000000,3117.330000,3189.760000,72.43,72.43,0.7606,72.43,-,-,-,-,-,-,-,-,-,-,-,-,-,-,-,-,-,-,-,-,-,-,48.75,6.34,-,-
鑫龙家园莲花六号小区位置点,"ZDBZD-JS-2025-002255	","JFZDPT-JS-20250213-08107	",2023-08-01,2023-08-31,"1544684094	","3205104477238	",1.000000,100,100.000000,3055.970000,3093.340000,37.37,37.37,0.7576,37.37,-,-,-,-,-,-,-,-,-,-,-,-,-,-,-,-,-,-,-,-,-,-,25.05,3.26,-,-
鑫龙家园莲花六号小区位置点,"ZDBZD-JS-2025-002255	","JFZDPT-JS-20250213-08107	",2023-08-01,2023-08-31,"1539602549	","3205104477339	",1.000000,100,100.000000,3127.030000,3129.990000,2.96,2.96,0.777,2.96,-,-,-,-,-,-,-,-,-,-,-,-,-,-,-,-,-,-,-,-,-,-,2.04,0.26,-,-
鑫龙家园莲花六号小区位置点,"ZDBZD-JS-2025-002255	","JFZDPT-JS-20250213-08107	",2023-08-01,2023-08-31,"1546160843	","3205104477340	",1.000000,100,100.000000,3150.330000,3222.660000,72.33,72.33,0.7616,72.33,-,-,-,-,-,-,-,-,-,-,-,-,-,-,-,-,-,-,-,-,-,-,48.75,6.34,-,-
鑫龙家园莲花六号小区位置点,"ZDBZD-JS-2025-002255	","JFZDPT-JS-20250213-08107	",2023-08-01,2023-08-31,"1546168926	","3205104477341	",1.000000,100,100.000000,3624.600000,3708.610000,84.01,84.01,0.765,84.01,-,-,-,-,-,-,-,-,-,-,-,-,-,-,-,-,-,-,-,-,-,-,56.88,7.39,-,-
鑫龙家园莲花六号小区位置点,"ZDBZD-JS-2025-002255	","JFZDPT-JS-20250213-08107	",2023-08-01,2023-08-31,"1542466276	","3205104477344	",1.000000,100,100.000000,2684.090000,2753.160000,69.07,69.07,0.7644,69.07,-,-,-,-,-,-,-,-,-,-,-,-,-,-,-,-,-,-,-,-,-,-,46.73,6.07,-,-
鑫龙家园莲花六号小区位置点,"ZDBZD-JS-2025-002255	","JFZDPT-JS-20250213-08107	",2023-08-01,2023-08-31,"1536129516	","3205104477350	",1.000000,100,100.000000,3728.090000,3779.000000,50.91,50.91,0.7665,50.91,-,-,-,-,-,-,-,-,-,-,-,-,-,-,-,-,-,-,-,-,-,-,34.53,4.49,-,-
鑫龙家园莲花六号小区位置点,"ZDBZD-JS-2025-002255	","JFZDPT-JS-20250212-08157	",2022-12-01,2022-12-31,"1534337708	","3205104313087	",1.000000,100,100.000000,2448.060000,2496.600000,48.54,48.54,0.7417,48.54,-,-,-,-,-,-,-,-,-,-,-,-,-,-,-,-,-,-,-,-,-,-,31.86,4.14,-,-
鑫龙家园莲花六号小区位置点,"ZDBZD-JS-2025-002255	","JFZDPT-JS-20250212-08157	",2022-12-01,2022-12-31,"1534339435	","3205104313426	",1.000000,100,100.000000,1703.410000,1737.620000,34.21,34.21,0.7302,34.21,-,-,-,-,-,-,-,-,-,-,-,-,-,-,-,-,-,-,-,-,-,-,22.11,2.87,-,-
鑫龙家园莲花六号小区位置点,"ZDBZD-JS-2025-002255	","JFZDPT-JS-20250212-08157	",2022-12-01,2022-12-31,"1534349171	","3205104313433	",1.000000,100,100.000000,1686.630000,1719.770000,33.14,33.14,0.7317,33.14,-,-,-,-,-,-,-,-,-,-,-,-,-,-,-,-,-,-,-,-,-,-,21.46,2.79,-,-
鑫龙家园莲花六号小区位置点,"ZDBZD-JS-2025-002255	","JFZDPT-JS-20250212-08157	",2022-12-01,2022-12-31,"1554157659	","3205104313437	",1.000000,100,100.000000,1702.940000,1736.070000,33.13,33.13,0.732,33.13,-,-,-,-,-,-,-,-,-,-,-,-,-,-,-,-,-,-,-,-,-,-,21.46,2.79,-,-
鑫龙家园莲花六号小区位置点,"ZDBZD-JS-2025-002255	","JFZDPT-JS-20250212-08157	",2022-12-01,2022-12-31,"1534339430	","3205104313446	",1.000000,100,100.000000,1619.740000,1653.040000,33.3,33.3,0.7282,33.3,-,-,-,-,-,-,-,-,-,-,-,-,-,-,-,-,-,-,-,-,-,-,21.46,2.79,-,-
鑫龙家园莲花六号小区位置点,"ZDBZD-JS-2025-002255	","JFZDPT-JS-20250212-08157	",2022-12-01,2022-12-31,"1534337522	","3205104313451	",1.000000,100,100.000000,1799.290000,1836.110000,36.82,36.82,0.7385,36.82,-,-,-,-,-,-,-,-,-,-,-,-,-,-,-,-,-,-,-,-,-,-,24.06,3.13,-,-
鑫龙家园莲花六号小区位置点,"ZDBZD-JS-2025-002255	","JFZDPT-JS-20250212-08157	",2022-12-01,2022-12-31,"1528107567	","3205104315707	",1.000000,100,100.000000,2406.940000,2453.940000,47,47,0.7347,47,-,-,-,-,-,-,-,-,-,-,-,-,-,-,-,-,-,-,-,-,-,-,30.56,3.97,-,-
鑫龙家园莲花六号小区位置点,"ZDBZD-JS-2025-002255	","JFZDPT-JS-20250212-08157	",2022-12-01,2022-12-31,"1556867474	","3205104315719	",1.000000,100,100.000000,138.230000,171.800000,33.57,33.57,0.7441,33.57,-,-,-,-,-,-,-,-,-,-,-,-,-,-,-,-,-,-,-,-,-,-,22.11,2.87,-,-
鑫龙家园莲花六号小区位置点,"ZDBZD-JS-2025-002255	","JFZDPT-JS-20250212-08157	",2022-12-01,2022-12-31,"1528102930	","3205104315726	",1.000000,100,100.000000,1736.870000,1770.600000,33.73,33.73,0.7406,33.73,-,-,-,-,-,-,-,-,-,-,-,-,-,-,-,-,-,-,-,-,-,-,22.11,2.87,-,-
鑫龙家园莲花六号小区位置点,"ZDBZD-JS-2025-002255	","JFZDPT-JS-20250212-08157	",2022-12-01,2022-12-31,"1559570474	","3205104353226	",1.000000,100,100.000000,2354.820000,351.310000,99997996.49,"99,997,996.49",0.735,99997996.49,-,-,-,-,-,-,-,-,-,-,-,-,-,-,-,-,-,-,-,-,-,-,65042944.62,8455582.8,-,-
鑫龙家园莲花六号小区位置点,"ZDBZD-JS-2025-002255	","JFZDPT-JS-20250212-08157	",2022-12-01,2022-12-31,"1547726877	","3205104472953	",1.000000,100,100.000000,2458.720000,2531.320000,72.6,72.6,0.7388,72.6,-,-,-,-,-,-,-,-,-,-,-,-,-,-,-,-,-,-,-,-,-,-,47.47,6.17,-,-
鑫龙家园莲花六号小区位置点,"ZDBZD-JS-2025-002255	","JFZDPT-JS-20250212-08157	",2022-12-01,2022-12-31,"1547633945	","3205104472957	",1.000000,100,100.000000,2912.460000,2986.970000,74.51,74.51,0.7396,74.51,-,-,-,-,-,-,-,-,-,-,-,-,-,-,-,-,-,-,-,-,-,-,48.77,6.34,-,-
鑫龙家园莲花六号小区位置点,"ZDBZD-JS-2025-002255	","JFZDPT-JS-20250212-08157	",2022-12-01,2022-12-31,"1547633944	","3205104472959	",1.000000,100,100.000000,2418.420000,2489.060000,70.64,70.64,0.7385,70.64,-,-,-,-,-,-,-,-,-,-,-,-,-,-,-,-,-,-,-,-,-,-,46.17,6,-,-
鑫龙家园莲花六号小区位置点,"ZDBZD-JS-2025-002255	","JFZDPT-JS-20250212-08157	",2022-12-01,2022-12-31,"1547633946	","3205104472963	",1.000000,100,100.000000,2258.380000,2332.100000,73.72,73.72,0.7375,73.72,-,-,-,-,-,-,-,-,-,-,-,-,-,-,-,-,-,-,-,-,-,-,48.12,6.25,-,-
鑫龙家园莲花六号小区位置点,"ZDBZD-JS-2025-002255	","JFZDPT-JS-20250212-08157	",2022-12-01,2022-12-31,"1547634578	","3205104472970	",1.000000,100,100.000000,2013.040000,2065.940000,52.9,52.9,0.7361,52.9,-,-,-,-,-,-,-,-,-,-,-,-,-,-,-,-,-,-,-,-,-,-,34.46,4.48,-,-
鑫龙家园莲花六号小区位置点,"ZDBZD-JS-2025-002255	","JFZDPT-JS-20250212-08157	",2022-12-01,2022-12-31,"1547728488	","3205104474427	",1.000000,100,100.000000,2436.420000,2508.570000,72.15,72.15,0.7332,72.15,-,-,-,-,-,-,-,-,-,-,-,-,-,-,-,-,-,-,-,-,-,-,46.81,6.09,-,-
鑫龙家园莲花六号小区位置点,"ZDBZD-JS-2025-002255	","JFZDPT-JS-20250212-08157	",2022-12-01,2022-12-31,"1547719754	","3205104474457	",1.000000,100,100.000000,6208.930000,6373.250000,164.32,164.32,0.7333,164.32,-,-,-,-,-,-,-,-,-,-,-,-,-,-,-,-,-,-,-,-,-,-,106.64,13.86,-,-
鑫龙家园莲花六号小区位置点,"ZDBZD-JS-2025-002255	","JFZDPT-JS-20250212-08157	",2022-12-01,2022-12-31,"1547728484	","3205104474463	",1.000000,100,100.000000,2026.040000,2026.040000,0,0,0.7441,0,-,-,-,-,-,-,-,-,-,-,-,-,-,-,-,-,-,-,-,-,-,-,0,0,-,-
鑫龙家园莲花六号小区位置点,"ZDBZD-JS-2025-002255	","JFZDPT-JS-20250212-08157	",2022-12-01,2022-12-31,"1547719759	","3205104474467	",1.000000,100,100.000000,2561.460000,2633.630000,72.17,72.17,0.733,72.17,-,-,-,-,-,-,-,-,-,-,-,-,-,-,-,-,-,-,-,-,-,-,46.81,6.09,-,-
鑫龙家园莲花六号小区位置点,"ZDBZD-JS-2025-002255	","JFZDPT-JS-20250212-08157	",2022-12-01,2022-12-31,"1534271368	","3205104476753	",1.000000,100,100.000000,2335.510000,2405.380000,69.87,69.87,0.7361,69.87,-,-,-,-,-,-,-,-,-,-,-,-,-,-,-,-,-,-,-,-,-,-,45.51,5.92,-,-
鑫龙家园莲花六号小区位置点,"ZDBZD-JS-2025-002255	","JFZDPT-JS-20250212-08157	",2022-12-01,2022-12-31,"1542462053	","3205104476756	",1.000000,100,100.000000,2142.760000,2198.530000,55.77,55.77,0.7379,55.77,-,-,-,-,-,-,-,-,-,-,-,-,-,-,-,-,-,-,-,-,-,-,36.42,4.73,-,-
鑫龙家园莲花六号小区位置点,"ZDBZD-JS-2025-002255	","JFZDPT-JS-20250212-08157	",2022-12-01,2022-12-31,"1534365028	","3205104476757	",1.000000,100,100.000000,2425.940000,2499.700000,73.76,73.76,0.7371,73.76,-,-,-,-,-,-,-,-,-,-,-,-,-,-,-,-,-,-,-,-,-,-,48.12,6.25,-,-
鑫龙家园莲花六号小区位置点,"ZDBZD-JS-2025-002255	","JFZDPT-JS-20250212-08157	",2022-12-01,2022-12-31,"1535669055	","3205104476759	",1.000000,100,100.000000,3395.780000,3496.340000,100.56,100.56,0.738,100.56,-,-,-,-,-,-,-,-,-,-,-,-,-,-,-,-,-,-,-,-,-,-,65.67,8.54,-,-
鑫龙家园莲花六号小区位置点,"ZDBZD-JS-2025-002255	","JFZDPT-JS-20250212-08157	",2022-12-01,2022-12-31,"1535960714	","3205104476763	",1.000000,100,100.000000,5341.640000,5480.510000,138.87,138.87,0.7354,138.87,-,-,-,-,-,-,-,-,-,-,-,-,-,-,-,-,-,-,-,-,-,-,90.37,11.75,-,-
鑫龙家园莲花六号小区位置点,"ZDBZD-JS-2025-002255	","JFZDPT-JS-20250212-08157	",2022-12-01,2022-12-31,"1543218796	","3205104476766	",1.000000,100,100.000000,2592.260000,2664.700000,72.44,72.44,0.7303,72.44,-,-,-,-,-,-,-,-,-,-,-,-,-,-,-,-,-,-,-,-,-,-,46.81,6.09,-,-
鑫龙家园莲花六号小区位置点,"ZDBZD-JS-2025-002255	","JFZDPT-JS-20250212-08157	",2022-12-01,2022-12-31,"1539721710	","3205104476768	",1.000000,100,100.000000,2512.680000,2582.180000,69.5,69.5,0.74,69.5,-,-,-,-,-,-,-,-,-,-,-,-,-,-,-,-,-,-,-,-,-,-,45.51,5.92,-,-
鑫龙家园莲花六号小区位置点,"ZDBZD-JS-2025-002255	","JFZDPT-JS-20250212-08157	",2022-12-01,2022-12-31,"1534340339	","3205104476772	",1.000000,100,100.000000,1734.020000,1781.350000,47.33,47.33,0.7296,47.33,-,-,-,-,-,-,-,-,-,-,-,-,-,-,-,-,-,-,-,-,-,-,30.56,3.97,-,-
鑫龙家园莲花六号小区位置点,"ZDBZD-JS-2025-002255	","JFZDPT-JS-20250212-08157	",2022-12-01,2022-12-31,"1542222948	","3205104476774	",1.000000,100,100.000000,2385.660000,2443.830000,58.17,58.17,0.7327,58.17,-,-,-,-,-,-,-,-,-,-,-,-,-,-,-,-,-,-,-,-,-,-,37.72,4.9,-,-
鑫龙家园莲花六号小区位置点,"ZDBZD-JS-2025-002255	","JFZDPT-JS-20250212-08157	",2022-12-01,2022-12-31,"1536674431	","3205104477226	",1.000000,100,100.000000,2815.500000,2892.150000,76.65,76.65,0.7382,76.65,-,-,-,-,-,-,-,-,-,-,-,-,-,-,-,-,-,-,-,-,-,-,50.07,6.51,-,-
鑫龙家园莲花六号小区位置点,"ZDBZD-JS-2025-002255	","JFZDPT-JS-20250212-08157	",2022-12-01,2022-12-31,"1536129515	","3205104477228	",1.000000,100,100.000000,2540.860000,2612.640000,71.78,71.78,0.737,71.78,-,-,-,-,-,-,-,-,-,-,-,-,-,-,-,-,-,-,-,-,-,-,46.81,6.09,-,-
鑫龙家园莲花六号小区位置点,"ZDBZD-JS-2025-002255	","JFZDPT-JS-20250212-08157	",2022-12-01,2022-12-31,"1539373623	","3205104477230	",1.000000,100,100.000000,2454.890000,2527.810000,72.92,72.92,0.7356,72.92,-,-,-,-,-,-,-,-,-,-,-,-,-,-,-,-,-,-,-,-,-,-,47.47,6.17,-,-
鑫龙家园莲花六号小区位置点,"ZDBZD-JS-2025-002255	","JFZDPT-JS-20250212-08157	",2022-12-01,2022-12-31,"1543105444	","3205104477232	",1.000000,100,100.000000,2182.320000,2227.510000,45.19,45.19,0.7316,45.19,-,-,-,-,-,-,-,-,-,-,-,-,-,-,-,-,-,-,-,-,-,-,29.26,3.8,-,-
鑫龙家园莲花六号小区位置点,"ZDBZD-JS-2025-002255	","JFZDPT-JS-20250212-08157	",2022-12-01,2022-12-31,"1544951755	","3205104477235	",1.000000,100,100.000000,2549.930000,2622.670000,72.74,72.74,0.7374,72.74,-,-,-,-,-,-,-,-,-,-,-,-,-,-,-,-,-,-,-,-,-,-,47.47,6.17,-,-
鑫龙家园莲花六号小区位置点,"ZDBZD-JS-2025-002255	","JFZDPT-JS-20250212-08157	",2022-12-01,2022-12-31,"1544684094	","3205104477238	",1.000000,100,100.000000,2506.850000,2576.620000,69.77,69.77,0.7371,69.77,-,-,-,-,-,-,-,-,-,-,-,-,-,-,-,-,-,-,-,-,-,-,45.51,5.92,-,-
鑫龙家园莲花六号小区位置点,"ZDBZD-JS-2025-002255	","JFZDPT-JS-20250212-08157	",2022-12-01,2022-12-31,"1539602549	","3205104477339	",1.000000,100,100.000000,2622.410000,2694.910000,72.5,72.5,0.7399,72.5,-,-,-,-,-,-,-,-,-,-,-,-,-,-,-,-,-,-,-,-,-,-,47.47,6.17,-,-
鑫龙家园莲花六号小区位置点,"ZDBZD-JS-2025-002255	","JFZDPT-JS-20250212-08157	",2022-12-01,2022-12-31,"1546160843	","3205104477340	",1.000000,100,100.000000,2586.930000,2658.930000,72,72,0.7347,72,-,-,-,-,-,-,-,-,-,-,-,-,-,-,-,-,-,-,-,-,-,-,46.81,6.09,-,-
鑫龙家园莲花六号小区位置点,"ZDBZD-JS-2025-002255	","JFZDPT-JS-20250212-08157	",2022-12-01,2022-12-31,"1546168926	","3205104477341	",1.000000,100,100.000000,2975.380000,3057.010000,81.63,81.63,0.7381,81.63,-,-,-,-,-,-,-,-,-,-,-,-,-,-,-,-,-,-,-,-,-,-,53.32,6.93,-,-
鑫龙家园莲花六号小区位置点,"ZDBZD-JS-2025-002255	","JFZDPT-JS-20250212-08157	",2022-12-01,2022-12-31,"1542466276	","3205104477344	",1.000000,100,100.000000,2145.280000,2213.980000,68.7,68.7,0.738,68.7,-,-,-,-,-,-,-,-,-,-,-,-,-,-,-,-,-,-,-,-,-,-,44.87,5.83,-,-
鑫龙家园莲花六号小区位置点,"ZDBZD-JS-2025-002255	","JFZDPT-JS-20250212-08157	",2022-12-01,2022-12-31,"1536129516	","3205104477350	",1.000000,100,100.000000,3303.160000,3377.680000,74.52,74.52,0.7395,74.52,-,-,-,-,-,-,-,-,-,-,-,-,-,-,-,-,-,-,-,-,-,-,48.77,6.34,-,-
鑫龙家园莲花六号小区位置点,"ZDBZD-JS-2025-002255	","JFZDPT-JS-20260612-04669	",2026-05-01,2026-05-31,"1534337708	","3205104313087	",1.000000,100,100.000000,4123.570000,4123.570000,0,0,0.68,0,-,-,-,-,-,-,-,-,-,-,-,-,-,-,-,-,-,-,-,-,-,-,0,0,-,-
鑫龙家园莲花六号小区位置点,"ZDBZD-JS-2025-002255	","JFZDPT-JS-20260612-04669	",2026-05-01,2026-05-31,"1534339435	","3205104313426	",1.000000,100,100.000000,3079.030000,3107.590000,28.56,28.56,0.67018,28.56,-,-,-,-,-,-,-,-,-,-,-,-,-,-,-,-,-,-,-,-,-,-,16.938355,2.201986,-,-
鑫龙家园莲花六号小区位置点,"ZDBZD-JS-2025-002255	","JFZDPT-JS-20260612-04669	",2026-05-01,2026-05-31,"1534349171	","3205104313433	",1.000000,100,100.000000,2828.050000,2828.050000,0,0,0.68,0,-,-,-,-,-,-,-,-,-,-,-,-,-,-,-,-,-,-,-,-,-,-,0,0,-,-
鑫龙家园莲花六号小区位置点,"ZDBZD-JS-2025-002255	","JFZDPT-JS-20260612-04669	",2026-05-01,2026-05-31,"1554157659	","3205104313437	",1.000000,100,100.000000,417.020000,417.020000,0,0,0.68,0,-,-,-,-,-,-,-,-,-,-,-,-,-,-,-,-,-,-,-,-,-,-,0,0,-,-
鑫龙家园莲花六号小区位置点,"ZDBZD-JS-2025-002255	","JFZDPT-JS-20260612-04669	",2026-05-01,2026-05-31,"1534339430	","3205104313446	",1.000000,100,100.000000,2757.930000,2757.930000,0,0,0.68,0,-,-,-,-,-,-,-,-,-,-,-,-,-,-,-,-,-,-,-,-,-,-,0,0,-,-
鑫龙家园莲花六号小区位置点,"ZDBZD-JS-2025-002255	","JFZDPT-JS-20260612-04669	",2026-05-01,2026-05-31,"1534337522	","3205104313451	",1.000000,100,100.000000,2991.570000,2991.570000,0,0,0.68,0,-,-,-,-,-,-,-,-,-,-,-,-,-,-,-,-,-,-,-,-,-,-,0,0,-,-
鑫龙家园莲花六号小区位置点,"ZDBZD-JS-2025-002255	","JFZDPT-JS-20260612-04669	",2026-05-01,2026-05-31,"1528107567	","3205104315707	",1.000000,100,100.000000,4032.540000,4032.540000,0,0,0.68,0,-,-,-,-,-,-,-,-,-,-,-,-,-,-,-,-,-,-,-,-,-,-,0,0,-,-
鑫龙家园莲花六号小区位置点,"ZDBZD-JS-2025-002255	","JFZDPT-JS-20260612-04669	",2026-05-01,2026-05-31,"1556867474	","3205104315719	",1.000000,100,100.000000,1320.600000,1320.600000,0,0,0.68,0,-,-,-,-,-,-,-,-,-,-,-,-,-,-,-,-,-,-,-,-,-,-,0,0,-,-
鑫龙家园莲花六号小区位置点,"ZDBZD-JS-2025-002255	","JFZDPT-JS-20260612-04669	",2026-05-01,2026-05-31,"1528102930	","3205104315726	",1.000000,100,100.000000,2992.150000,3025.190000,33.04,33.04,0.658857,33.04,-,-,-,-,-,-,-,-,-,-,-,-,-,-,-,-,-,-,-,-,-,-,19.264279,2.504356,-,-
鑫龙家园莲花六号小区位置点,"ZDBZD-JS-2025-002255	","JFZDPT-JS-20260612-04669	",2026-05-01,2026-05-31,"1559570474	","3205104353226	",1.000000,100,100.000000,6013.320000,6149.510000,136.19,136.19,0.658683,136.19,-,-,-,-,-,-,-,-,-,-,-,-,-,-,-,-,-,-,-,-,-,-,79.385874,10.320164,-,-
鑫龙家园莲花六号小区位置点,"ZDBZD-JS-2025-002255	","JFZDPT-JS-20260612-04669	",2026-05-01,2026-05-31,"1547726877	","3205104472953	",1.000000,100,100.000000,5389.380000,5452.140000,62.76,62.76,0.662283,62.76,-,-,-,-,-,-,-,-,-,-,-,-,-,-,-,-,-,-,-,-,-,-,36.783081,4.7818,-,-
鑫龙家园莲花六号小区位置点,"ZDBZD-JS-2025-002255	","JFZDPT-JS-20260612-04669	",2026-05-01,2026-05-31,"1547633945	","3205104472957	",1.000000,100,100.000000,6827.390000,6912.140000,84.75,84.75,0.661691,84.75,-,-,-,-,-,-,-,-,-,-,-,-,-,-,-,-,-,-,-,-,-,-,49.626825,6.451487,-,-
鑫龙家园莲花六号小区位置点,"ZDBZD-JS-2025-002255	","JFZDPT-JS-20260612-04669	",2026-05-01,2026-05-31,"1547633944	","3205104472959	",1.000000,100,100.000000,5268.130000,5329.720000,61.59,61.59,0.664219,61.59,-,-,-,-,-,-,-,-,-,-,-,-,-,-,-,-,-,-,-,-,-,-,36.202874,4.706374,-,-
鑫龙家园莲花六号小区位置点,"ZDBZD-JS-2025-002255	","JFZDPT-JS-20260612-04669	",2026-05-01,2026-05-31,"1547633946	","3205104472963	",1.000000,100,100.000000,5131.090000,5191.100000,60.01,60.01,0.659485,60.01,-,-,-,-,-,-,-,-,-,-,-,-,-,-,-,-,-,-,-,-,-,-,35.022739,4.552956,-,-
鑫龙家园莲花六号小区位置点,"ZDBZD-JS-2025-002255	","JFZDPT-JS-20260612-04669	",2026-05-01,2026-05-31,"1547634578	","3205104472970	",1.000000,100,100.000000,3970.950000,4015.690000,44.74,44.74,0.663716,44.74,-,-,-,-,-,-,-,-,-,-,-,-,-,-,-,-,-,-,-,-,-,-,26.278455,3.416199,-,-
鑫龙家园莲花六号小区位置点,"ZDBZD-JS-2025-002255	","JFZDPT-JS-20260612-04669	",2026-05-01,2026-05-31,"1547728488	","3205104474427	",1.000000,100,100.000000,5260.090000,5320.160000,60.07,60.07,0.658797,60.07,-,-,-,-,-,-,-,-,-,-,-,-,-,-,-,-,-,-,-,-,-,-,35.021182,4.552754,-,-
鑫龙家园莲花六号小区位置点,"ZDBZD-JS-2025-002255	","JFZDPT-JS-20260612-04669	",2026-05-01,2026-05-31,"1547719754	","3205104474457	",1.000000,100,100.000000,12735.920000,12892.290000,156.37,156.37,0.658008,156.37,-,-,-,-,-,-,-,-,-,-,-,-,-,-,-,-,-,-,-,-,-,-,91.055496,11.837215,-,-
鑫龙家园莲花六号小区位置点,"ZDBZD-JS-2025-002255	","JFZDPT-JS-20260612-04669	",2026-05-01,2026-05-31,"1547728484	","3205104474463	",1.000000,100,100.000000,4467.860000,4524.610000,56.75,56.75,0.662759,56.75,-,-,-,-,-,-,-,-,-,-,-,-,-,-,-,-,-,-,-,-,-,-,33.284578,4.326995,-,-
鑫龙家园莲花六号小区位置点,"ZDBZD-JS-2025-002255	","JFZDPT-JS-20260612-04669	",2026-05-01,2026-05-31,"1547719759	","3205104474467	",1.000000,100,100.000000,5188.680000,5249.130000,60.45,60.45,0.654471,60.45,-,-,-,-,-,-,-,-,-,-,-,-,-,-,-,-,-,-,-,-,-,-,35.011303,4.551469,-,-
鑫龙家园莲花六号小区位置点,"ZDBZD-JS-2025-002255	","JFZDPT-JS-20260612-04669	",2026-05-01,2026-05-31,"1542462053	","3205104476756	",1.000000,100,100.000000,4382.510000,4438.380000,55.87,55.87,0.661311,55.87,-,-,-,-,-,-,-,-,-,-,-,-,-,-,-,-,-,-,-,-,-,-,32.696855,4.250591,-,-
鑫龙家园莲花六号小区位置点,"ZDBZD-JS-2025-002255	","JFZDPT-JS-20260612-04669	",2026-05-01,2026-05-31,"1534365028	","3205104476757	",1.000000,100,100.000000,4956.870000,5016.680000,59.81,59.81,0.661789,59.81,-,-,-,-,-,-,-,-,-,-,-,-,-,-,-,-,-,-,-,-,-,-,35.027965,4.553635,-,-
鑫龙家园莲花六号小区位置点,"ZDBZD-JS-2025-002255	","JFZDPT-JS-20260612-04669	",2026-05-01,2026-05-31,"1535960714	","3205104476763	",1.000000,100,100.000000,10906.690000,11048.370000,141.68,141.68,0.661241,141.68,-,-,-,-,-,-,-,-,-,-,-,-,-,-,-,-,-,-,-,-,-,-,82.906748,10.777877,-,-
鑫龙家园莲花六号小区位置点,"ZDBZD-JS-2025-002255	","JFZDPT-JS-20260612-04669	",2026-05-01,2026-05-31,"1543218796	","3205104476766	",1.000000,100,100.000000,5500.230000,5572.630000,72.4,72.4,0.655821,72.4,-,-,-,-,-,-,-,-,-,-,-,-,-,-,-,-,-,-,-,-,-,-,42.018973,5.462467,-,-
鑫龙家园莲花六号小区位置点,"ZDBZD-JS-2025-002255	","JFZDPT-JS-20260612-04669	",2026-05-01,2026-05-31,"1539721710	","3205104476768	",1.000000,100,100.000000,5318.280000,5388.220000,69.94,69.94,0.660191,69.94,-,-,-,-,-,-,-,-,-,-,-,-,-,-,-,-,-,-,-,-,-,-,40.861734,5.312025,-,-
鑫龙家园莲花六号小区位置点,"ZDBZD-JS-2025-002255	","JFZDPT-JS-20260612-04669	",2026-05-01,2026-05-31,"1534340339	","3205104476772	",1.000000,100,100.000000,4530.770000,4602.590000,71.82,71.82,0.661355,71.82,-,-,-,-,-,-,-,-,-,-,-,-,-,-,-,-,-,-,-,-,-,-,42.034085,5.464431,-,-
鑫龙家园莲花六号小区位置点,"ZDBZD-JS-2025-002255	","JFZDPT-JS-20260612-04669	",2026-05-01,2026-05-31,"1542222948	","3205104476774	",1.000000,100,100.000000,4758.990000,4813.910000,54.92,54.92,0.660695,54.92,-,-,-,-,-,-,-,-,-,-,-,-,-,-,-,-,-,-,-,-,-,-,32.110946,4.174423,-,-
鑫龙家园莲花六号小区位置点,"ZDBZD-JS-2025-002255	","JFZDPT-JS-20260612-04669	",2026-05-01,2026-05-31,"1536674431	","3205104477226	",1.000000,100,100.000000,5913.520000,5965.780000,52.26,52.26,0.65621,52.26,-,-,-,-,-,-,-,-,-,-,-,-,-,-,-,-,-,-,-,-,-,-,30.348261,3.945274,-,-
鑫龙家园莲花六号小区位置点,"ZDBZD-JS-2025-002255	","JFZDPT-JS-20260612-04669	",2026-05-01,2026-05-31,"1536129515	","3205104477228	",1.000000,100,100.000000,5340.950000,5399.390000,58.44,58.44,0.654549,58.44,-,-,-,-,-,-,-,-,-,-,-,-,-,-,-,-,-,-,-,-,-,-,33.851189,4.400655,-,-
鑫龙家园莲花六号小区位置点,"ZDBZD-JS-2025-002255	","JFZDPT-JS-20260612-04669	",2026-05-01,2026-05-31,"1539373623	","3205104477230	",1.000000,100,100.000000,4899.390000,4953.600000,54.21,54.21,0.657005,54.21,-,-,-,-,-,-,-,-,-,-,-,-,-,-,-,-,-,-,-,-,-,-,31.518797,4.097444,-,-
鑫龙家园莲花六号小区位置点,"ZDBZD-JS-2025-002255	","JFZDPT-JS-20260612-04669	",2026-05-01,2026-05-31,"1543105444	","3205104477232	",1.000000,100,100.000000,3953.940000,3992.760000,38.82,38.82,0.662769,38.82,-,-,-,-,-,-,-,-,-,-,-,-,-,-,-,-,-,-,-,-,-,-,22.768755,2.959938,-,-
鑫龙家园莲花六号小区位置点,"ZDBZD-JS-2025-002255	","JFZDPT-JS-20260612-04669	",2026-05-01,2026-05-31,"1544951755	","3205104477235	",1.000000,100,100.000000,5368.710000,5427.310000,58.6,58.6,0.664457,58.6,-,-,-,-,-,-,-,-,-,-,-,-,-,-,-,-,-,-,-,-,-,-,34.457681,4.479499,-,-
鑫龙家园莲花六号小区位置点,"ZDBZD-JS-2025-002255	","JFZDPT-JS-20260612-04669	",2026-05-01,2026-05-31,"1539602549	","3205104477339	",1.000000,100,100.000000,4653.320000,4724.940000,71.62,71.62,0.663284,71.62,-,-,-,-,-,-,-,-,-,-,-,-,-,-,-,-,-,-,-,-,-,-,42.039292,5.465108,-,-
鑫龙家园莲花六号小区位置点,"ZDBZD-JS-2025-002255	","JFZDPT-JS-20260612-04669	",2026-05-01,2026-05-31,"1546160843	","3205104477340	",1.000000,100,100.000000,5440.920000,5513.510000,72.59,72.59,0.663533,72.59,-,-,-,-,-,-,-,-,-,-,-,-,-,-,-,-,-,-,-,-,-,-,42.624655,5.541205,-,-
鑫龙家园莲花六号小区位置点,"ZDBZD-JS-2025-002255	","JFZDPT-JS-20260612-04669	",2026-05-01,2026-05-31,"1546168926	","3205104477341	",1.000000,100,100.000000,6020.250000,6094.860000,74.61,74.61,0.663269,74.61,-,-,-,-,-,-,-,-,-,-,-,-,-,-,-,-,-,-,-,-,-,-,43.793363,5.693137,-,-
鑫龙家园莲花六号小区位置点,"ZDBZD-JS-2025-002255	","JFZDPT-JS-20260612-04669	",2026-05-01,2026-05-31,"1542466276	","3205104477344	",1.000000,100,100.000000,4907.540000,4976.780000,69.24,69.24,0.657342,69.24,-,-,-,-,-,-,-,-,-,-,-,-,-,-,-,-,-,-,-,-,-,-,40.278195,5.236165,-,-
鑫龙家园莲花六号小区位置点,"ZDBZD-JS-2025-002255	","JFZDPT-JS-20260612-04669	",2026-05-01,2026-05-31,"1536129516	","3205104477350	",1.000000,100,100.000000,6609.100000,6684.770000,75.67,75.67,0.662684,75.67,-,-,-,-,-,-,-,-,-,-,-,-,-,-,-,-,-,-,-,-,-,-,44.37637,5.768928,-,-
鑫龙家园莲花六号小区位置点,"ZDBZD-JS-2025-002255	","JFZDPT-JS-20250210-05513	",2020-11-01,2020-12-31,"1534337708	","3205104313087	",1.000000,100,100.000000,1277.600000,1371.360000,93.76,93.76,0.6379,93.76,-,-,-,-,-,-,-,-,-,-,-,-,-,-,-,-,-,-,-,-,-,-,52.93,6.88,-,-
鑫龙家园莲花六号小区位置点,"ZDBZD-JS-2025-002255	","JFZDPT-JS-20250210-05513	",2020-11-01,2020-12-31,"1534339435	","3205104313426	",1.000000,100,100.000000,883.410000,948.600000,65.19,65.19,0.6379,65.19,-,-,-,-,-,-,-,-,-,-,-,-,-,-,-,-,-,-,-,-,-,-,36.8,4.78,-,-
鑫龙家园莲花六号小区位置点,"ZDBZD-JS-2025-002255	","JFZDPT-JS-20250210-05513	",2020-11-01,2020-12-31,"1534349171	","3205104313433	",1.000000,100,100.000000,878.220000,942.650000,64.43,64.43,0.6379,64.43,-,-,-,-,-,-,-,-,-,-,-,-,-,-,-,-,-,-,-,-,-,-,36.37,4.73,-,-
鑫龙家园莲花六号小区位置点,"ZDBZD-JS-2025-002255	","JFZDPT-JS-20250210-05513	",2020-11-01,2020-12-31,"1554157659	","3205104313437	",1.000000,100,100.000000,888.450000,953.610000,65.16,65.16,0.6379,65.16,-,-,-,-,-,-,-,-,-,-,-,-,-,-,-,-,-,-,-,-,-,-,36.79,4.78,-,-
鑫龙家园莲花六号小区位置点,"ZDBZD-JS-2025-002255	","JFZDPT-JS-20250210-05513	",2020-11-01,2020-12-31,"1534339430	","3205104313446	",1.000000,100,100.000000,802.270000,867.370000,65.1,65.1,0.6379,65.1,-,-,-,-,-,-,-,-,-,-,-,-,-,-,-,-,-,-,-,-,-,-,36.75,4.78,-,-
鑫龙家园莲花六号小区位置点,"ZDBZD-JS-2025-002255	","JFZDPT-JS-20250210-05513	",2020-11-01,2020-12-31,"1534337522	","3205104313451	",1.000000,100,100.000000,951.510000,1018.330000,66.82,66.82,0.6379,66.82,-,-,-,-,-,-,-,-,-,-,-,-,-,-,-,-,-,-,-,-,-,-,37.72,4.9,-,-
鑫龙家园莲花六号小区位置点,"ZDBZD-JS-2025-002255	","JFZDPT-JS-20250210-05513	",2020-11-01,2020-12-31,"1528107567	","3205104315707	",1.000000,100,100.000000,1259.280000,1351.400000,92.12,92.12,0.6379,92.12,-,-,-,-,-,-,-,-,-,-,-,-,-,-,-,-,-,-,-,-,-,-,52,6.76,-,-
鑫龙家园莲花六号小区位置点,"ZDBZD-JS-2025-002255	","JFZDPT-JS-20250210-05513	",2020-11-01,2020-12-31,"1556867474	","3205104315719	",1.000000,100,100.000000,940.620000,1005.540000,64.92,64.92,0.6379,64.92,-,-,-,-,-,-,-,-,-,-,-,-,-,-,-,-,-,-,-,-,-,-,36.65,4.76,-,-
鑫龙家园莲花六号小区位置点,"ZDBZD-JS-2025-002255	","JFZDPT-JS-20250210-05513	",2020-11-01,2020-12-31,"1528102930	","3205104315726	",1.000000,100,100.000000,898.450000,965.520000,67.07,67.07,0.6379,67.07,-,-,-,-,-,-,-,-,-,-,-,-,-,-,-,-,-,-,-,-,-,-,37.86,4.92,-,-
鑫龙家园莲花六号小区位置点,"ZDBZD-JS-2025-002255	","JFZDPT-JS-20250210-05513	",2020-11-01,2020-12-31,"1559570474	","3205104353226	",1.000000,100,100.000000,2566.410000,2894.560000,328.15,328.15,0.6379,328.15,-,-,-,-,-,-,-,-,-,-,-,-,-,-,-,-,-,-,-,-,-,-,185.25,24.08,-,-
鑫龙家园莲花六号小区位置点,"ZDBZD-JS-2025-002255	","JFZDPT-JS-20250210-05513	",2020-11-01,2020-12-31,"1547726877	","3205104472953	",1.000000,100,100.000000,775.820000,889.820000,114,114,0.6379,114,-,-,-,-,-,-,-,-,-,-,-,-,-,-,-,-,-,-,-,-,-,-,64.35,8.37,-,-
鑫龙家园莲花六号小区位置点,"ZDBZD-JS-2025-002255	","JFZDPT-JS-20250210-05513	",2020-11-01,2020-12-31,"1547633945	","3205104472957	",1.000000,100,100.000000,1076.900000,1230.500000,153.6,153.6,0.6379,153.6,-,-,-,-,-,-,-,-,-,-,-,-,-,-,-,-,-,-,-,-,-,-,86.71,11.27,-,-
鑫龙家园莲花六号小区位置点,"ZDBZD-JS-2025-002255	","JFZDPT-JS-20250210-05513	",2020-11-01,2020-12-31,"1547633944	","3205104472959	",1.000000,100,100.000000,770.060000,883.290000,113.23,113.23,0.6379,113.23,-,-,-,-,-,-,-,-,-,-,-,-,-,-,-,-,-,-,-,-,-,-,63.92,8.31,-,-
鑫龙家园莲花六号小区位置点,"ZDBZD-JS-2025-002255	","JFZDPT-JS-20250210-05513	",2020-11-01,2020-12-31,"1547633946	","3205104472963	",1.000000,100,100.000000,647.240000,754.890000,107.65,107.65,0.6379,107.65,-,-,-,-,-,-,-,-,-,-,-,-,-,-,-,-,-,-,-,-,-,-,60.77,7.9,-,-
鑫龙家园莲花六号小区位置点,"ZDBZD-JS-2025-002255	","JFZDPT-JS-20250210-05513	",2020-11-01,2020-12-31,"1547634578	","3205104472970	",1.000000,100,100.000000,752.200000,813.460000,61.26,61.26,0.6379,61.26,-,-,-,-,-,-,-,-,-,-,-,-,-,-,-,-,-,-,-,-,-,-,34.58,4.5,-,-
鑫龙家园莲花六号小区位置点,"ZDBZD-JS-2025-002255	","JFZDPT-JS-20250210-05513	",2020-11-01,2020-12-31,"1547728488	","3205104474427	",1.000000,100,100.000000,768.300000,882.230000,113.93,113.93,0.6379,113.93,-,-,-,-,-,-,-,-,-,-,-,-,-,-,-,-,-,-,-,-,-,-,64.32,8.36,-,-
鑫龙家园莲花六号小区位置点,"ZDBZD-JS-2025-002255	","JFZDPT-JS-20250210-05513	",2020-11-01,2020-12-31,"1547719754	","3205104474457	",1.000000,100,100.000000,1994.120000,2307.360000,313.24,313.24,0.6379,313.24,-,-,-,-,-,-,-,-,-,-,-,-,-,-,-,-,-,-,-,-,-,-,176.83,22.99,-,-
鑫龙家园莲花六号小区位置点,"ZDBZD-JS-2025-002255	","JFZDPT-JS-20250210-05513	",2020-11-01,2020-12-31,"1547728484	","3205104474463	",1.000000,100,100.000000,777.630000,891.410000,113.78,113.78,0.6379,113.78,-,-,-,-,-,-,-,-,-,-,-,-,-,-,-,-,-,-,-,-,-,-,64.23,8.35,-,-
鑫龙家园莲花六号小区位置点,"ZDBZD-JS-2025-002255	","JFZDPT-JS-20250210-05513	",2020-11-01,2020-12-31,"1547719759	","3205104474467	",1.000000,100,100.000000,800.020000,938.380000,138.36,138.36,0.6379,138.36,-,-,-,-,-,-,-,-,-,-,-,-,-,-,-,-,-,-,-,-,-,-,78.11,10.15,-,-
鑫龙家园莲花六号小区位置点,"ZDBZD-JS-2025-002255	","JFZDPT-JS-20250210-05513	",2020-11-01,2020-12-31,"1534271368	","3205104476753	",1.000000,100,100.000000,733.510000,844.760000,111.25,111.25,0.6379,111.25,-,-,-,-,-,-,-,-,-,-,-,-,-,-,-,-,-,-,-,-,-,-,62.81,8.16,-,-
鑫龙家园莲花六号小区位置点,"ZDBZD-JS-2025-002255	","JFZDPT-JS-20250210-05513	",2020-11-01,2020-12-31,"1542462053	","3205104476756	",1.000000,100,100.000000,771.750000,881.960000,110.21,110.21,0.6379,110.21,-,-,-,-,-,-,-,-,-,-,-,-,-,-,-,-,-,-,-,-,-,-,62.21,8.09,-,-
鑫龙家园莲花六号小区位置点,"ZDBZD-JS-2025-002255	","JFZDPT-JS-20250210-05513	",2020-11-01,2020-12-31,"1534365028	","3205104476757	",1.000000,100,100.000000,734.120000,852.280000,118.16,118.16,0.6379,118.16,-,-,-,-,-,-,-,-,-,-,-,-,-,-,-,-,-,-,-,-,-,-,66.7,8.67,-,-
鑫龙家园莲花六号小区位置点,"ZDBZD-JS-2025-002255	","JFZDPT-JS-20250210-05513	",2020-11-01,2020-12-31,"1535669055	","3205104476759	",1.000000,100,100.000000,1101.650000,1259.280000,157.63,157.63,0.6379,157.63,-,-,-,-,-,-,-,-,-,-,-,-,-,-,-,-,-,-,-,-,-,-,88.98,11.57,-,-
鑫龙家园莲花六号小区位置点,"ZDBZD-JS-2025-002255	","JFZDPT-JS-20250210-05513	",2020-11-01,2020-12-31,"1535960714	","3205104476763	",1.000000,100,100.000000,1683.130000,1975.000000,291.87,291.87,0.6379,291.87,-,-,-,-,-,-,-,-,-,-,-,-,-,-,-,-,-,-,-,-,-,-,164.76,21.42,-,-
鑫龙家园莲花六号小区位置点,"ZDBZD-JS-2025-002255	","JFZDPT-JS-20250210-05513	",2020-11-01,2020-12-31,"1543218796	","3205104476766	",1.000000,100,100.000000,810.270000,952.980000,142.71,142.71,0.6379,142.71,-,-,-,-,-,-,-,-,-,-,-,-,-,-,-,-,-,-,-,-,-,-,80.56,10.47,-,-
鑫龙家园莲花六号小区位置点,"ZDBZD-JS-2025-002255	","JFZDPT-JS-20250210-05513	",2020-11-01,2020-12-31,"1539721710	","3205104476768	",1.000000,100,100.000000,796.560000,934.300000,137.74,137.74,0.6379,137.74,-,-,-,-,-,-,-,-,-,-,-,-,-,-,-,-,-,-,-,-,-,-,77.75,10.11,-,-
鑫龙家园莲花六号小区位置点,"ZDBZD-JS-2025-002255	","JFZDPT-JS-20250210-05513	",2020-11-01,2020-12-31,"1534340339	","3205104476772	",1.000000,100,100.000000,570.160000,663.390000,93.23,93.23,0.6379,93.23,-,-,-,-,-,-,-,-,-,-,-,-,-,-,-,-,-,-,-,-,-,-,52.63,6.84,-,-
鑫龙家园莲花六号小区位置点,"ZDBZD-JS-2025-002255	","JFZDPT-JS-20250210-05513	",2020-11-01,2020-12-31,"1542222948	","3205104476774	",1.000000,100,100.000000,775.660000,887.780000,112.12,112.12,0.6379,112.12,-,-,-,-,-,-,-,-,-,-,-,-,-,-,-,-,-,-,-,-,-,-,63.29,8.23,-,-
鑫龙家园莲花六号小区位置点,"ZDBZD-JS-2025-002255	","JFZDPT-JS-20250210-05513	",2020-11-01,2020-12-31,"1536674431	","3205104477226	",1.000000,100,100.000000,919.460000,1071.390000,151.93,151.93,0.6379,151.93,-,-,-,-,-,-,-,-,-,-,-,-,-,-,-,-,-,-,-,-,-,-,85.77,11.15,-,-
鑫龙家园莲花六号小区位置点,"ZDBZD-JS-2025-002255	","JFZDPT-JS-20250210-05513	",2020-11-01,2020-12-31,"1536129515	","3205104477228	",1.000000,100,100.000000,784.170000,922.500000,138.33,138.33,0.6379,138.33,-,-,-,-,-,-,-,-,-,-,-,-,-,-,-,-,-,-,-,-,-,-,78.09,10.15,-,-
鑫龙家园莲花六号小区位置点,"ZDBZD-JS-2025-002255	","JFZDPT-JS-20250210-05513	",2020-11-01,2020-12-31,"1539373623	","3205104477230	",1.000000,100,100.000000,793.900000,907.990000,114.09,114.09,0.6379,114.09,-,-,-,-,-,-,-,-,-,-,-,-,-,-,-,-,-,-,-,-,-,-,64.41,8.37,-,-
鑫龙家园莲花六号小区位置点,"ZDBZD-JS-2025-002255	","JFZDPT-JS-20250210-05513	",2020-11-01,2020-12-31,"1543105444	","3205104477232	",1.000000,100,100.000000,793.250000,933.720000,140.47,140.47,0.6379,140.47,-,-,-,-,-,-,-,-,-,-,-,-,-,-,-,-,-,-,-,-,-,-,79.3,10.31,-,-
鑫龙家园莲花六号小区位置点,"ZDBZD-JS-2025-002255	","JFZDPT-JS-20250210-05513	",2020-11-01,2020-12-31,"1544951755	","3205104477235	",1.000000,100,100.000000,781.400000,921.340000,139.94,139.94,0.6379,139.94,-,-,-,-,-,-,-,-,-,-,-,-,-,-,-,-,-,-,-,-,-,-,79,10.27,-,-
鑫龙家园莲花六号小区位置点,"ZDBZD-JS-2025-002255	","JFZDPT-JS-20250210-05513	",2020-11-01,2020-12-31,"1544684094	","3205104477238	",1.000000,100,100.000000,778.060000,915.850000,137.79,137.79,0.6379,137.79,-,-,-,-,-,-,-,-,-,-,-,-,-,-,-,-,-,-,-,-,-,-,77.79,10.11,-,-
鑫龙家园莲花六号小区位置点,"ZDBZD-JS-2025-002255	","JFZDPT-JS-20250210-05513	",2020-11-01,2020-12-31,"1539602549	","3205104477339	",1.000000,100,100.000000,817.320000,961.320000,144,144,0.6379,144,-,-,-,-,-,-,-,-,-,-,-,-,-,-,-,-,-,-,-,-,-,-,81.29,10.57,-,-
鑫龙家园莲花六号小区位置点,"ZDBZD-JS-2025-002255	","JFZDPT-JS-20250210-05513	",2020-11-01,2020-12-31,"1546160843	","3205104477340	",1.000000,100,100.000000,811.370000,951.970000,140.6,140.6,0.6379,140.6,-,-,-,-,-,-,-,-,-,-,-,-,-,-,-,-,-,-,-,-,-,-,79.37,10.32,-,-
鑫龙家园莲花六号小区位置点,"ZDBZD-JS-2025-002255	","JFZDPT-JS-20250210-05513	",2020-11-01,2020-12-31,"1546168926	","3205104477341	",1.000000,100,100.000000,925.210000,1088.780000,163.57,163.57,0.6379,163.57,-,-,-,-,-,-,-,-,-,-,-,-,-,-,-,-,-,-,-,-,-,-,92.34,12,-,-
鑫龙家园莲花六号小区位置点,"ZDBZD-JS-2025-002255	","JFZDPT-JS-20250210-05513	",2020-11-01,2020-12-31,"1542466276	","3205104477344	",1.000000,100,100.000000,578.250000,667.450000,89.2,89.2,0.6379,89.2,-,-,-,-,-,-,-,-,-,-,-,-,-,-,-,-,-,-,-,-,-,-,50.35,6.55,-,-
鑫龙家园莲花六号小区位置点,"ZDBZD-JS-2025-002255	","JFZDPT-JS-20250210-05513	",2020-11-01,2020-12-31,"1536129516	","3205104477350	",1.000000,100,100.000000,924.700000,1072.490000,147.79,147.79,0.6379,147.79,-,-,-,-,-,-,-,-,-,-,-,-,-,-,-,-,-,-,-,-,-,-,83.43,10.85,-,-
鑫龙家园莲花六号小区位置点,"ZDBZD-JS-2025-002255	","JFZDPT-JS-20260514-01149	",2026-04-01,2026-04-30,"1534337708	","3205104313087	",1.000000,100,100.000000,4123.570000,4123.570000,0,0,0.7,0,-,-,-,-,-,-,-,-,-,-,-,-,-,-,-,-,-,-,-,-,-,-,0,0,-,-
鑫龙家园莲花六号小区位置点,"ZDBZD-JS-2025-002255	","JFZDPT-JS-20260514-01149	",2026-04-01,2026-04-30,"1534339435	","3205104313426	",1.000000,100,100.000000,3051.440000,3079.030000,27.59,27.59,0.65998,27.59,-,-,-,-,-,-,-,-,-,-,-,-,-,-,-,-,-,-,-,-,-,-,16.114025,2.094823,-,-
鑫龙家园莲花六号小区位置点,"ZDBZD-JS-2025-002255	","JFZDPT-JS-20260514-01149	",2026-04-01,2026-04-30,"1534349171	","3205104313433	",1.000000,100,100.000000,2828.050000,2828.050000,0,0,0.7,0,-,-,-,-,-,-,-,-,-,-,-,-,-,-,-,-,-,-,-,-,-,-,0,0,-,-
鑫龙家园莲花六号小区位置点,"ZDBZD-JS-2025-002255	","JFZDPT-JS-20260514-01149	",2026-04-01,2026-04-30,"1554157659	","3205104313437	",1.000000,100,100.000000,417.020000,417.020000,0,0,0.7,0,-,-,-,-,-,-,-,-,-,-,-,-,-,-,-,-,-,-,-,-,-,-,0,0,-,-
鑫龙家园莲花六号小区位置点,"ZDBZD-JS-2025-002255	","JFZDPT-JS-20260514-01149	",2026-04-01,2026-04-30,"1534339430	","3205104313446	",1.000000,100,100.000000,2757.930000,2757.930000,0,0,0.7,0,-,-,-,-,-,-,-,-,-,-,-,-,-,-,-,-,-,-,-,-,-,-,0,0,-,-
鑫龙家园莲花六号小区位置点,"ZDBZD-JS-2025-002255	","JFZDPT-JS-20260514-01149	",2026-04-01,2026-04-30,"1534337522	","3205104313451	",1.000000,100,100.000000,2991.570000,2991.570000,0,0,0.7,0,-,-,-,-,-,-,-,-,-,-,-,-,-,-,-,-,-,-,-,-,-,-,0,0,-,-
鑫龙家园莲花六号小区位置点,"ZDBZD-JS-2025-002255	","JFZDPT-JS-20260514-01149	",2026-04-01,2026-04-30,"1528107567	","3205104315707	",1.000000,100,100.000000,4032.540000,4032.540000,0,0,0.7,0,-,-,-,-,-,-,-,-,-,-,-,-,-,-,-,-,-,-,-,-,-,-,0,0,-,-
鑫龙家园莲花六号小区位置点,"ZDBZD-JS-2025-002255	","JFZDPT-JS-20260514-01149	",2026-04-01,2026-04-30,"1556867474	","3205104315719	",1.000000,100,100.000000,1319.360000,1320.600000,1.24,1.24,0.518987,1.24,-,-,-,-,-,-,-,-,-,-,-,-,-,-,-,-,-,-,-,-,-,-,0.569508,0.074036,-,-
鑫龙家园莲花六号小区位置点,"ZDBZD-JS-2025-002255	","JFZDPT-JS-20260514-01149	",2026-04-01,2026-04-30,"1528102930	","3205104315726	",1.000000,100,100.000000,2960.450000,2992.150000,31.7,31.7,0.656404,31.7,-,-,-,-,-,-,-,-,-,-,-,-,-,-,-,-,-,-,-,-,-,-,18.414165,2.393842,-,-
鑫龙家园莲花六号小区位置点,"ZDBZD-JS-2025-002255	","JFZDPT-JS-20260514-01149	",2026-04-01,2026-04-30,"1559570474	","3205104353226	",1.000000,100,100.000000,5881.990000,6013.320000,131.33,131.33,0.648282,131.33,-,-,-,-,-,-,-,-,-,-,-,-,-,-,-,-,-,-,-,-,-,-,75.344137,9.794738,-,-
鑫龙家园莲花六号小区位置点,"ZDBZD-JS-2025-002255	","JFZDPT-JS-20260514-01149	",2026-04-01,2026-04-30,"1547726877	","3205104472953	",1.000000,100,100.000000,5318.990000,5389.380000,70.39,70.39,0.646264,70.39,-,-,-,-,-,-,-,-,-,-,-,-,-,-,-,-,-,-,-,-,-,-,40.2571,5.233423,-,-
鑫龙家园莲花六号小区位置点,"ZDBZD-JS-2025-002255	","JFZDPT-JS-20260514-01149	",2026-04-01,2026-04-30,"1547633945	","3205104472957	",1.000000,100,100.000000,6731.340000,6827.390000,96.05,96.05,0.649621,96.05,-,-,-,-,-,-,-,-,-,-,-,-,-,-,-,-,-,-,-,-,-,-,55.217785,7.178312,-,-
鑫龙家园莲花六号小区位置点,"ZDBZD-JS-2025-002255	","JFZDPT-JS-20260514-01149	",2026-04-01,2026-04-30,"1547633944	","3205104472959	",1.000000,100,100.000000,5199.710000,5268.130000,68.42,68.42,0.645841,68.42,-,-,-,-,-,-,-,-,-,-,-,-,-,-,-,-,-,-,-,-,-,-,39.104815,5.083626,-,-
鑫龙家园莲花六号小区位置点,"ZDBZD-JS-2025-002255	","JFZDPT-JS-20260514-01149	",2026-04-01,2026-04-30,"1547633946	","3205104472963	",1.000000,100,100.000000,5061.440000,5131.090000,69.65,69.65,0.653443,69.65,-,-,-,-,-,-,-,-,-,-,-,-,-,-,-,-,-,-,-,-,-,-,40.276376,5.235929,-,-
鑫龙家园莲花六号小区位置点,"ZDBZD-JS-2025-002255	","JFZDPT-JS-20260514-01149	",2026-04-01,2026-04-30,"1547634578	","3205104472970	",1.000000,100,100.000000,3927.640000,3970.950000,43.31,43.31,0.64504,43.31,-,-,-,-,-,-,-,-,-,-,-,-,-,-,-,-,-,-,-,-,-,-,24.722727,3.213955,-,-
鑫龙家园莲花六号小区位置点,"ZDBZD-JS-2025-002255	","JFZDPT-JS-20260514-01149	",2026-04-01,2026-04-30,"1547728488	","3205104474427	",1.000000,100,100.000000,5197.060000,5260.090000,63.03,63.03,0.649642,63.03,-,-,-,-,-,-,-,-,-,-,-,-,-,-,-,-,-,-,-,-,-,-,36.236226,4.710709,-,-
鑫龙家园莲花六号小区位置点,"ZDBZD-JS-2025-002255	","JFZDPT-JS-20260514-01149	",2026-04-01,2026-04-30,"1547719754	","3205104474457	",1.000000,100,100.000000,12583.480000,12735.920000,152.44,152.44,0.647981,152.44,-,-,-,-,-,-,-,-,-,-,-,-,-,-,-,-,-,-,-,-,-,-,87.414358,11.363866,-,-
鑫龙家园莲花六号小区位置点,"ZDBZD-JS-2025-002255	","JFZDPT-JS-20260514-01149	",2026-04-01,2026-04-30,"1547728484	","3205104474463	",1.000000,100,100.000000,4413.080000,4467.860000,54.78,54.78,0.652783,54.78,-,-,-,-,-,-,-,-,-,-,-,-,-,-,-,-,-,-,-,-,-,-,31.645534,4.113919,-,-
鑫龙家园莲花六号小区位置点,"ZDBZD-JS-2025-002255	","JFZDPT-JS-20260514-01149	",2026-04-01,2026-04-30,"1547719759	","3205104474467	",1.000000,100,100.000000,5118.360000,5188.680000,70.32,70.32,0.646937,70.32,-,-,-,-,-,-,-,-,-,-,-,-,-,-,-,-,-,-,-,-,-,-,40.258947,5.233663,-,-
鑫龙家园莲花六号小区位置点,"ZDBZD-JS-2025-002255	","JFZDPT-JS-20260514-01149	",2026-04-01,2026-04-30,"1542462053	","3205104476756	",1.000000,100,100.000000,4328.450000,4382.510000,54.06,54.06,0.64929,54.06,-,-,-,-,-,-,-,-,-,-,-,-,-,-,-,-,-,-,-,-,-,-,31.062493,4.038124,-,-
鑫龙家园莲花六号小区位置点,"ZDBZD-JS-2025-002255	","JFZDPT-JS-20260514-01149	",2026-04-01,2026-04-30,"1534365028	","3205104476757	",1.000000,100,100.000000,4899.130000,4956.870000,57.74,57.74,0.652969,57.74,-,-,-,-,-,-,-,-,-,-,-,-,-,-,-,-,-,-,-,-,-,-,33.364982,4.337448,-,-
鑫龙家园莲花六号小区位置点,"ZDBZD-JS-2025-002255	","JFZDPT-JS-20260514-01149	",2026-04-01,2026-04-30,"1535960714	","3205104476763	",1.000000,100,100.000000,10770.560000,10906.690000,136.13,136.13,0.649289,136.13,-,-,-,-,-,-,-,-,-,-,-,-,-,-,-,-,-,-,-,-,-,-,78.219214,10.168498,-,-
鑫龙家园莲花六号小区位置点,"ZDBZD-JS-2025-002255	","JFZDPT-JS-20260514-01149	",2026-04-01,2026-04-30,"1543218796	","3205104476766	",1.000000,100,100.000000,5430.320000,5500.230000,69.91,69.91,0.650903,69.91,-,-,-,-,-,-,-,-,-,-,-,-,-,-,-,-,-,-,-,-,-,-,40.269583,5.235046,-,-
鑫龙家园莲花六号小区位置点,"ZDBZD-JS-2025-002255	","JFZDPT-JS-20260514-01149	",2026-04-01,2026-04-30,"1539721710	","3205104476768	",1.000000,100,100.000000,5250.860000,5318.280000,67.42,67.42,0.645771,67.42,-,-,-,-,-,-,-,-,-,-,-,-,-,-,-,-,-,-,-,-,-,-,38.529098,5.008783,-,-
鑫龙家园莲花六号小区位置点,"ZDBZD-JS-2025-002255	","JFZDPT-JS-20260514-01149	",2026-04-01,2026-04-30,"1534340339	","3205104476772	",1.000000,100,100.000000,4461.490000,4530.770000,69.28,69.28,0.647274,69.28,-,-,-,-,-,-,-,-,-,-,-,-,-,-,-,-,-,-,-,-,-,-,39.684197,5.158946,-,-
鑫龙家园莲花六号小区位置点,"ZDBZD-JS-2025-002255	","JFZDPT-JS-20260514-01149	",2026-04-01,2026-04-30,"1542222948	","3205104476774	",1.000000,100,100.000000,4705.910000,4758.990000,53.08,53.08,0.64901,53.08,-,-,-,-,-,-,-,-,-,-,-,-,-,-,-,-,-,-,-,-,-,-,30.48624,3.963211,-,-
鑫龙家园莲花六号小区位置点,"ZDBZD-JS-2025-002255	","JFZDPT-JS-20260514-01149	",2026-04-01,2026-04-30,"1536674431	","3205104477226	",1.000000,100,100.000000,5863.120000,5913.520000,50.4,50.4,0.644608,50.4,-,-,-,-,-,-,-,-,-,-,-,-,-,-,-,-,-,-,-,-,-,-,28.750658,3.737585,-,-
鑫龙家园莲花六号小区位置点,"ZDBZD-JS-2025-002255	","JFZDPT-JS-20260514-01149	",2026-04-01,2026-04-30,"1536129515	","3205104477228	",1.000000,100,100.000000,5272.920000,5340.950000,68.03,68.03,0.649712,68.03,-,-,-,-,-,-,-,-,-,-,-,-,-,-,-,-,-,-,-,-,-,-,39.114962,5.084945,-,-
鑫龙家园莲花六号小区位置点,"ZDBZD-JS-2025-002255	","JFZDPT-JS-20260514-01149	",2026-04-01,2026-04-30,"1539373623	","3205104477230	",1.000000,100,100.000000,4846.970000,4899.390000,52.42,52.42,0.644579,52.42,-,-,-,-,-,-,-,-,-,-,-,-,-,-,-,-,-,-,-,-,-,-,29.90162,3.887211,-,-
鑫龙家园莲花六号小区位置点,"ZDBZD-JS-2025-002255	","JFZDPT-JS-20260514-01149	",2026-04-01,2026-04-30,"1543105444	","3205104477232	",1.000000,100,100.000000,3910.990000,3953.940000,42.95,42.95,0.650693,42.95,-,-,-,-,-,-,-,-,-,-,-,-,-,-,-,-,-,-,-,-,-,-,24.732092,3.215172,-,-
鑫龙家园莲花六号小区位置点,"ZDBZD-JS-2025-002255	","JFZDPT-JS-20260514-01149	",2026-04-01,2026-04-30,"1544951755	","3205104477235	",1.000000,100,100.000000,5300.310000,5368.710000,68.4,68.4,0.646039,68.4,-,-,-,-,-,-,-,-,-,-,-,-,-,-,-,-,-,-,-,-,-,-,39.10537,5.083698,-,-
鑫龙家园莲花六号小区位置点,"ZDBZD-JS-2025-002255	","JFZDPT-JS-20260514-01149	",2026-04-01,2026-04-30,"1539602549	","3205104477339	",1.000000,100,100.000000,4584.220000,4653.320000,69.1,69.1,0.649037,69.1,-,-,-,-,-,-,-,-,-,-,-,-,-,-,-,-,-,-,-,-,-,-,39.6889,5.159557,-,-
鑫龙家园莲花六号小区位置点,"ZDBZD-JS-2025-002255	","JFZDPT-JS-20260514-01149	",2026-04-01,2026-04-30,"1546160843	","3205104477340	",1.000000,100,100.000000,5370.910000,5440.920000,70.01,70.01,0.649932,70.01,-,-,-,-,-,-,-,-,-,-,-,-,-,-,-,-,-,-,-,-,-,-,40.267026,5.234713,-,-
鑫龙家园莲花六号小区位置点,"ZDBZD-JS-2025-002255	","JFZDPT-JS-20260514-01149	",2026-04-01,2026-04-30,"1546168926	","3205104477341	",1.000000,100,100.000000,5948.510000,6020.250000,71.74,71.74,0.652367,71.74,-,-,-,-,-,-,-,-,-,-,-,-,-,-,-,-,-,-,-,-,-,-,41.416645,5.384164,-,-
鑫龙家园莲花六号小区位置点,"ZDBZD-JS-2025-002255	","JFZDPT-JS-20260514-01149	",2026-04-01,2026-04-30,"1542466276	","3205104477344	",1.000000,100,100.000000,4840.650000,4907.540000,66.89,66.89,0.65112,66.89,-,-,-,-,-,-,-,-,-,-,-,-,-,-,-,-,-,-,-,-,-,-,38.542847,5.01057,-,-
鑫龙家园莲花六号小区位置点,"ZDBZD-JS-2025-002255	","JFZDPT-JS-20260514-01149	",2026-04-01,2026-04-30,"1536129516	","3205104477350	",1.000000,100,100.000000,6536.250000,6609.100000,72.85,72.85,0.651314,72.85,-,-,-,-,-,-,-,-,-,-,-,-,-,-,-,-,-,-,-,-,-,-,41.98958,5.458645,-,-
鑫龙家园莲花六号小区位置点,"ZDBZD-JS-2025-002255	","JFZDPT-JS-20250211-16984	",2022-08-01,2022-08-31,"1534337708	","3205104313087	",1.000000,100,100.000000,2259.920000,2307.500000,47.58,47.58,0.7446,47.58,-,-,-,-,-,-,-,-,-,-,-,-,-,-,-,-,-,-,-,-,-,-,31.35,4.08,-,-
鑫龙家园莲花六号小区位置点,"ZDBZD-JS-2025-002255	","JFZDPT-JS-20250211-16984	",2022-08-01,2022-08-31,"1534339435	","3205104313426	",1.000000,100,100.000000,1570.580000,1604.480000,33.9,33.9,0.7404,33.9,-,-,-,-,-,-,-,-,-,-,-,-,-,-,-,-,-,-,-,-,-,-,22.21,2.89,-,-
鑫龙家园莲花六号小区位置点,"ZDBZD-JS-2025-002255	","JFZDPT-JS-20250211-16984	",2022-08-01,2022-08-31,"1534349171	","3205104313433	",1.000000,100,100.000000,1555.650000,1589.350000,33.7,33.7,0.7448,33.7,-,-,-,-,-,-,-,-,-,-,-,-,-,-,-,-,-,-,-,-,-,-,22.21,2.89,-,-
鑫龙家园莲花六号小区位置点,"ZDBZD-JS-2025-002255	","JFZDPT-JS-20250211-16984	",2022-08-01,2022-08-31,"1554157659	","3205104313437	",1.000000,100,100.000000,1571.850000,1605.430000,33.58,33.58,0.7475,33.58,-,-,-,-,-,-,-,-,-,-,-,-,-,-,-,-,-,-,-,-,-,-,22.21,2.89,-,-
鑫龙家园莲花六号小区位置点,"ZDBZD-JS-2025-002255	","JFZDPT-JS-20250211-16984	",2022-08-01,2022-08-31,"1534339430	","3205104313446	",1.000000,100,100.000000,1487.690000,1521.500000,33.81,33.81,0.7424,33.81,-,-,-,-,-,-,-,-,-,-,-,-,-,-,-,-,-,-,-,-,-,-,22.21,2.89,-,-
鑫龙家园莲花六号小区位置点,"ZDBZD-JS-2025-002255	","JFZDPT-JS-20250211-16984	",2022-08-01,2022-08-31,"1534337522	","3205104313451	",1.000000,100,100.000000,1656.000000,1692.050000,36.05,36.05,0.737,36.05,-,-,-,-,-,-,-,-,-,-,-,-,-,-,-,-,-,-,-,-,-,-,23.51,3.06,-,-
鑫龙家园莲花六号小区位置点,"ZDBZD-JS-2025-002255	","JFZDPT-JS-20250211-16984	",2022-08-01,2022-08-31,"1528107567	","3205104315707	",1.000000,100,100.000000,2223.790000,2270.170000,46.38,46.38,0.732,46.38,-,-,-,-,-,-,-,-,-,-,-,-,-,-,-,-,-,-,-,-,-,-,30.04,3.91,-,-
鑫龙家园莲花六号小区位置点,"ZDBZD-JS-2025-002255	","JFZDPT-JS-20250211-16984	",2022-08-01,2022-08-31,"1556867474	","3205104315719	",1.000000,100,100.000000,5.920000,39.730000,33.81,33.81,0.7424,33.81,-,-,-,-,-,-,-,-,-,-,-,-,-,-,-,-,-,-,-,-,-,-,22.21,2.89,-,-
鑫龙家园莲花六号小区位置点,"ZDBZD-JS-2025-002255	","JFZDPT-JS-20250211-16984	",2022-08-01,2022-08-31,"1528102930	","3205104315726	",1.000000,100,100.000000,1603.460000,1637.650000,34.19,34.19,0.7341,34.19,-,-,-,-,-,-,-,-,-,-,-,-,-,-,-,-,-,-,-,-,-,-,22.21,2.89,-,-
鑫龙家园莲花六号小区位置点,"ZDBZD-JS-2025-002255	","JFZDPT-JS-20250211-16984	",2022-08-01,2022-08-31,"1559570474	","3205104353226	",1.000000,100,100.000000,1620.890000,1795.140000,174.25,174.25,0.737,174.25,-,-,-,-,-,-,-,-,-,-,-,-,-,-,-,-,-,-,-,-,-,-,113.65,14.77,-,-
鑫龙家园莲花六号小区位置点,"ZDBZD-JS-2025-002255	","JFZDPT-JS-20250211-16984	",2022-08-01,2022-08-31,"1547726877	","3205104472953	",1.000000,100,100.000000,2171.550000,2244.850000,73.3,73.3,0.7351,73.3,-,-,-,-,-,-,-,-,-,-,-,-,-,-,-,-,-,-,-,-,-,-,47.68,6.2,-,-
鑫龙家园莲花六号小区位置点,"ZDBZD-JS-2025-002255	","JFZDPT-JS-20250211-16984	",2022-08-01,2022-08-31,"1547633945	","3205104472957	",1.000000,100,100.000000,2617.210000,2692.610000,75.4,75.4,0.7342,75.4,-,-,-,-,-,-,-,-,-,-,-,-,-,-,-,-,-,-,-,-,-,-,48.99,6.37,-,-
鑫龙家园莲花六号小区位置点,"ZDBZD-JS-2025-002255	","JFZDPT-JS-20250211-16984	",2022-08-01,2022-08-31,"1547633944	","3205104472959	",1.000000,100,100.000000,2138.300000,2209.960000,71.66,71.66,0.7416,71.66,-,-,-,-,-,-,-,-,-,-,-,-,-,-,-,-,-,-,-,-,-,-,47.03,6.11,-,-
鑫龙家园莲花六号小区位置点,"ZDBZD-JS-2025-002255	","JFZDPT-JS-20250211-16984	",2022-08-01,2022-08-31,"1547633946	","3205104472963	",1.000000,100,100.000000,1967.120000,2041.460000,74.34,74.34,0.7347,74.34,-,-,-,-,-,-,-,-,-,-,-,-,-,-,-,-,-,-,-,-,-,-,48.34,6.28,-,-
鑫龙家园莲花六号小区位置点,"ZDBZD-JS-2025-002255	","JFZDPT-JS-20250211-16984	",2022-08-01,2022-08-31,"1547634578	","3205104472970	",1.000000,100,100.000000,1802.890000,1856.580000,53.69,53.69,0.7424,53.69,-,-,-,-,-,-,-,-,-,-,-,-,-,-,-,-,-,-,-,-,-,-,35.27,4.59,-,-
鑫龙家园莲花六号小区位置点,"ZDBZD-JS-2025-002255	","JFZDPT-JS-20250211-16984	",2022-08-01,2022-08-31,"1547728488	","3205104474427	",1.000000,100,100.000000,2152.800000,2225.070000,72.27,72.27,0.7353,72.27,-,-,-,-,-,-,-,-,-,-,-,-,-,-,-,-,-,-,-,-,-,-,47.03,6.11,-,-
鑫龙家园莲花六号小区位置点,"ZDBZD-JS-2025-002255	","JFZDPT-JS-20250211-16984	",2022-08-01,2022-08-31,"1547719754	","3205104474457	",1.000000,100,100.000000,5566.120000,5729.270000,163.15,163.15,0.7374,163.15,-,-,-,-,-,-,-,-,-,-,-,-,-,-,-,-,-,-,-,-,-,-,106.47,13.84,-,-
鑫龙家园莲花六号小区位置点,"ZDBZD-JS-2025-002255	","JFZDPT-JS-20250211-16984	",2022-08-01,2022-08-31,"1547728484	","3205104474463	",1.000000,100,100.000000,2026.040000,2026.040000,0,0,0.7253,0,-,-,-,-,-,-,-,-,-,-,-,-,-,-,-,-,-,-,-,-,-,-,0,0,-,-
鑫龙家园莲花六号小区位置点,"ZDBZD-JS-2025-002255	","JFZDPT-JS-20250211-16984	",2022-08-01,2022-08-31,"1547719759	","3205104474467	",1.000000,100,100.000000,2276.640000,2349.330000,72.69,72.69,0.7412,72.69,-,-,-,-,-,-,-,-,-,-,-,-,-,-,-,-,-,-,-,-,-,-,47.68,6.2,-,-
鑫龙家园莲花六号小区位置点,"ZDBZD-JS-2025-002255	","JFZDPT-JS-20250211-16984	",2022-08-01,2022-08-31,"1534271368	","3205104476753	",1.000000,100,100.000000,2069.910000,2130.670000,60.76,60.76,0.7411,60.76,-,-,-,-,-,-,-,-,-,-,-,-,-,-,-,-,-,-,-,-,-,-,39.85,5.18,-,-
鑫龙家园莲花六号小区位置点,"ZDBZD-JS-2025-002255	","JFZDPT-JS-20250211-16984	",2022-08-01,2022-08-31,"1542462053	","3205104476756	",1.000000,100,100.000000,1922.970000,1979.000000,56.03,56.03,0.7376,56.03,-,-,-,-,-,-,-,-,-,-,-,-,-,-,-,-,-,-,-,-,-,-,36.58,4.75,-,-
鑫龙家园莲花六号小区位置点,"ZDBZD-JS-2025-002255	","JFZDPT-JS-20250211-16984	",2022-08-01,2022-08-31,"1534365028	","3205104476757	",1.000000,100,100.000000,2146.280000,2210.450000,64.17,64.17,0.7362,64.17,-,-,-,-,-,-,-,-,-,-,-,-,-,-,-,-,-,-,-,-,-,-,41.81,5.43,-,-
鑫龙家园莲花六号小区位置点,"ZDBZD-JS-2025-002255	","JFZDPT-JS-20250211-16984	",2022-08-01,2022-08-31,"1535669055	","3205104476759	",1.000000,100,100.000000,3014.710000,3101.080000,86.37,86.37,0.735,86.37,-,-,-,-,-,-,-,-,-,-,-,-,-,-,-,-,-,-,-,-,-,-,56.18,7.3,-,-
鑫龙家园莲花六号小区位置点,"ZDBZD-JS-2025-002255	","JFZDPT-JS-20250211-16984	",2022-08-01,2022-08-31,"1535960714	","3205104476763	",1.000000,100,100.000000,4761.200000,4912.290000,151.09,151.09,0.7377,151.09,-,-,-,-,-,-,-,-,-,-,-,-,-,-,-,-,-,-,-,-,-,-,98.64,12.82,-,-
鑫龙家园莲花六号小区位置点,"ZDBZD-JS-2025-002255	","JFZDPT-JS-20250211-16984	",2022-08-01,2022-08-31,"1543218796	","3205104476766	",1.000000,100,100.000000,2305.830000,2379.010000,73.18,73.18,0.7363,73.18,-,-,-,-,-,-,-,-,-,-,-,-,-,-,-,-,-,-,-,-,-,-,47.68,6.2,-,-
鑫龙家园莲花六号小区位置点,"ZDBZD-JS-2025-002255	","JFZDPT-JS-20250211-16984	",2022-08-01,2022-08-31,"1539721710	","3205104476768	",1.000000,100,100.000000,2236.600000,2307.320000,70.72,70.72,0.7411,70.72,-,-,-,-,-,-,-,-,-,-,-,-,-,-,-,-,-,-,-,-,-,-,46.38,6.03,-,-
鑫龙家园莲花六号小区位置点,"ZDBZD-JS-2025-002255	","JFZDPT-JS-20250211-16984	",2022-08-01,2022-08-31,"1534340339	","3205104476772	",1.000000,100,100.000000,1546.530000,1594.400000,47.87,47.87,0.7401,47.87,-,-,-,-,-,-,-,-,-,-,-,-,-,-,-,-,-,-,-,-,-,-,31.35,4.08,-,-
鑫龙家园莲花六号小区位置点,"ZDBZD-JS-2025-002255	","JFZDPT-JS-20250211-16984	",2022-08-01,2022-08-31,"1542222948	","3205104476774	",1.000000,100,100.000000,2152.240000,2214.250000,62.01,62.01,0.7379,62.01,-,-,-,-,-,-,-,-,-,-,-,-,-,-,-,-,-,-,-,-,-,-,40.5,5.26,-,-
鑫龙家园莲花六号小区位置点,"ZDBZD-JS-2025-002255	","JFZDPT-JS-20250211-16984	",2022-08-01,2022-08-31,"1536674431	","3205104477226	",1.000000,100,100.000000,2510.100000,2588.320000,78.22,78.22,0.736,78.22,-,-,-,-,-,-,-,-,-,-,-,-,-,-,-,-,-,-,-,-,-,-,50.95,6.62,-,-
鑫龙家园莲花六号小区位置点,"ZDBZD-JS-2025-002255	","JFZDPT-JS-20250211-16984	",2022-08-01,2022-08-31,"1536129515	","3205104477228	",1.000000,100,100.000000,2257.340000,2329.730000,72.39,72.39,0.7341,72.39,-,-,-,-,-,-,-,-,-,-,-,-,-,-,-,-,-,-,-,-,-,-,47.03,6.11,-,-
鑫龙家园莲花六号小区位置点,"ZDBZD-JS-2025-002255	","JFZDPT-JS-20250211-16984	",2022-08-01,2022-08-31,"1539373623	","3205104477230	",1.000000,100,100.000000,2179.260000,2242.030000,62.77,62.77,0.7408,62.77,-,-,-,-,-,-,-,-,-,-,-,-,-,-,-,-,-,-,-,-,-,-,41.15,5.35,-,-
鑫龙家园莲花六号小区位置点,"ZDBZD-JS-2025-002255	","JFZDPT-JS-20250211-16984	",2022-08-01,2022-08-31,"1543105444	","3205104477232	",1.000000,100,100.000000,2005.410000,2050.310000,44.9,44.9,0.7399,44.9,-,-,-,-,-,-,-,-,-,-,-,-,-,-,-,-,-,-,-,-,-,-,29.4,3.82,-,-
鑫龙家园莲花六号小区位置点,"ZDBZD-JS-2025-002255	","JFZDPT-JS-20250211-16984	",2022-08-01,2022-08-31,"1544951755	","3205104477235	",1.000000,100,100.000000,2264.590000,2337.150000,72.56,72.56,0.7426,72.56,-,-,-,-,-,-,-,-,-,-,-,-,-,-,-,-,-,-,-,-,-,-,47.68,6.2,-,-
鑫龙家园莲花六号小区位置点,"ZDBZD-JS-2025-002255	","JFZDPT-JS-20250211-16984	",2022-08-01,2022-08-31,"1544684094	","3205104477238	",1.000000,100,100.000000,2227.760000,2299.320000,71.56,71.56,0.7426,71.56,-,-,-,-,-,-,-,-,-,-,-,-,-,-,-,-,-,-,-,-,-,-,47.03,6.11,-,-
鑫龙家园莲花六号小区位置点,"ZDBZD-JS-2025-002255	","JFZDPT-JS-20250211-16984	",2022-08-01,2022-08-31,"1539602549	","3205104477339	",1.000000,100,100.000000,2332.470000,2406.860000,74.39,74.39,0.7342,74.39,-,-,-,-,-,-,-,-,-,-,-,-,-,-,-,-,-,-,-,-,-,-,48.34,6.28,-,-
鑫龙家园莲花六号小区位置点,"ZDBZD-JS-2025-002255	","JFZDPT-JS-20250211-16984	",2022-08-01,2022-08-31,"1546160843	","3205104477340	",1.000000,100,100.000000,2300.260000,2373.840000,73.58,73.58,0.7423,73.58,-,-,-,-,-,-,-,-,-,-,-,-,-,-,-,-,-,-,-,-,-,-,48.34,6.28,-,-
鑫龙家园莲花六号小区位置点,"ZDBZD-JS-2025-002255	","JFZDPT-JS-20250211-16984	",2022-08-01,2022-08-31,"1546168926	","3205104477341	",1.000000,100,100.000000,2643.870000,2728.760000,84.89,84.89,0.7391,84.89,-,-,-,-,-,-,-,-,-,-,-,-,-,-,-,-,-,-,-,-,-,-,55.52,7.22,-,-
鑫龙家园莲花六号小区位置点,"ZDBZD-JS-2025-002255	","JFZDPT-JS-20250211-16984	",2022-08-01,2022-08-31,"1542466276	","3205104477344	",1.000000,100,100.000000,1872.010000,1941.940000,69.93,69.93,0.7389,69.93,-,-,-,-,-,-,-,-,-,-,-,-,-,-,-,-,-,-,-,-,-,-,45.73,5.94,-,-
鑫龙家园莲花六号小区位置点,"ZDBZD-JS-2025-002255	","JFZDPT-JS-20250211-16984	",2022-08-01,2022-08-31,"1536129516	","3205104477350	",1.000000,100,100.000000,3003.890000,3080.780000,76.89,76.89,0.7392,76.89,-,-,-,-,-,-,-,-,-,-,-,-,-,-,-,-,-,-,-,-,-,-,50.3,6.54,-,-
鑫龙家园莲花六号小区位置点,"ZDBZD-JS-2025-002255	","JFZDPT-JS-20250210-06441	",2021-02-01,2021-02-28,"1534337708	","3205104313087	",1.000000,100,100.000000,1419.370000,1462.650000,43.28,43.28,0.6296,43.28,-,-,-,-,-,-,-,-,-,-,-,-,-,-,-,-,-,-,-,-,-,-,24.12,3.13,-,-
鑫龙家园莲花六号小区位置点,"ZDBZD-JS-2025-002255	","JFZDPT-JS-20250210-06441	",2021-02-01,2021-02-28,"1534339435	","3205104313426	",1.000000,100,100.000000,981.900000,1011.940000,30.04,30.04,0.6328,30.04,-,-,-,-,-,-,-,-,-,-,-,-,-,-,-,-,-,-,-,-,-,-,16.82,2.19,-,-
鑫龙家园莲花六号小区位置点,"ZDBZD-JS-2025-002255	","JFZDPT-JS-20250210-06441	",2021-02-01,2021-02-28,"1534349171	","3205104313433	",1.000000,100,100.000000,975.100000,1004.520000,29.42,29.42,0.6247,29.42,-,-,-,-,-,-,-,-,-,-,-,-,-,-,-,-,-,-,-,-,-,-,16.27,2.11,-,-
鑫龙家园莲花六号小区位置点,"ZDBZD-JS-2025-002255	","JFZDPT-JS-20250210-06441	",2021-02-01,2021-02-28,"1554157659	","3205104313437	",1.000000,100,100.000000,986.670000,1016.580000,29.91,29.91,0.6356,29.91,-,-,-,-,-,-,-,-,-,-,-,-,-,-,-,-,-,-,-,-,-,-,16.82,2.19,-,-
鑫龙家园莲花六号小区位置点,"ZDBZD-JS-2025-002255	","JFZDPT-JS-20250210-06441	",2021-02-01,2021-02-28,"1534339430	","3205104313446	",1.000000,100,100.000000,900.330000,930.170000,29.84,29.84,0.6371,29.84,-,-,-,-,-,-,-,-,-,-,-,-,-,-,-,-,-,-,-,-,-,-,16.82,2.19,-,-
鑫龙家园莲花六号小区位置点,"ZDBZD-JS-2025-002255	","JFZDPT-JS-20250210-06441	",2021-02-01,2021-02-28,"1534337522	","3205104313451	",1.000000,100,100.000000,1052.130000,1082.640000,30.51,30.51,0.6441,30.51,-,-,-,-,-,-,-,-,-,-,-,-,-,-,-,-,-,-,-,-,-,-,17.39,2.26,-,-
鑫龙家园莲花六号小区位置点,"ZDBZD-JS-2025-002255	","JFZDPT-JS-20250210-06441	",2021-02-01,2021-02-28,"1528107567	","3205104315707	",1.000000,100,100.000000,1398.450000,1440.860000,42.41,42.41,0.6277,42.41,-,-,-,-,-,-,-,-,-,-,-,-,-,-,-,-,-,-,-,-,-,-,23.56,3.06,-,-
鑫龙家园莲花六号小区位置点,"ZDBZD-JS-2025-002255	","JFZDPT-JS-20250210-06441	",2021-02-01,2021-02-28,"1556867474	","3205104315719	",1.000000,100,100.000000,1038.410000,1068.210000,29.8,29.8,0.6379,29.8,-,-,-,-,-,-,-,-,-,-,-,-,-,-,-,-,-,-,-,-,-,-,16.82,2.19,-,-
鑫龙家园莲花六号小区位置点,"ZDBZD-JS-2025-002255	","JFZDPT-JS-20250210-06441	",2021-02-01,2021-02-28,"1528102930	","3205104315726	",1.000000,100,100.000000,999.860000,1030.660000,30.8,30.8,0.638,30.8,-,-,-,-,-,-,-,-,-,-,-,-,-,-,-,-,-,-,-,-,-,-,17.39,2.26,-,-
鑫龙家园莲花六号小区位置点,"ZDBZD-JS-2025-002255	","JFZDPT-JS-20250210-06441	",2021-02-01,2021-02-28,"1559570474	","3205104353226	",1.000000,100,100.000000,3064.230000,3218.270000,154.04,154.04,0.6335,154.04,-,-,-,-,-,-,-,-,-,-,-,-,-,-,-,-,-,-,-,-,-,-,86.35,11.23,-,-
鑫龙家园莲花六号小区位置点,"ZDBZD-JS-2025-002255	","JFZDPT-JS-20250210-06441	",2021-02-01,2021-02-28,"1547726877	","3205104472953	",1.000000,100,100.000000,947.800000,1000.280000,52.48,52.48,0.6279,52.48,-,-,-,-,-,-,-,-,-,-,-,-,-,-,-,-,-,-,-,-,-,-,29.16,3.79,-,-
鑫龙家园莲花六号小区位置点,"ZDBZD-JS-2025-002255	","JFZDPT-JS-20250210-06441	",2021-02-01,2021-02-28,"1547633945	","3205104472957	",1.000000,100,100.000000,1308.100000,1378.410000,70.31,70.31,0.6309,70.31,-,-,-,-,-,-,-,-,-,-,-,-,-,-,-,-,-,-,-,-,-,-,39.26,5.1,-,-
鑫龙家园莲花六号小区位置点,"ZDBZD-JS-2025-002255	","JFZDPT-JS-20250210-06441	",2021-02-01,2021-02-28,"1547633944	","3205104472959	",1.000000,100,100.000000,940.460000,992.250000,51.79,51.79,0.6362,51.79,-,-,-,-,-,-,-,-,-,-,-,-,-,-,-,-,-,-,-,-,-,-,29.16,3.79,-,-
鑫龙家园莲花六号小区位置点,"ZDBZD-JS-2025-002255	","JFZDPT-JS-20250210-06441	",2021-02-01,2021-02-28,"1547633946	","3205104472963	",1.000000,100,100.000000,809.470000,858.860000,49.39,49.39,0.6287,49.39,-,-,-,-,-,-,-,-,-,-,-,-,-,-,-,-,-,-,-,-,-,-,27.48,3.57,-,-
鑫龙家园莲花六号小区位置点,"ZDBZD-JS-2025-002255	","JFZDPT-JS-20250210-06441	",2021-02-01,2021-02-28,"1547634578	","3205104472970	",1.000000,100,100.000000,866.160000,913.850000,47.69,47.69,0.6379,47.69,-,-,-,-,-,-,-,-,-,-,-,-,-,-,-,-,-,-,-,-,-,-,26.92,3.5,-,-
鑫龙家园莲花六号小区位置点,"ZDBZD-JS-2025-002255	","JFZDPT-JS-20250210-06441	",2021-02-01,2021-02-28,"1547728488	","3205104474427	",1.000000,100,100.000000,940.210000,992.590000,52.38,52.38,0.6291,52.38,-,-,-,-,-,-,-,-,-,-,-,-,-,-,-,-,-,-,-,-,-,-,29.16,3.79,-,-
鑫龙家园莲花六号小区位置点,"ZDBZD-JS-2025-002255	","JFZDPT-JS-20250210-06441	",2021-02-01,2021-02-28,"1547719754	","3205104474457	",1.000000,100,100.000000,2466.890000,2611.460000,144.57,144.57,0.6355,144.57,-,-,-,-,-,-,-,-,-,-,-,-,-,-,-,-,-,-,-,-,-,-,81.3,10.57,-,-
鑫龙家园莲花六号小区位置点,"ZDBZD-JS-2025-002255	","JFZDPT-JS-20250210-06441	",2021-02-01,2021-02-28,"1547728484	","3205104474463	",1.000000,100,100.000000,949.140000,1001.370000,52.23,52.23,0.6309,52.23,-,-,-,-,-,-,-,-,-,-,-,-,-,-,-,-,-,-,-,-,-,-,29.16,3.79,-,-
鑫龙家园莲花六号小区位置点,"ZDBZD-JS-2025-002255	","JFZDPT-JS-20250210-06441	",2021-02-01,2021-02-28,"1547719759	","3205104474467	",1.000000,100,100.000000,1008.710000,1072.290000,63.58,63.58,0.6379,63.58,-,-,-,-,-,-,-,-,-,-,-,-,-,-,-,-,-,-,-,-,-,-,35.89,4.67,-,-
鑫龙家园莲花六号小区位置点,"ZDBZD-JS-2025-002255	","JFZDPT-JS-20250210-06441	",2021-02-01,2021-02-28,"1534271368	","3205104476753	",1.000000,100,100.000000,901.000000,951.930000,50.93,50.93,0.6346,50.93,-,-,-,-,-,-,-,-,-,-,-,-,-,-,-,-,-,-,-,-,-,-,28.6,3.72,-,-
鑫龙家园莲花六号小区位置点,"ZDBZD-JS-2025-002255	","JFZDPT-JS-20250210-06441	",2021-02-01,2021-02-28,"1542462053	","3205104476756	",1.000000,100,100.000000,938.220000,988.950000,50.73,50.73,0.6371,50.73,-,-,-,-,-,-,-,-,-,-,-,-,-,-,-,-,-,-,-,-,-,-,28.6,3.72,-,-
鑫龙家园莲花六号小区位置点,"ZDBZD-JS-2025-002255	","JFZDPT-JS-20250210-06441	",2021-02-01,2021-02-28,"1534365028	","3205104476757	",1.000000,100,100.000000,912.480000,966.950000,54.47,54.47,0.6282,54.47,-,-,-,-,-,-,-,-,-,-,-,-,-,-,-,-,-,-,-,-,-,-,30.28,3.94,-,-
鑫龙家园莲花六号小区位置点,"ZDBZD-JS-2025-002255	","JFZDPT-JS-20250210-06441	",2021-02-01,2021-02-28,"1535669055	","3205104476759	",1.000000,100,100.000000,1338.900000,1411.050000,72.15,72.15,0.6323,72.15,-,-,-,-,-,-,-,-,-,-,-,-,-,-,-,-,-,-,-,-,-,-,40.37,5.25,-,-
鑫龙家园莲花六号小区位置点,"ZDBZD-JS-2025-002255	","JFZDPT-JS-20250210-06441	",2021-02-01,2021-02-28,"1535960714	","3205104476763	",1.000000,100,100.000000,2123.520000,2258.760000,135.24,135.24,0.6325,135.24,-,-,-,-,-,-,-,-,-,-,-,-,-,-,-,-,-,-,-,-,-,-,75.7,9.84,-,-
鑫龙家园莲花六号小区位置点,"ZDBZD-JS-2025-002255	","JFZDPT-JS-20250210-06441	",2021-02-01,2021-02-28,"1543218796	","3205104476766	",1.000000,100,100.000000,1025.710000,1091.320000,65.61,65.61,0.6374,65.61,-,-,-,-,-,-,-,-,-,-,-,-,-,-,-,-,-,-,-,-,-,-,37.01,4.81,-,-
鑫龙家园莲花六号小区位置点,"ZDBZD-JS-2025-002255	","JFZDPT-JS-20250210-06441	",2021-02-01,2021-02-28,"1539721710	","3205104476768	",1.000000,100,100.000000,1004.080000,1067.160000,63.08,63.08,0.6328,63.08,-,-,-,-,-,-,-,-,-,-,-,-,-,-,-,-,-,-,-,-,-,-,35.33,4.59,-,-
鑫龙家园莲花六号小区位置点,"ZDBZD-JS-2025-002255	","JFZDPT-JS-20250210-06441	",2021-02-01,2021-02-28,"1534340339	","3205104476772	",1.000000,100,100.000000,710.560000,753.220000,42.66,42.66,0.6388,42.66,-,-,-,-,-,-,-,-,-,-,-,-,-,-,-,-,-,-,-,-,-,-,24.12,3.13,-,-
鑫龙家园莲花六号小区位置点,"ZDBZD-JS-2025-002255	","JFZDPT-JS-20250210-06441	",2021-02-01,2021-02-28,"1542222948	","3205104476774	",1.000000,100,100.000000,944.930000,996.640000,51.71,51.71,0.6372,51.71,-,-,-,-,-,-,-,-,-,-,-,-,-,-,-,-,-,-,-,-,-,-,29.16,3.79,-,-
鑫龙家园莲花六号小区位置点,"ZDBZD-JS-2025-002255	","JFZDPT-JS-20250210-06441	",2021-02-01,2021-02-28,"1536674431	","3205104477226	",1.000000,100,100.000000,1148.330000,1217.890000,69.56,69.56,0.6377,69.56,-,-,-,-,-,-,-,-,-,-,-,-,-,-,-,-,-,-,-,-,-,-,39.26,5.1,-,-
鑫龙家园莲花六号小区位置点,"ZDBZD-JS-2025-002255	","JFZDPT-JS-20250210-06441	",2021-02-01,2021-02-28,"1536129515	","3205104477228	",1.000000,100,100.000000,992.820000,1056.420000,63.6,63.6,0.6377,63.6,-,-,-,-,-,-,-,-,-,-,-,-,-,-,-,-,-,-,-,-,-,-,35.89,4.67,-,-
鑫龙家园莲花六号小区位置点,"ZDBZD-JS-2025-002255	","JFZDPT-JS-20250210-06441	",2021-02-01,2021-02-28,"1539373623	","3205104477230	",1.000000,100,100.000000,966.060000,1018.630000,52.57,52.57,0.639,52.57,-,-,-,-,-,-,-,-,-,-,-,-,-,-,-,-,-,-,-,-,-,-,29.73,3.86,-,-
鑫龙家园莲花六号小区位置点,"ZDBZD-JS-2025-002255	","JFZDPT-JS-20250210-06441	",2021-02-01,2021-02-28,"1543105444	","3205104477232	",1.000000,100,100.000000,1005.200000,1069.810000,64.61,64.61,0.6375,64.61,-,-,-,-,-,-,-,-,-,-,-,-,-,-,-,-,-,-,-,-,-,-,36.45,4.74,-,-
鑫龙家园莲花六号小区位置点,"ZDBZD-JS-2025-002255	","JFZDPT-JS-20250210-06441	",2021-02-01,2021-02-28,"1544951755	","3205104477235	",1.000000,100,100.000000,992.290000,1056.380000,64.09,64.09,0.6329,64.09,-,-,-,-,-,-,-,-,-,-,-,-,-,-,-,-,-,-,-,-,-,-,35.89,4.67,-,-
鑫龙家园莲花六号小区位置点,"ZDBZD-JS-2025-002255	","JFZDPT-JS-20250210-06441	",2021-02-01,2021-02-28,"1544684094	","3205104477238	",1.000000,100,100.000000,985.660000,1048.930000,63.27,63.27,0.6309,63.27,-,-,-,-,-,-,-,-,-,-,-,-,-,-,-,-,-,-,-,-,-,-,35.33,4.59,-,-
鑫龙家园莲花六号小区位置点,"ZDBZD-JS-2025-002255	","JFZDPT-JS-20250210-06441	",2021-02-01,2021-02-28,"1539602549	","3205104477339	",1.000000,100,100.000000,1034.330000,1100.460000,66.13,66.13,0.6324,66.13,-,-,-,-,-,-,-,-,-,-,-,-,-,-,-,-,-,-,-,-,-,-,37.01,4.81,-,-
鑫龙家园莲花六号小区位置点,"ZDBZD-JS-2025-002255	","JFZDPT-JS-20250210-06441	",2021-02-01,2021-02-28,"1546160843	","3205104477340	",1.000000,100,100.000000,1023.690000,1088.540000,64.85,64.85,0.6352,64.85,-,-,-,-,-,-,-,-,-,-,-,-,-,-,-,-,-,-,-,-,-,-,36.45,4.74,-,-
鑫龙家园莲花六号小区位置点,"ZDBZD-JS-2025-002255	","JFZDPT-JS-20250210-06441	",2021-02-01,2021-02-28,"1546168926	","3205104477341	",1.000000,100,100.000000,1171.220000,1246.360000,75.14,75.14,0.6326,75.14,-,-,-,-,-,-,-,-,-,-,-,-,-,-,-,-,-,-,-,-,-,-,42.06,5.47,-,-
鑫龙家园莲花六号小区位置点,"ZDBZD-JS-2025-002255	","JFZDPT-JS-20250210-06441	",2021-02-01,2021-02-28,"1542466276	","3205104477344	",1.000000,100,100.000000,712.680000,753.580000,40.9,40.9,0.6352,40.9,-,-,-,-,-,-,-,-,-,-,-,-,-,-,-,-,-,-,-,-,-,-,22.99,2.99,-,-
鑫龙家园莲花六号小区位置点,"ZDBZD-JS-2025-002255	","JFZDPT-JS-20250210-06441	",2021-02-01,2021-02-28,"1536129516	","3205104477350	",1.000000,100,100.000000,1147.240000,1215.020000,67.78,67.78,0.6357,67.78,-,-,-,-,-,-,-,-,-,-,-,-,-,-,-,-,-,-,-,-,-,-,38.13,4.96,-,-
鑫龙家园莲花六号小区位置点,"ZDBZD-JS-2025-002255	","JFZDPT-JS-20250210-06561	",2021-04-01,2021-04-30,"1534337708	","3205104313087	",1.000000,100,100.000000,1510.580000,1557.100000,46.52,46.52,0.6402,46.52,-,-,-,-,-,-,-,-,-,-,-,-,-,-,-,-,-,-,-,-,-,-,26.35,3.43,-,-
鑫龙家园莲花六号小区位置点,"ZDBZD-JS-2025-002255	","JFZDPT-JS-20250210-06561	",2021-04-01,2021-04-30,"1534339435	","3205104313426	",1.000000,100,100.000000,1045.210000,1077.300000,32.09,32.09,0.6317,32.09,-,-,-,-,-,-,-,-,-,-,-,-,-,-,-,-,-,-,-,-,-,-,17.94,2.33,-,-
鑫龙家园莲花六号小区位置点,"ZDBZD-JS-2025-002255	","JFZDPT-JS-20250210-06561	",2021-04-01,2021-04-30,"1534349171	","3205104313433	",1.000000,100,100.000000,1037.120000,1068.860000,31.74,31.74,0.6386,31.74,-,-,-,-,-,-,-,-,-,-,-,-,-,-,-,-,-,-,-,-,-,-,17.94,2.33,-,-
鑫龙家园莲花六号小区位置点,"ZDBZD-JS-2025-002255	","JFZDPT-JS-20250210-06561	",2021-04-01,2021-04-30,"1554157659	","3205104313437	",1.000000,100,100.000000,1049.620000,1081.630000,32.01,32.01,0.6332,32.01,-,-,-,-,-,-,-,-,-,-,-,-,-,-,-,-,-,-,-,-,-,-,17.94,2.33,-,-
鑫龙家园莲花六号小区位置点,"ZDBZD-JS-2025-002255	","JFZDPT-JS-20250210-06561	",2021-04-01,2021-04-30,"1534339430	","3205104313446	",1.000000,100,100.000000,963.150000,995.140000,31.99,31.99,0.6336,31.99,-,-,-,-,-,-,-,-,-,-,-,-,-,-,-,-,-,-,-,-,-,-,17.94,2.33,-,-
鑫龙家园莲花六号小区位置点,"ZDBZD-JS-2025-002255	","JFZDPT-JS-20250210-06561	",2021-04-01,2021-04-30,"1534337522	","3205104313451	",1.000000,100,100.000000,1116.520000,1149.350000,32.83,32.83,0.6369,32.83,-,-,-,-,-,-,-,-,-,-,-,-,-,-,-,-,-,-,-,-,-,-,18.5,2.41,-,-
鑫龙家园莲花六号小区位置点,"ZDBZD-JS-2025-002255	","JFZDPT-JS-20250210-06561	",2021-04-01,2021-04-30,"1528107567	","3205104315707	",1.000000,100,100.000000,1487.780000,1532.960000,45.18,45.18,0.6313,45.18,-,-,-,-,-,-,-,-,-,-,-,-,-,-,-,-,-,-,-,-,-,-,25.24,3.28,-,-
鑫龙家园莲花六号小区位置点,"ZDBZD-JS-2025-002255	","JFZDPT-JS-20250210-06561	",2021-04-01,2021-04-30,"1556867474	","3205104315719	",1.000000,100,100.000000,1101.220000,1133.240000,32.02,32.02,0.633,32.02,-,-,-,-,-,-,-,-,-,-,-,-,-,-,-,-,-,-,-,-,-,-,17.94,2.33,-,-
鑫龙家园莲花六号小区位置点,"ZDBZD-JS-2025-002255	","JFZDPT-JS-20250210-06561	",2021-04-01,2021-04-30,"1528102930	","3205104315726	",1.000000,100,100.000000,1064.600000,1097.420000,32.82,32.82,0.6371,32.82,-,-,-,-,-,-,-,-,-,-,-,-,-,-,-,-,-,-,-,-,-,-,18.5,2.41,-,-
鑫龙家园莲花六号小区位置点,"ZDBZD-JS-2025-002255	","JFZDPT-JS-20250210-06561	",2021-04-01,2021-04-30,"1559570474	","3205104353226	",1.000000,100,100.000000,3387.860000,3550.730000,162.87,162.87,0.6342,162.87,-,-,-,-,-,-,-,-,-,-,-,-,-,-,-,-,-,-,-,-,-,-,91.41,11.88,-,-
鑫龙家园莲花六号小区位置点,"ZDBZD-JS-2025-002255	","JFZDPT-JS-20250210-06561	",2021-04-01,2021-04-30,"1547726877	","3205104472953	",1.000000,100,100.000000,1058.470000,1114.900000,56.43,56.43,0.6289,56.43,-,-,-,-,-,-,-,-,-,-,-,-,-,-,-,-,-,-,-,-,-,-,31.41,4.08,-,-
鑫龙家园莲花六号小区位置点,"ZDBZD-JS-2025-002255	","JFZDPT-JS-20250210-06561	",2021-04-01,2021-04-30,"1547633945	","3205104472957	",1.000000,100,100.000000,1456.420000,1529.150000,72.73,72.73,0.6361,72.73,-,-,-,-,-,-,-,-,-,-,-,-,-,-,-,-,-,-,-,-,-,-,40.94,5.32,-,-
鑫龙家园莲花六号小区位置点,"ZDBZD-JS-2025-002255	","JFZDPT-JS-20250210-06561	",2021-04-01,2021-04-30,"1547633944	","3205104472959	",1.000000,100,100.000000,1049.690000,1105.440000,55.75,55.75,0.6366,55.75,-,-,-,-,-,-,-,-,-,-,-,-,-,-,-,-,-,-,-,-,-,-,31.41,4.08,-,-
鑫龙家园莲花六号小区位置点,"ZDBZD-JS-2025-002255	","JFZDPT-JS-20250210-06561	",2021-04-01,2021-04-30,"1547633946	","3205104472963	",1.000000,100,100.000000,913.580000,966.560000,52.98,52.98,0.634,52.98,-,-,-,-,-,-,-,-,-,-,-,-,-,-,-,-,-,-,-,-,-,-,29.73,3.86,-,-
鑫龙家园莲花六号小区位置点,"ZDBZD-JS-2025-002255	","JFZDPT-JS-20250210-06561	",2021-04-01,2021-04-30,"1547634578	","3205104472970	",1.000000,100,100.000000,966.670000,1017.990000,51.32,51.32,0.6298,51.32,-,-,-,-,-,-,-,-,-,-,-,-,-,-,-,-,-,-,-,-,-,-,28.6,3.72,-,-
鑫龙家园莲花六号小区位置点,"ZDBZD-JS-2025-002255	","JFZDPT-JS-20250210-06561	",2021-04-01,2021-04-30,"1547728488	","3205104474427	",1.000000,100,100.000000,1050.610000,1106.770000,56.16,56.16,0.6319,56.16,-,-,-,-,-,-,-,-,-,-,-,-,-,-,-,-,-,-,-,-,-,-,31.41,4.08,-,-
鑫龙家园莲花六号小区位置点,"ZDBZD-JS-2025-002255	","JFZDPT-JS-20250210-06561	",2021-04-01,2021-04-30,"1547719754	","3205104474457	",1.000000,100,100.000000,2772.200000,2927.560000,155.36,155.36,0.6322,155.36,-,-,-,-,-,-,-,-,-,-,-,-,-,-,-,-,-,-,-,-,-,-,86.92,11.3,-,-
鑫龙家园莲花六号小区位置点,"ZDBZD-JS-2025-002255	","JFZDPT-JS-20250210-06561	",2021-04-01,2021-04-30,"1547728484	","3205104474463	",1.000000,100,100.000000,1059.240000,1114.660000,55.42,55.42,0.6288,55.42,-,-,-,-,-,-,-,-,-,-,-,-,-,-,-,-,-,-,-,-,-,-,30.84,4.01,-,-
鑫龙家园莲花六号小区位置点,"ZDBZD-JS-2025-002255	","JFZDPT-JS-20250210-06561	",2021-04-01,2021-04-30,"1547719759	","3205104474467	",1.000000,100,100.000000,1142.760000,1211.070000,68.31,68.31,0.6308,68.31,-,-,-,-,-,-,-,-,-,-,-,-,-,-,-,-,-,-,-,-,-,-,38.13,4.96,-,-
鑫龙家园莲花六号小区位置点,"ZDBZD-JS-2025-002255	","JFZDPT-JS-20250210-06561	",2021-04-01,2021-04-30,"1534271368	","3205104476753	",1.000000,100,100.000000,1008.470000,1063.340000,54.87,54.87,0.6351,54.87,-,-,-,-,-,-,-,-,-,-,-,-,-,-,-,-,-,-,-,-,-,-,30.84,4.01,-,-
鑫龙家园莲花六号小区位置点,"ZDBZD-JS-2025-002255	","JFZDPT-JS-20250210-06561	",2021-04-01,2021-04-30,"1542462053	","3205104476756	",1.000000,100,100.000000,1044.930000,1098.980000,54.05,54.05,0.6331,54.05,-,-,-,-,-,-,-,-,-,-,-,-,-,-,-,-,-,-,-,-,-,-,30.28,3.94,-,-
鑫龙家园莲花六号小区位置点,"ZDBZD-JS-2025-002255	","JFZDPT-JS-20250210-06561	",2021-04-01,2021-04-30,"1534365028	","3205104476757	",1.000000,100,100.000000,1027.320000,1085.830000,58.51,58.51,0.639,58.51,-,-,-,-,-,-,-,-,-,-,-,-,-,-,-,-,-,-,-,-,-,-,33.09,4.3,-,-
鑫龙家园莲花六号小区位置点,"ZDBZD-JS-2025-002255	","JFZDPT-JS-20250210-06561	",2021-04-01,2021-04-30,"1535669055	","3205104476759	",1.000000,100,100.000000,1491.100000,1568.830000,77.73,77.73,0.6359,77.73,-,-,-,-,-,-,-,-,-,-,-,-,-,-,-,-,-,-,-,-,-,-,43.74,5.69,-,-
鑫龙家园莲花六号小区位置点,"ZDBZD-JS-2025-002255	","JFZDPT-JS-20250210-06561	",2021-04-01,2021-04-30,"1535960714	","3205104476763	",1.000000,100,100.000000,2406.010000,2548.410000,142.4,142.4,0.6319,142.4,-,-,-,-,-,-,-,-,-,-,-,-,-,-,-,-,-,-,-,-,-,-,79.63,10.35,-,-
鑫龙家园莲花六号小区位置点,"ZDBZD-JS-2025-002255	","JFZDPT-JS-20250210-06561	",2021-04-01,2021-04-30,"1543218796	","3205104476766	",1.000000,100,100.000000,1163.780000,1233.870000,70.09,70.09,0.6329,70.09,-,-,-,-,-,-,-,-,-,-,-,-,-,-,-,-,-,-,-,-,-,-,39.26,5.1,-,-
鑫龙家园莲花六号小区位置点,"ZDBZD-JS-2025-002255	","JFZDPT-JS-20250210-06561	",2021-04-01,2021-04-30,"1539721710	","3205104476768	",1.000000,100,100.000000,1136.880000,1204.380000,67.5,67.5,0.6384,67.5,-,-,-,-,-,-,-,-,-,-,-,-,-,-,-,-,-,-,-,-,-,-,38.13,4.96,-,-
鑫龙家园莲花六号小区位置点,"ZDBZD-JS-2025-002255	","JFZDPT-JS-20250210-06561	",2021-04-01,2021-04-30,"1534340339	","3205104476772	",1.000000,100,100.000000,800.390000,846.080000,45.69,45.69,0.6378,45.69,-,-,-,-,-,-,-,-,-,-,-,-,-,-,-,-,-,-,-,-,-,-,25.79,3.35,-,-
鑫龙家园莲花六号小区位置点,"ZDBZD-JS-2025-002255	","JFZDPT-JS-20250210-06561	",2021-04-01,2021-04-30,"1542222948	","3205104476774	",1.000000,100,100.000000,1054.020000,1110.850000,56.83,56.83,0.6354,56.83,-,-,-,-,-,-,-,-,-,-,-,-,-,-,-,-,-,-,-,-,-,-,31.96,4.15,-,-
鑫龙家园莲花六号小区位置点,"ZDBZD-JS-2025-002255	","JFZDPT-JS-20250210-06561	",2021-04-01,2021-04-30,"1536674431	","3205104477226	",1.000000,100,100.000000,1294.800000,1369.360000,74.56,74.56,0.6375,74.56,-,-,-,-,-,-,-,-,-,-,-,-,-,-,-,-,-,-,-,-,-,-,42.06,5.47,-,-
鑫龙家园莲花六号小区位置点,"ZDBZD-JS-2025-002255	","JFZDPT-JS-20250210-06561	",2021-04-01,2021-04-30,"1536129515	","3205104477228	",1.000000,100,100.000000,1126.880000,1195.170000,68.29,68.29,0.631,68.29,-,-,-,-,-,-,-,-,-,-,-,-,-,-,-,-,-,-,-,-,-,-,38.13,4.96,-,-
鑫龙家园莲花六号小区位置点,"ZDBZD-JS-2025-002255	","JFZDPT-JS-20250210-06561	",2021-04-01,2021-04-30,"1539373623	","3205104477230	",1.000000,100,100.000000,1076.910000,1133.450000,56.54,56.54,0.6387,56.54,-,-,-,-,-,-,-,-,-,-,-,-,-,-,-,-,-,-,-,-,-,-,31.96,4.15,-,-
鑫龙家园莲花六号小区位置点,"ZDBZD-JS-2025-002255	","JFZDPT-JS-20250210-06561	",2021-04-01,2021-04-30,"1543105444	","3205104477232	",1.000000,100,100.000000,1141.360000,1210.600000,69.24,69.24,0.6314,69.24,-,-,-,-,-,-,-,-,-,-,-,-,-,-,-,-,-,-,-,-,-,-,38.69,5.03,-,-
鑫龙家园莲花六号小区位置点,"ZDBZD-JS-2025-002255	","JFZDPT-JS-20250210-06561	",2021-04-01,2021-04-30,"1544951755	","3205104477235	",1.000000,100,100.000000,1127.350000,1196.030000,68.68,68.68,0.6366,68.68,-,-,-,-,-,-,-,-,-,-,-,-,-,-,-,-,-,-,-,-,-,-,38.69,5.03,-,-
鑫龙家园莲花六号小区位置点,"ZDBZD-JS-2025-002255	","JFZDPT-JS-20250210-06561	",2021-04-01,2021-04-30,"1544684094	","3205104477238	",1.000000,100,100.000000,1118.970000,1186.880000,67.91,67.91,0.6345,67.91,-,-,-,-,-,-,-,-,-,-,-,-,-,-,-,-,-,-,-,-,-,-,38.13,4.96,-,-
鑫龙家园莲花六号小区位置点,"ZDBZD-JS-2025-002255	","JFZDPT-JS-20250210-06561	",2021-04-01,2021-04-30,"1539602549	","3205104477339	",1.000000,100,100.000000,1173.640000,1244.600000,70.96,70.96,0.634,70.96,-,-,-,-,-,-,-,-,-,-,-,-,-,-,-,-,-,-,-,-,-,-,39.81,5.18,-,-
鑫龙家园莲花六号小区位置点,"ZDBZD-JS-2025-002255	","JFZDPT-JS-20250210-06561	",2021-04-01,2021-04-30,"1546160843	","3205104477340	",1.000000,100,100.000000,1160.240000,1229.680000,69.44,69.44,0.6296,69.44,-,-,-,-,-,-,-,-,-,-,-,-,-,-,-,-,-,-,-,-,-,-,38.69,5.03,-,-
鑫龙家园莲花六号小区位置点,"ZDBZD-JS-2025-002255	","JFZDPT-JS-20250210-06561	",2021-04-01,2021-04-30,"1546168926	","3205104477341	",1.000000,100,100.000000,1329.470000,1410.330000,80.86,80.86,0.6348,80.86,-,-,-,-,-,-,-,-,-,-,-,-,-,-,-,-,-,-,-,-,-,-,45.42,5.91,-,-
鑫龙家园莲花六号小区位置点,"ZDBZD-JS-2025-002255	","JFZDPT-JS-20250210-06561	",2021-04-01,2021-04-30,"1542466276	","3205104477344	",1.000000,100,100.000000,798.770000,849.030000,50.26,50.26,0.6303,50.26,-,-,-,-,-,-,-,-,-,-,-,-,-,-,-,-,-,-,-,-,-,-,28.04,3.64,-,-
鑫龙家园莲花六号小区位置点,"ZDBZD-JS-2025-002255	","JFZDPT-JS-20250210-06561	",2021-04-01,2021-04-30,"1536129516	","3205104477350	",1.000000,100,100.000000,1317.410000,1420.940000,103.53,103.53,0.6366,103.53,-,-,-,-,-,-,-,-,-,-,-,-,-,-,-,-,-,-,-,-,-,-,58.33,7.58,-,-
鑫龙家园莲花六号小区位置点,"ZDBZD-JS-2025-002255	","JFZDPT-JS-20250521-01659	",2025-01-01,2025-01-31,"1534337708	","3205104313087	",1.000000,100,100.000000,3597.690000,3644.380000,46.69,46.69,0.7646,46.69,-,-,-,-,-,-,-,-,-,-,-,-,-,-,-,-,-,-,-,-,-,-,31.592189,4.106985,-,-
鑫龙家园莲花六号小区位置点,"ZDBZD-JS-2025-002255	","JFZDPT-JS-20250521-01659	",2025-01-01,2025-01-31,"1534339435	","3205104313426	",1.000000,100,100.000000,2629.020000,2661.300000,32.28,32.28,0.7531,32.28,-,-,-,-,-,-,-,-,-,-,-,-,-,-,-,-,-,-,-,-,-,-,21.513335,2.796733,-,-
鑫龙家园莲花六号小区位置点,"ZDBZD-JS-2025-002255	","JFZDPT-JS-20250521-01659	",2025-01-01,2025-01-31,"1534349171	","3205104313433	",1.000000,100,100.000000,2494.380000,2526.860000,32.48,32.48,0.7485,32.48,-,-,-,-,-,-,-,-,-,-,-,-,-,-,-,-,-,-,-,-,-,-,21.514407,2.796873,-,-
鑫龙家园莲花六号小区位置点,"ZDBZD-JS-2025-002255	","JFZDPT-JS-20250521-01659	",2025-01-01,2025-01-31,"1554157659	","3205104313437	",1.000000,100,100.000000,72.020000,103.950000,31.93,31.93,0.7614,31.93,-,-,-,-,-,-,-,-,-,-,-,-,-,-,-,-,-,-,-,-,-,-,21.514604,2.796898,-,-
鑫龙家园莲花六号小区位置点,"ZDBZD-JS-2025-002255	","JFZDPT-JS-20250521-01659	",2025-01-01,2025-01-31,"1534339430	","3205104313446	",1.000000,100,100.000000,2431.320000,2463.830000,32.51,32.51,0.7711,32.51,-,-,-,-,-,-,-,-,-,-,-,-,-,-,-,-,-,-,-,-,-,-,22.184479,2.883982,-,-
鑫龙家园莲花六号小区位置点,"ZDBZD-JS-2025-002255	","JFZDPT-JS-20250521-01659	",2025-01-01,2025-01-31,"1534337522	","3205104313451	",1.000000,100,100.000000,2640.540000,2673.990000,33.45,33.45,0.7495,33.45,-,-,-,-,-,-,-,-,-,-,-,-,-,-,-,-,-,-,-,-,-,-,22.186527,2.884248,-,-
鑫龙家园莲花六号小区位置点,"ZDBZD-JS-2025-002255	","JFZDPT-JS-20250521-01659	",2025-01-01,2025-01-31,"1528107567	","3205104315707	",1.000000,100,100.000000,3513.070000,3558.890000,45.82,45.82,0.7625,45.82,-,-,-,-,-,-,-,-,-,-,-,-,-,-,-,-,-,-,-,-,-,-,30.918363,4.019387,-,-
鑫龙家园莲花六号小区位置点,"ZDBZD-JS-2025-002255	","JFZDPT-JS-20250521-01659	",2025-01-01,2025-01-31,"1556867474	","3205104315719	",1.000000,100,100.000000,955.910000,989.420000,33.51,33.51,0.7708,33.51,-,-,-,-,-,-,-,-,-,-,-,-,-,-,-,-,-,-,-,-,-,-,22.857972,2.971536,-,-
鑫龙家园莲花六号小区位置点,"ZDBZD-JS-2025-002255	","JFZDPT-JS-20250521-01659	",2025-01-01,2025-01-31,"1528102930	","3205104315726	",1.000000,100,100.000000,2536.680000,2568.850000,32.17,32.17,0.7557,32.17,-,-,-,-,-,-,-,-,-,-,-,-,-,-,-,-,-,-,-,-,-,-,21.514043,2.796826,-,-
鑫龙家园莲花六号小区位置点,"ZDBZD-JS-2025-002255	","JFZDPT-JS-20250521-01659	",2025-01-01,2025-01-31,"1559570474	","3205104353226	",1.000000,100,100.000000,3845.390000,3985.590000,140.2,140.2,0.7586,140.2,-,-,-,-,-,-,-,-,-,-,-,-,-,-,-,-,-,-,-,-,-,-,94.120106,12.235614,-,-
鑫龙家园莲花六号小区位置点,"ZDBZD-JS-2025-002255	","JFZDPT-JS-20250521-01659	",2025-01-01,2025-01-31,"1547726877	","3205104472953	",1.000000,100,100.000000,4249.960000,4322.440000,72.48,72.48,0.7546,72.48,-,-,-,-,-,-,-,-,-,-,-,-,-,-,-,-,-,-,-,-,-,-,48.401246,6.292162,-,-
鑫龙家园莲花六号小区位置点,"ZDBZD-JS-2025-002255	","JFZDPT-JS-20250521-01659	",2025-01-01,2025-01-31,"1547633945	","3205104472957	",1.000000,100,100.000000,5273.950000,5372.460000,98.51,98.51,0.7634,98.51,-,-,-,-,-,-,-,-,-,-,-,-,-,-,-,-,-,-,-,-,-,-,66.550915,8.651619,-,-
鑫龙家园莲花六号小区位置点,"ZDBZD-JS-2025-002255	","JFZDPT-JS-20250521-01659	",2025-01-01,2025-01-31,"1547633944	","3205104472959	",1.000000,100,100.000000,4160.980000,4231.300000,70.32,70.32,0.7561,70.32,-,-,-,-,-,-,-,-,-,-,-,-,-,-,-,-,-,-,-,-,-,-,47.05217,6.116782,-,-
鑫龙家园莲花六号小区位置点,"ZDBZD-JS-2025-002255	","JFZDPT-JS-20250521-01659	",2025-01-01,2025-01-31,"1547633946	","3205104472963	",1.000000,100,100.000000,4041.330000,4114.760000,73.43,73.43,0.7551,73.43,-,-,-,-,-,-,-,-,-,-,-,-,-,-,-,-,-,-,-,-,-,-,49.068135,6.378858,-,-
鑫龙家园莲花六号小区位置点,"ZDBZD-JS-2025-002255	","JFZDPT-JS-20250521-01659	",2025-01-01,2025-01-31,"1547634578	","3205104472970	",1.000000,100,100.000000,3269.960000,3314.840000,44.88,44.88,0.7616,44.88,-,-,-,-,-,-,-,-,-,-,-,-,-,-,-,-,-,-,-,-,-,-,30.248326,3.932282,-,-
鑫龙家园莲花六号小区位置点,"ZDBZD-JS-2025-002255	","JFZDPT-JS-20250521-01659	",2025-01-01,2025-01-31,"1547728488	","3205104474427	",1.000000,100,100.000000,4204.610000,4276.340000,71.73,71.73,0.7624,71.73,-,-,-,-,-,-,-,-,-,-,-,-,-,-,-,-,-,-,-,-,-,-,48.395533,6.291419,-,-
鑫龙家园莲花六号小区位置点,"ZDBZD-JS-2025-002255	","JFZDPT-JS-20250521-01659	",2025-01-01,2025-01-31,"1547719754	","3205104474457	",1.000000,100,100.000000,10227.620000,10400.550000,172.93,172.93,0.7599,172.93,-,-,-,-,-,-,-,-,-,-,-,-,-,-,-,-,-,-,-,-,-,-,116.291599,15.117908,-,-
鑫龙家园莲花六号小区位置点,"ZDBZD-JS-2025-002255	","JFZDPT-JS-20250521-01659	",2025-01-01,2025-01-31,"1547728484	","3205104474463	",1.000000,100,100.000000,3527.570000,3598.240000,70.67,70.67,0.7631,70.67,-,-,-,-,-,-,-,-,-,-,-,-,-,-,-,-,-,-,-,-,-,-,47.724139,6.204138,-,-
鑫龙家园莲花六号小区位置点,"ZDBZD-JS-2025-002255	","JFZDPT-JS-20250521-01659	",2025-01-01,2025-01-31,"1547719759	","3205104474467	",1.000000,100,100.000000,4088.370000,4162.570000,74.2,74.2,0.7575,74.2,-,-,-,-,-,-,-,-,-,-,-,-,-,-,-,-,-,-,-,-,-,-,49.740265,6.466235,-,-
鑫龙家园莲花六号小区位置点,"ZDBZD-JS-2025-002255	","JFZDPT-JS-20250521-01659	",2025-01-01,2025-01-31,"1534271368	","3205104476753	",1.000000,100,100.000000,2890.970000,2890.970000,0,0,0.759,0,-,-,-,-,-,-,-,-,-,-,-,-,-,-,-,-,-,-,-,-,-,-,0,0,-,-
鑫龙家园莲花六号小区位置点,"ZDBZD-JS-2025-002255	","JFZDPT-JS-20250521-01659	",2025-01-01,2025-01-31,"1542462053	","3205104476756	",1.000000,100,100.000000,3509.740000,3565.480000,55.74,55.74,0.7632,55.74,-,-,-,-,-,-,-,-,-,-,-,-,-,-,-,-,-,-,-,-,-,-,37.646697,4.894071,-,-
鑫龙家园莲花六号小区位置点,"ZDBZD-JS-2025-002255	","JFZDPT-JS-20250521-01659	",2025-01-01,2025-01-31,"1534365028	","3205104476757	",1.000000,100,100.000000,4006.840000,4067.080000,60.24,60.24,0.7566,60.24,-,-,-,-,-,-,-,-,-,-,-,-,-,-,-,-,-,-,-,-,-,-,40.334145,5.243439,-,-
鑫龙家园莲花六号小区位置点,"ZDBZD-JS-2025-002255	","JFZDPT-JS-20250521-01659	",2025-01-01,2025-01-31,"1535669055	","3205104476759	",1.000000,100,100.000000,4851.720000,4854.560000,2.84,2.84,0.8028,2.84,-,-,-,-,-,-,-,-,-,-,-,-,-,-,-,-,-,-,-,-,-,-,2.017657,0.262295,-,-
鑫龙家园莲花六号小区位置点,"ZDBZD-JS-2025-002255	","JFZDPT-JS-20250521-01659	",2025-01-01,2025-01-31,"1535960714	","3205104476763	",1.000000,100,100.000000,8790.990000,8925.100000,134.11,134.11,0.759,134.11,-,-,-,-,-,-,-,-,-,-,-,-,-,-,-,-,-,-,-,-,-,-,90.079195,11.710295,-,-
鑫龙家园莲花六号小区位置点,"ZDBZD-JS-2025-002255	","JFZDPT-JS-20250521-01659	",2025-01-01,2025-01-31,"1543218796	","3205104476766	",1.000000,100,100.000000,4369.840000,4441.970000,72.13,72.13,0.7582,72.13,-,-,-,-,-,-,-,-,-,-,-,-,-,-,-,-,-,-,-,-,-,-,48.397315,6.291651,-,-
鑫龙家园莲花六号小区位置点,"ZDBZD-JS-2025-002255	","JFZDPT-JS-20250521-01659	",2025-01-01,2025-01-31,"1539721710	","3205104476768	",1.000000,100,100.000000,4227.840000,4297.220000,69.38,69.38,0.7554,69.38,-,-,-,-,-,-,-,-,-,-,-,-,-,-,-,-,-,-,-,-,-,-,46.380223,6.029429,-,-
鑫龙家园莲花六号小区位置点,"ZDBZD-JS-2025-002255	","JFZDPT-JS-20250521-01659	",2025-01-01,2025-01-31,"1534340339	","3205104476772	",1.000000,100,100.000000,3410.990000,3482.260000,71.27,71.27,0.7567,71.27,-,-,-,-,-,-,-,-,-,-,-,-,-,-,-,-,-,-,-,-,-,-,47.725672,6.204337,-,-
鑫龙家园莲花六号小区位置点,"ZDBZD-JS-2025-002255	","JFZDPT-JS-20250521-01659	",2025-01-01,2025-01-31,"1542222948	","3205104476774	",1.000000,100,100.000000,3898.060000,3956.080000,58.02,58.02,0.7594,58.02,-,-,-,-,-,-,-,-,-,-,-,-,-,-,-,-,-,-,-,-,-,-,38.991494,5.068894,-,-
鑫龙家园莲花六号小区位置点,"ZDBZD-JS-2025-002255	","JFZDPT-JS-20250521-01659	",2025-01-01,2025-01-31,"1536674431	","3205104477226	",1.000000,100,100.000000,5051.800000,5150.320000,98.52,98.52,0.7633,98.52,-,-,-,-,-,-,-,-,-,-,-,-,-,-,-,-,-,-,-,-,-,-,66.548952,8.651364,-,-
鑫龙家园莲花六号小区位置点,"ZDBZD-JS-2025-002255	","JFZDPT-JS-20250521-01659	",2025-01-01,2025-01-31,"1536129515	","3205104477228	",1.000000,100,100.000000,4277.520000,4349.140000,71.62,71.62,0.7636,71.62,-,-,-,-,-,-,-,-,-,-,-,-,-,-,-,-,-,-,-,-,-,-,48.397373,6.291659,-,-
鑫龙家园莲花六号小区位置点,"ZDBZD-JS-2025-002255	","JFZDPT-JS-20250521-01659	",2025-01-01,2025-01-31,"1539373623	","3205104477230	",1.000000,100,100.000000,3998.910000,4072.010000,73.1,73.1,0.7585,73.1,-,-,-,-,-,-,-,-,-,-,-,-,-,-,-,-,-,-,-,-,-,-,49.067566,6.378784,-,-
鑫龙家园莲花六号小区位置点,"ZDBZD-JS-2025-002255	","JFZDPT-JS-20250521-01659	",2025-01-01,2025-01-31,"1543105444	","3205104477232	",1.000000,100,100.000000,3275.580000,3320.870000,45.29,45.29,0.7547,45.29,-,-,-,-,-,-,-,-,-,-,-,-,-,-,-,-,-,-,-,-,-,-,30.248109,3.932254,-,-
鑫龙家园莲花六号小区位置点,"ZDBZD-JS-2025-002255	","JFZDPT-JS-20250521-01659	",2025-01-01,2025-01-31,"1544951755	","3205104477235	",1.000000,100,100.000000,4298.600000,4371.000000,72.4,72.4,0.7554,72.4,-,-,-,-,-,-,-,-,-,-,-,-,-,-,-,-,-,-,-,-,-,-,48.39908,6.29188,-,-
鑫龙家园莲花六号小区位置点,"ZDBZD-JS-2025-002255	","JFZDPT-JS-20250521-01659	",2025-01-01,2025-01-31,"1544684094	","3205104477238	",1.000000,100,100.000000,3093.340000,3093.340000,0,0,0.759,0,-,-,-,-,-,-,-,-,-,-,-,-,-,-,-,-,-,-,-,-,-,-,0,0,-,-
鑫龙家园莲花六号小区位置点,"ZDBZD-JS-2025-002255	","JFZDPT-JS-20250521-01659	",2025-01-01,2025-01-31,"1539602549	","3205104477339	",1.000000,100,100.000000,3544.820000,3615.180000,70.36,70.36,0.7557,70.36,-,-,-,-,-,-,-,-,-,-,-,-,-,-,-,-,-,-,-,-,-,-,47.054028,6.117024,-,-
鑫龙家园莲花六号小区位置点,"ZDBZD-JS-2025-002255	","JFZDPT-JS-20250521-01659	",2025-01-01,2025-01-31,"1546160843	","3205104477340	",1.000000,100,100.000000,4314.950000,4386.610000,71.66,71.66,0.7632,71.66,-,-,-,-,-,-,-,-,-,-,-,-,-,-,-,-,-,-,-,-,-,-,48.399037,6.291875,-,-
鑫龙家园莲花六号小区位置点,"ZDBZD-JS-2025-002255	","JFZDPT-JS-20250521-01659	",2025-01-01,2025-01-31,"1546168926	","3205104477341	",1.000000,100,100.000000,4880.890000,4951.350000,70.46,70.46,0.7546,70.46,-,-,-,-,-,-,-,-,-,-,-,-,-,-,-,-,-,-,-,-,-,-,47.052315,6.116801,-,-
鑫龙家园莲花六号小区位置点,"ZDBZD-JS-2025-002255	","JFZDPT-JS-20250521-01659	",2025-01-01,2025-01-31,"1542466276	","3205104477344	",1.000000,100,100.000000,3833.820000,3902.180000,68.36,68.36,0.7556,68.36,-,-,-,-,-,-,-,-,-,-,-,-,-,-,-,-,-,-,-,-,-,-,45.710457,5.942359,-,-
鑫龙家园莲花六号小区位置点,"ZDBZD-JS-2025-002255	","JFZDPT-JS-20250521-01659	",2025-01-01,2025-01-31,"1536129516	","3205104477350	",1.000000,100,100.000000,5350.040000,5456.060000,106.02,106.02,0.7595,106.02,-,-,-,-,-,-,-,-,-,-,-,-,-,-,-,-,-,-,-,-,-,-,71.258575,9.263615,-,-
